Transaction ID,Customer ID,Category,Item,Price Per Unit,Quantity,Total Spent,Payment Method,Location,Transaction Date,Discount Applied
TXN_2685322,CUST_256,Butchers,Lamb,16.0,3,48.0,Cash,Online,2023-05-04,True
TXN_3979665,CUST_432,Food,Cooking Oil,8.0,2,16.0,Mobile Money,In-Store,2022-07-20,False
TXN_6124826,CUST_196,Butchers,Lamb,16.0,3,48.0,Credit Card,In-Store,2022-09-21,True
TXN_9836832,CUST_431,Beverages,Soda,2.0,3,6.0,Digital Wallet,Online,2024-06-21,
TXN_9236843,CUST_150,Stationery,Stapler,6.0,1,6.0,Credit Card,In-Store,2023-02-19,
TXN_7532195,CUST_145,Butchers,Unknown,9.0,8,72.0,Credit Card,In-Store,2024-12-03,False
TXN_3881777,CUST_069,Food,Bread,3.0,7,21.0,Digital Wallet,In-Store,2023-04-28,
TXN_1935934,CUST_170,Food,Pasta,4.5,10,45.0,Unknown,In-Store,2022-05-31,False
TXN_2901756,CUST_209,Stationery,Folder,3.0,2,6.0,Credit Card,Online,2022-11-16,False
TXN_9002619,CUST_167,Food,Pasta,4.5,4,18.0,Credit Card,In-Store,2022-05-26,
TXN_8200622,CUST_204,Butchers,Lamb,16.0,8,128.0,Digital Wallet,In-Store,2024-12-19,True
TXN_4772811,CUST_025,Butchers,Lamb,16.0,3,48.0,Mobile Money,In-Store,2023-07-23,True
TXN_7458081,CUST_188,Beverages,Juice,4.0,2,8.0,Digital Wallet,Online,2024-02-24,True
TXN_8355566,CUST_289,Patisserie,Muffin,4.5,9,40.5,Credit Card,In-Store,2022-01-19,False
TXN_7548932,CUST_041,Butchers,Beef,14.0,4,56.0,Cash,Online,2022-08-07,False
TXN_1618467,CUST_161,Stationery,Marker,2.5,9,22.5,Mobile Money,In-Store,2023-02-02,False
TXN_1959012,CUST_201,Food,Pasta,4.5,4,18.0,Credit Card,In-Store,2024-02-26,False
TXN_4211624,CUST_134,Butchers,Beef,14.0,10,140.0,Mobile Money,In-Store,2023-08-11,False
TXN_4213274,CUST_210,Patisserie,Muffin,4.5,3,13.5,Cash,Online,2024-04-10,True
TXN_4596238,CUST_070,Stationery,Stapler,6.0,4,24.0,Cash,In-Store,2022-11-09,False
TXN_9537333,CUST_208,Stationery,Pen,1.5,5,7.5,Cash,Online,2022-07-04,
TXN_8834767,CUST_146,Butchers,Pork,12.0,6,72.0,Digital Wallet,In-Store,2024-09-16,False
TXN_7939691,CUST_272,Furniture,Unknown,95.0,6,570.0,Credit Card,Online,2022-11-10,
TXN_3619222,CUST_413,Electronics,Charger,25.0,10,250.0,Credit Card,In-Store,2022-06-18,False
TXN_2808516,CUST_108,Beverages,Soda,2.0,10,20.0,Credit Card,Online,2023-01-15,
TXN_5522020,CUST_211,Patisserie,Cake,18.0,6,108.0,Cash,In-Store,2024-05-12,True
TXN_9913042,CUST_340,Furniture,Table,80.0,9,720.0,Cash,Online,2023-08-29,False
TXN_6313766,CUST_306,Butchers,Sausage,7.5,9,67.5,Credit Card,Online,2024-08-30,
TXN_4777946,CUST_445,Stationery,Marker,2.5,8,20.0,Digital Wallet,In-Store,2022-08-29,True
TXN_1709177,CUST_098,Furniture,Cabinet,95.0,7,665.0,Cash,Online,2022-05-14,True
TXN_3526386,CUST_468,Stationery,Notebook,4.0,7,28.0,Mobile Money,In-Store,2024-09-18,False
TXN_1009013,CUST_202,Butchers,Pork,12.0,8,96.0,Digital Wallet,In-Store,2023-10-11,False
TXN_7846090,CUST_221,Patisserie,Cake,18.0,2,36.0,Cash,Online,2022-10-06,False
TXN_9454357,CUST_266,Beverages,Tea,3.5,9,31.5,Mobile Money,In-Store,2024-08-30,
TXN_8631273,CUST_315,Stationery,Stapler,6.0,6,36.0,Credit Card,Online,2024-01-25,True
TXN_9050763,CUST_439,Stationery,Marker,2.5,2,5.0,Mobile Money,Online,2023-11-30,False
TXN_9752967,CUST_178,Food,Cereal,6.0,8,48.0,Mobile Money,Online,2022-04-21,
TXN_6587757,CUST_249,Patisserie,Cake,18.0,4,72.0,Credit Card,Online,2022-11-19,
TXN_9518720,CUST_283,Food,Rice,5.5,3,16.5,Digital Wallet,Online,2024-11-06,True
TXN_3306569,CUST_008,Furniture,Chair,35.0,9,315.0,Cash,In-Store,2022-11-11,True
TXN_3683525,CUST_455,Patisserie,Pie,12.0,5,60.0,Credit Card,Online,2024-10-28,False
TXN_7795438,CUST_316,Patisserie,Croissant,5.0,7,35.0,Credit Card,Unknown,2024-05-15,
TXN_2270767,CUST_258,Patisserie,Cake,18.0,3,54.0,Digital Wallet,In-Store,2022-01-21,False
TXN_7111262,CUST_332,Beverages,Coffee,2.5,6,15.0,Credit Card,Online,2022-02-21,False
TXN_2088894,CUST_155,Electronics,Headphones,22.0,5,110.0,Digital Wallet,Online,2022-04-25,True
TXN_3519128,CUST_359,Electronics,USB Cable,8.0,5,40.0,Unknown,In-Store,2023-06-07,False
TXN_1229726,CUST_137,Food,Pasta,4.5,3,13.5,Cash,In-Store,2024-05-27,False
TXN_3397258,CUST_174,Butchers,Beef,14.0,10,140.0,Credit Card,In-Store,2024-12-12,True
TXN_9848716,CUST_453,Patisserie,Doughnut,3.5,10,35.0,Credit Card,In-Store,2024-04-16,
TXN_7245866,CUST_239,Furniture,Chair,35.0,10,350.0,Credit Card,In-Store,2023-06-27,False
TXN_2601432,CUST_289,Patisserie,Doughnut,3.5,10,35.0,Mobile Money,In-Store,2024-06-10,False
TXN_4825091,CUST_393,Furniture,Shelf,55.0,8,440.0,Cash,Online,2022-05-30,False
TXN_4149139,CUST_083,Butchers,Beef,14.0,8,112.0,Cash,Online,2024-10-23,
TXN_8527467,CUST_494,Butchers,Lamb,16.0,9,144.0,Cash,Online,2022-06-25,True
TXN_6978650,CUST_296,Electronics,USB Cable,8.0,8,64.0,Cash,Online,2023-06-14,False
TXN_6051921,CUST_073,Stationery,Notebook,4.0,7,28.0,Cash,Online,2022-01-17,
TXN_7585891,CUST_314,Butchers,Chicken,9.0,9,81.0,Cash,Online,2024-07-14,True
TXN_8764461,CUST_200,Stationery,Marker,2.5,9,22.5,Digital Wallet,In-Store,2023-07-01,False
TXN_9490075,CUST_368,Butchers,Pork,12.0,2,24.0,Mobile Money,Online,2023-10-18,True
TXN_1530207,CUST_229,Furniture,Chair,35.0,8,280.0,Credit Card,Online,2024-04-09,True
TXN_6893575,CUST_437,Beverages,Juice,4.0,7,28.0,Cash,In-Store,2024-04-28,True
TXN_3466704,CUST_497,Electronics,Keyboard,35.0,6,210.0,Mobile Money,Online,2023-11-16,False
TXN_8049926,CUST_143,Butchers,Beef,14.0,10,140.0,Cash,In-Store,2024-04-07,False
TXN_9820116,CUST_449,Patisserie,Croissant,5.0,10,50.0,Digital Wallet,In-Store,2024-02-01,
TXN_7187941,CUST_121,Electronics,Keyboard,35.0,8,280.0,Credit Card,In-Store,2024-05-07,
TXN_6557821,CUST_479,Butchers,Unknown,9.0,9,81.0,Mobile Money,In-Store,2022-05-27,
TXN_3634659,CUST_477,Beverages,Soda,2.0,5,10.0,Mobile Money,Online,2022-02-17,False
TXN_1064323,CUST_275,Stationery,Pen,1.5,6,9.0,Mobile Money,In-Store,2023-06-16,False
TXN_9131322,CUST_428,Food,Rice,5.5,6,33.0,Cash,In-Store,2022-05-21,False
TXN_6997895,CUST_139,Furniture,Shelf,55.0,9,495.0,Cash,Unknown,2022-09-08,
TXN_9018205,CUST_477,Beverages,Soda,2.0,3,6.0,Credit Card,In-Store,2022-05-06,False
TXN_2688917,CUST_091,Patisserie,Croissant,5.0,2,10.0,Mobile Money,In-Store,2023-10-29,False
TXN_4901403,CUST_302,Electronics,Keyboard,35.0,7,245.0,Mobile Money,Online,2023-03-29,False
TXN_2995127,CUST_349,Butchers,Unknown,12.0,9,108.0,Digital Wallet,In-Store,2022-04-21,True
TXN_9993338,CUST_231,Furniture,Shelf,55.0,4,220.0,Cash,Online,2022-10-09,False
TXN_9445884,CUST_483,Furniture,Desk,120.0,10,1200.0,Credit Card,Online,2024-04-25,True
TXN_5719607,CUST_289,Stationery,Pen,1.5,5,7.5,Credit Card,In-Store,2022-05-26,
TXN_9193858,CUST_402,Patisserie,Doughnut,3.5,6,21.0,Digital Wallet,Online,2022-01-18,False
TXN_7049850,CUST_431,Furniture,Shelf,55.0,2,110.0,Credit Card,Online,2022-04-19,
TXN_9512558,CUST_423,Butchers,Chicken,9.0,2,18.0,Credit Card,In-Store,2022-05-04,
TXN_4341728,CUST_296,Patisserie,Muffin,4.5,7,31.5,Digital Wallet,Unknown,2023-05-26,True
TXN_8009552,CUST_148,Beverages,Water,1.5,4,6.0,Credit Card,Online,2022-08-20,False
TXN_3531846,CUST_126,Electronics,Mouse,18.0,2,36.0,Digital Wallet,Online,2022-09-23,False
TXN_1908521,CUST_141,Food,Pasta,4.5,7,31.5,Mobile Money,Online,2024-12-16,True
TXN_6090749,CUST_481,Butchers,Lamb,16.0,8,128.0,Digital Wallet,Online,2022-09-20,
TXN_5568455,CUST_048,Furniture,Desk,120.0,10,1200.0,Mobile Money,Online,2024-09-15,True
TXN_8907386,CUST_032,Patisserie,Doughnut,3.5,2,7.0,Cash,Online,2022-04-16,True
TXN_5040479,CUST_034,Butchers,Sausage,7.5,1,7.5,Unknown,In-Store,2022-06-03,False
TXN_2976024,CUST_458,Beverages,Tea,3.5,9,31.5,Cash,Online,2022-03-15,
TXN_3451501,CUST_217,Butchers,Pork,12.0,6,72.0,Mobile Money,In-Store,2024-05-05,False
TXN_7875402,CUST_129,Furniture,Desk,120.0,7,840.0,Mobile Money,Unknown,2023-07-15,
TXN_3922010,CUST_490,Patisserie,Doughnut,3.5,7,24.5,Cash,In-Store,2023-12-25,False
TXN_1686976,CUST_304,Patisserie,Cake,18.0,2,36.0,Credit Card,Online,2023-03-29,
TXN_3108086,CUST_004,Food,Cooking Oil,8.0,7,56.0,Cash,Online,2022-11-13,
TXN_8935922,CUST_399,Electronics,Mouse,18.0,3,54.0,Mobile Money,In-Store,2023-01-18,False
TXN_6801966,CUST_030,Patisserie,Doughnut,3.5,1,3.5,Credit Card,Online,2022-01-14,False
TXN_8598327,CUST_050,Butchers,Pork,12.0,1,12.0,Digital Wallet,Online,2022-07-28,
TXN_2147417,CUST_053,Food,Cereal,6.0,4,24.0,Cash,In-Store,2024-11-08,False
TXN_5995314,CUST_209,Beverages,Water,1.5,,13.5,Unknown,Online,2024-10-24,False
TXN_1780641,CUST_471,Electronics,USB Cable,8.0,2,16.0,Credit Card,Online,2023-10-24,False
TXN_7686289,CUST_128,Butchers,Pork,12.0,6,72.0,Digital Wallet,Online,2024-12-26,False
TXN_7509000,CUST_444,Food,Bread,3.0,8,24.0,Mobile Money,Online,2022-09-22,
TXN_4215331,CUST_461,Food,Cereal,6.0,5,30.0,Cash,Online,2024-04-02,True
TXN_7494374,CUST_468,Stationery,Folder,3.0,4,12.0,Mobile Money,In-Store,2022-07-13,False
TXN_8831038,CUST_345,Patisserie,Pie,12.0,7,84.0,Cash,Online,2023-04-03,False
TXN_9920882,CUST_383,Furniture,Chair,35.0,5,175.0,Digital Wallet,Online,2024-04-11,True
TXN_8103465,CUST_488,Patisserie,Croissant,5.0,4,20.0,Digital Wallet,Online,2024-09-30,False
TXN_9564639,CUST_493,Butchers,Pork,12.0,5,60.0,Cash,In-Store,2023-07-26,False
TXN_8720044,CUST_263,Stationery,Marker,2.5,2,5.0,Digital Wallet,In-Store,2022-12-24,True
TXN_4850404,CUST_405,Butchers,Sausage,7.5,10,75.0,Digital Wallet,In-Store,2024-10-06,
TXN_9238439,CUST_143,Butchers,Sausage,7.5,6,45.0,Credit Card,Online,2024-03-07,False
TXN_1259425,CUST_474,Patisserie,Croissant,5.0,7,35.0,Credit Card,In-Store,2022-04-10,True
TXN_4653188,CUST_441,Furniture,Shelf,55.0,10,550.0,Digital Wallet,In-Store,2023-10-14,
TXN_6478047,CUST_198,Food,Cooking Oil,8.0,10,80.0,Mobile Money,In-Store,2024-04-15,True
TXN_7950533,CUST_124,Food,Cooking Oil,8.0,9,72.0,Mobile Money,In-Store,2023-05-03,False
TXN_5262911,CUST_010,Food,Pasta,4.5,2,9.0,Mobile Money,Online,2024-01-15,False
TXN_4856843,CUST_411,Furniture,Shelf,55.0,9,495.0,Mobile Money,Online,2024-07-19,False
TXN_9515174,CUST_499,Beverages,Tea,3.5,6,21.0,Mobile Money,In-Store,2023-08-25,False
TXN_6400156,CUST_107,Beverages,Soda,2.0,8,16.0,Cash,Online,2024-10-14,
TXN_1286132,CUST_247,Stationery,Marker,2.5,4,10.0,Mobile Money,In-Store,2023-06-18,
TXN_7408018,CUST_452,Electronics,USB Cable,8.0,9,72.0,Credit Card,Online,2022-08-02,False
TXN_2149463,CUST_124,Food,Cooking Oil,8.0,9,72.0,Cash,Online,2024-08-23,
TXN_6966451,CUST_049,Stationery,Stapler,6.0,7,42.0,Digital Wallet,In-Store,2023-02-05,False
TXN_5101036,CUST_020,Stationery,Folder,3.0,9,27.0,Cash,In-Store,2023-08-06,False
TXN_9772080,CUST_090,Beverages,Tea,3.5,1,3.5,Digital Wallet,Online,2023-10-29,True
TXN_4008629,CUST_135,Beverages,Tea,3.5,3,10.5,Digital Wallet,In-Store,2024-03-24,
TXN_3274316,CUST_184,Patisserie,Doughnut,3.5,2,7.0,Digital Wallet,In-Store,2023-05-23,
TXN_2153758,CUST_230,Butchers,Beef,14.0,4,56.0,Unknown,In-Store,2023-03-29,False
TXN_6604395,CUST_230,Furniture,Shelf,55.0,7,385.0,Mobile Money,Online,2022-01-09,False
TXN_6194914,CUST_271,Beverages,Water,1.5,4,6.0,Mobile Money,Online,2024-02-13,False
TXN_5258869,CUST_498,Patisserie,Croissant,5.0,5,25.0,Credit Card,In-Store,2022-08-29,False
TXN_4131712,CUST_464,Patisserie,Doughnut,3.5,9,31.5,Digital Wallet,Online,2023-09-25,False
TXN_9174433,CUST_199,Stationery,Notebook,4.0,10,40.0,Digital Wallet,Online,2024-10-22,
TXN_7360193,CUST_241,Electronics,Charger,25.0,3,75.0,Credit Card,In-Store,2023-03-01,True
TXN_4743797,CUST_047,Stationery,Stapler,6.0,5,30.0,Digital Wallet,In-Store,2024-11-09,
TXN_2577127,CUST_042,Food,Cereal,6.0,7,42.0,Digital Wallet,Online,2023-06-04,False
TXN_4054621,CUST_444,Electronics,Headphones,22.0,6,132.0,Digital Wallet,Online,2024-12-08,False
TXN_4802470,CUST_274,Butchers,Lamb,16.0,3,48.0,Digital Wallet,Online,2022-03-13,False
TXN_5777376,CUST_170,Beverages,Soda,2.0,9,18.0,Cash,Online,2023-04-15,
TXN_6440107,CUST_371,Electronics,Keyboard,35.0,10,350.0,Cash,In-Store,2022-05-05,
TXN_7872699,CUST_412,Butchers,Chicken,9.0,4,36.0,Mobile Money,Online,2023-08-13,
TXN_4107153,CUST_319,Furniture,Cabinet,95.0,9,855.0,Cash,In-Store,2023-12-22,
TXN_3716826,CUST_160,Electronics,Mouse,18.0,3,54.0,Digital Wallet,In-Store,2022-08-20,False
TXN_4716434,CUST_266,Butchers,Pork,12.0,3,36.0,Mobile Money,In-Store,2024-09-01,False
TXN_7202325,CUST_451,Food,Cereal,6.0,7,42.0,Cash,Online,2024-06-26,
TXN_2983286,CUST_052,Food,Cooking Oil,8.0,2,16.0,Cash,Online,2022-02-21,False
TXN_9403699,CUST_030,Stationery,Stapler,6.0,5,30.0,Cash,Online,2024-10-06,False
TXN_7778519,CUST_019,Electronics,Charger,25.0,3,75.0,Credit Card,Online,2024-06-11,True
TXN_1475147,CUST_195,Food,Pasta,4.5,3,13.5,Credit Card,In-Store,2024-05-30,
TXN_8951632,CUST_014,Furniture,Unknown,80.0,7,560.0,Digital Wallet,Online,2024-09-21,False
TXN_5551020,CUST_022,Patisserie,Cake,18.0,4,72.0,Mobile Money,Online,2022-02-25,False
TXN_4967924,CUST_396,Electronics,USB Cable,8.0,6,48.0,Mobile Money,Online,2023-11-05,False
TXN_8489305,CUST_191,Patisserie,Pie,12.0,9,108.0,Cash,Online,2023-10-26,
TXN_7427799,CUST_164,Electronics,Charger,25.0,4,100.0,Credit Card,Online,2023-09-13,False
TXN_8089109,CUST_460,Patisserie,Unknown,5.0,5,25.0,Credit Card,In-Store,2024-09-23,False
TXN_9944441,CUST_002,Patisserie,Muffin,4.5,9,40.5,Credit Card,In-Store,2023-04-10,False
TXN_8460516,CUST_481,Furniture,Chair,35.0,10,350.0,Digital Wallet,Online,2023-09-30,False
TXN_9023749,CUST_353,Beverages,Tea,3.5,4,14.0,Cash,Online,2023-05-10,False
TXN_7620241,CUST_324,Butchers,Sausage,7.5,4,30.0,Unknown,Online,2024-12-17,
TXN_3031722,CUST_036,Furniture,Shelf,55.0,10,550.0,Digital Wallet,Online,2022-09-22,True
TXN_5915329,CUST_133,Stationery,Folder,3.0,5,15.0,Digital Wallet,Online,2023-10-21,True
TXN_1954718,CUST_334,Stationery,Stapler,6.0,9,54.0,Credit Card,In-Store,2024-01-31,False
TXN_8118655,CUST_066,Butchers,Chicken,9.0,3,27.0,Cash,In-Store,2024-12-03,True
TXN_8303386,CUST_110,Furniture,Desk,120.0,9,1080.0,Credit Card,Online,2022-01-31,True
TXN_6371112,CUST_017,Electronics,Keyboard,35.0,1,35.0,Mobile Money,In-Store,2024-05-15,False
TXN_3465849,CUST_106,Food,Cooking Oil,8.0,5,40.0,Mobile Money,Online,2024-02-07,
TXN_2989645,CUST_054,Butchers,Pork,12.0,9,108.0,Digital Wallet,Online,2024-12-24,
TXN_9734352,CUST_051,Electronics,Keyboard,35.0,6,210.0,Credit Card,Online,2024-07-08,False
TXN_6697218,CUST_340,Butchers,Lamb,16.0,2,32.0,Mobile Money,In-Store,2024-07-28,True
TXN_9074444,CUST_260,Electronics,Headphones,22.0,10,220.0,Unknown,Online,2022-05-15,True
TXN_8982512,CUST_295,Butchers,Sausage,7.5,5,37.5,Credit Card,Online,2023-09-11,
TXN_5287382,CUST_006,Stationery,Pen,1.5,4,6.0,Mobile Money,Online,2023-08-31,False
TXN_3199989,CUST_373,Patisserie,Doughnut,3.5,4,14.0,Credit Card,In-Store,2024-09-08,False
TXN_2960299,CUST_072,Furniture,Table,80.0,10,800.0,Digital Wallet,Online,2022-12-03,True
TXN_2318155,CUST_013,Butchers,Beef,14.0,9,126.0,Mobile Money,Online,2022-12-19,False
TXN_6010168,CUST_191,Electronics,Mouse,18.0,1,18.0,Credit Card,Online,2023-02-09,False
TXN_8382811,CUST_035,Food,Cereal,6.0,3,18.0,Digital Wallet,In-Store,2024-03-27,False
TXN_4567312,CUST_436,Beverages,Coffee,2.5,2,5.0,Credit Card,In-Store,2023-05-22,
TXN_6209068,CUST_358,Furniture,Shelf,55.0,3,165.0,Credit Card,In-Store,2022-01-31,False
TXN_8246813,CUST_006,Stationery,Stapler,6.0,3,18.0,Cash,Online,2023-05-08,True
TXN_8749065,CUST_373,Food,Cooking Oil,8.0,1,8.0,Cash,Online,2023-05-30,
TXN_9933599,CUST_270,Butchers,Unknown,7.5,1,7.5,Credit Card,In-Store,2022-04-24,
TXN_6717209,CUST_383,Butchers,Sausage,7.5,3,22.5,Digital Wallet,In-Store,2024-06-22,False
TXN_9989335,CUST_394,Food,Pasta,4.5,7,31.5,Digital Wallet,Online,2022-07-17,False
TXN_7941798,CUST_183,Butchers,Lamb,16.0,8,128.0,Cash,Online,2023-06-09,True
TXN_2083380,CUST_262,Furniture,Shelf,55.0,9,495.0,Credit Card,Online,2023-06-22,
TXN_4202754,CUST_177,Beverages,Juice,4.0,10,40.0,Digital Wallet,In-Store,2022-02-01,True
TXN_1432759,CUST_115,Butchers,Chicken,9.0,7,63.0,Cash,Online,2022-06-24,
TXN_8005811,CUST_381,Beverages,Tea,3.5,4,14.0,Credit Card,Unknown,2023-07-31,True
TXN_6024470,CUST_007,Beverages,Soda,2.0,3,6.0,Mobile Money,Online,2023-07-18,False
TXN_1050073,CUST_459,Butchers,Pork,12.0,6,72.0,Digital Wallet,In-Store,2022-05-11,
TXN_7727991,CUST_143,Beverages,Juice,4.0,6,24.0,Cash,In-Store,2022-09-17,False
TXN_5964197,CUST_397,Stationery,Marker,2.5,2,5.0,Mobile Money,In-Store,2024-08-18,
TXN_3806299,CUST_252,Food,Rice,5.5,10,55.0,Unknown,In-Store,2023-03-25,True
TXN_5982732,CUST_192,Food,Cereal,6.0,6,36.0,Mobile Money,Online,2024-11-07,False
TXN_7835488,CUST_031,Beverages,Coffee,2.5,7,17.5,Digital Wallet,Online,2023-07-11,True
TXN_7472652,CUST_135,Furniture,Cabinet,95.0,4,380.0,Mobile Money,In-Store,2022-11-03,True
TXN_8795134,CUST_482,Electronics,Headphones,22.0,3,66.0,Mobile Money,In-Store,2022-06-15,False
TXN_1112035,CUST_102,Stationery,Pen,1.5,3,4.5,Mobile Money,In-Store,2023-02-13,False
TXN_4037099,CUST_102,Beverages,Coffee,2.5,1,2.5,Credit Card,In-Store,2024-05-16,True
TXN_2271741,CUST_484,Patisserie,Croissant,5.0,10,50.0,Credit Card,In-Store,2024-03-26,False
TXN_4883337,CUST_439,Beverages,Coffee,2.5,9,22.5,Mobile Money,In-Store,2023-01-17,
TXN_9349092,CUST_322,Beverages,Soda,2.0,4,8.0,Cash,Online,2023-04-06,False
TXN_5481180,CUST_266,Butchers,Pork,12.0,9,108.0,Credit Card,Online,2024-01-11,False
TXN_5431449,CUST_346,Beverages,Tea,3.5,7,24.5,Cash,Online,2024-01-26,
TXN_7305236,CUST_446,Butchers,Beef,14.0,4,56.0,Cash,In-Store,2024-06-02,False
TXN_5387405,CUST_335,Food,Cooking Oil,8.0,3,24.0,Digital Wallet,Online,2022-12-27,
TXN_4138145,CUST_268,Beverages,Juice,4.0,8,32.0,Cash,In-Store,2024-03-31,True
TXN_9897174,CUST_296,Furniture,Desk,120.0,6,720.0,Digital Wallet,Online,2023-04-08,False
TXN_8600807,CUST_407,Beverages,Soda,2.0,10,20.0,Digital Wallet,In-Store,2024-04-18,True
TXN_3074242,CUST_329,Patisserie,Doughnut,3.5,5,17.5,Credit Card,In-Store,2024-07-10,False
TXN_7683858,CUST_372,Furniture,Chair,35.0,6,210.0,Credit Card,In-Store,2024-09-04,False
TXN_1380746,CUST_197,Beverages,Soda,2.0,5,10.0,Mobile Money,Online,2022-08-14,False
TXN_1705824,CUST_408,Beverages,Coffee,2.5,1,2.5,Digital Wallet,In-Store,2023-01-19,False
TXN_6787749,CUST_354,Patisserie,Doughnut,3.5,3,10.5,Mobile Money,In-Store,2024-12-03,
TXN_8983439,CUST_186,Stationery,Marker,2.5,8,20.0,Digital Wallet,Online,2024-06-18,True
TXN_3752312,CUST_107,Electronics,Mouse,18.0,1,18.0,Digital Wallet,In-Store,2024-01-12,False
TXN_5686299,CUST_335,Food,Pasta,4.5,8,36.0,Digital Wallet,Online,2024-11-08,False
TXN_9768201,CUST_364,Patisserie,Cake,18.0,4,72.0,Digital Wallet,In-Store,2023-04-16,False
TXN_4079751,CUST_060,Furniture,Chair,35.0,7,245.0,Cash,In-Store,2023-06-15,True
TXN_7926713,CUST_177,Furniture,Cabinet,95.0,5,475.0,Credit Card,In-Store,2023-09-29,False
TXN_8809345,CUST_182,Stationery,Stapler,6.0,9,54.0,Cash,In-Store,2023-11-01,
TXN_7675789,CUST_213,Furniture,Cabinet,95.0,2,190.0,Credit Card,In-Store,2023-11-22,False
TXN_6050496,CUST_404,Food,Cereal,6.0,,24.0,Mobile Money,In-Store,2023-04-17,
TXN_1600357,CUST_383,Food,Cereal,6.0,2,12.0,Mobile Money,In-Store,2024-04-27,False
TXN_3890632,CUST_041,Food,Pasta,4.5,9,40.5,Mobile Money,Online,2024-10-26,False
TXN_5880779,CUST_219,Furniture,Desk,120.0,6,720.0,Cash,In-Store,2022-12-28,True
TXN_9247108,CUST_245,Butchers,Beef,14.0,10,140.0,Credit Card,In-Store,2024-03-01,True
TXN_4884271,CUST_348,Patisserie,Muffin,4.5,4,18.0,Cash,Unknown,2024-09-30,False
TXN_1060843,CUST_476,Butchers,Beef,14.0,10,140.0,Credit Card,In-Store,2022-04-17,True
TXN_9295407,CUST_433,Butchers,Lamb,16.0,9,144.0,Cash,Online,2024-02-23,False
TXN_9837039,CUST_278,Butchers,Lamb,16.0,1,16.0,Credit Card,Online,2023-01-01,
TXN_9268284,CUST_409,Patisserie,Cake,18.0,9,162.0,Credit Card,Online,2023-10-28,False
TXN_5434959,CUST_479,Patisserie,Doughnut,3.5,10,35.0,Cash,Online,2023-08-28,False
TXN_4030082,CUST_103,Patisserie,Muffin,4.5,2,9.0,Credit Card,Online,2022-04-27,
TXN_2638004,CUST_164,Electronics,USB Cable,8.0,4,32.0,Mobile Money,Online,2024-10-21,False
TXN_3373174,CUST_496,Patisserie,Croissant,5.0,2,10.0,Cash,Online,2022-03-24,False
TXN_8848225,CUST_291,Patisserie,Muffin,4.5,1,4.5,Digital Wallet,Online,2022-08-22,False
TXN_2979168,CUST_196,Beverages,Coffee,2.5,1,2.5,Cash,Online,2024-07-13,False
TXN_7805060,CUST_023,Stationery,Marker,2.5,8,20.0,Credit Card,Online,2023-05-01,False
TXN_8313589,CUST_267,Stationery,Notebook,4.0,5,20.0,Mobile Money,In-Store,2024-08-19,False
TXN_4880993,CUST_111,Electronics,USB Cable,8.0,6,48.0,Mobile Money,Online,2024-01-18,True
TXN_8314019,CUST_379,Electronics,USB Cable,8.0,6,48.0,Credit Card,Online,2023-05-23,
TXN_1487707,CUST_444,Food,Cooking Oil,8.0,2,16.0,Digital Wallet,In-Store,2022-08-11,False
TXN_3185529,CUST_185,Patisserie,Doughnut,3.5,4,14.0,Digital Wallet,In-Store,2022-02-08,True
TXN_6982035,CUST_024,Electronics,Headphones,22.0,8,176.0,Digital Wallet,In-Store,2023-07-03,
TXN_7251936,CUST_357,Beverages,Coffee,2.5,6,15.0,Digital Wallet,In-Store,2023-07-23,False
TXN_3585181,CUST_457,Stationery,Folder,3.0,10,30.0,Digital Wallet,In-Store,2023-11-29,False
TXN_1999078,CUST_321,Furniture,Chair,35.0,7,245.0,Digital Wallet,Online,2022-03-12,
TXN_1155790,CUST_311,Food,Cereal,6.0,2,12.0,Digital Wallet,Online,2022-09-19,
TXN_5148674,CUST_420,Furniture,Desk,120.0,9,1080.0,Cash,Online,2022-06-13,False
TXN_5279871,CUST_230,Furniture,Shelf,55.0,3,165.0,Digital Wallet,In-Store,2022-01-20,True
TXN_9340791,CUST_196,Butchers,Beef,14.0,8,112.0,Digital Wallet,In-Store,2023-01-22,True
TXN_6594021,CUST_479,Stationery,Notebook,4.0,7,28.0,Mobile Money,Online,2024-05-07,False
TXN_3621158,CUST_309,Electronics,Mouse,18.0,8,144.0,Digital Wallet,Online,2024-08-02,False
TXN_2033290,CUST_128,Stationery,Notebook,4.0,8,32.0,Digital Wallet,Online,2023-07-22,
TXN_7102493,CUST_243,Stationery,Pen,1.5,5,7.5,Digital Wallet,Online,2023-10-12,False
TXN_5141042,CUST_443,Beverages,Soda,2.0,9,18.0,Cash,Online,2024-04-22,True
TXN_1195297,CUST_477,Food,Rice,5.5,9,49.5,Cash,In-Store,2022-06-01,False
TXN_3577988,CUST_487,Patisserie,Cake,18.0,9,162.0,Credit Card,In-Store,2022-12-28,
TXN_6810041,CUST_097,Furniture,Desk,120.0,2,240.0,Credit Card,In-Store,2024-01-28,
TXN_3337006,CUST_199,Furniture,Shelf,55.0,8,440.0,Cash,Online,2023-12-14,False
TXN_5052579,CUST_007,Stationery,Notebook,4.0,3,12.0,Credit Card,In-Store,2022-11-01,True
TXN_8566124,CUST_044,Electronics,Charger,25.0,8,200.0,Cash,Online,2022-06-29,False
TXN_3570115,CUST_216,Stationery,Pen,1.5,7,10.5,Digital Wallet,In-Store,2024-06-20,False
TXN_1023382,CUST_412,Furniture,Cabinet,95.0,4,380.0,Mobile Money,In-Store,2024-04-23,
TXN_9793150,CUST_392,Stationery,Stapler,6.0,1,6.0,Mobile Money,In-Store,2023-02-21,False
TXN_7091209,CUST_433,Stationery,Folder,3.0,5,15.0,Cash,Online,2024-09-10,
TXN_8372894,CUST_225,Butchers,Sausage,7.5,8,60.0,Digital Wallet,In-Store,2023-07-07,False
TXN_7110491,CUST_061,Food,Rice,5.5,5,27.5,Mobile Money,In-Store,2024-08-04,False
TXN_6028803,CUST_447,Beverages,Coffee,2.5,8,20.0,Digital Wallet,In-Store,2023-10-12,False
TXN_5748662,CUST_116,Food,Bread,3.0,7,21.0,Credit Card,Online,2024-02-29,False
TXN_6497191,CUST_409,Patisserie,Cake,18.0,8,144.0,Cash,Online,2023-04-08,False
TXN_6438684,CUST_154,Stationery,Folder,3.0,5,15.0,Cash,Online,2022-10-31,False
TXN_2103091,CUST_341,Butchers,Sausage,7.5,6,45.0,Digital Wallet,In-Store,2023-02-02,False
TXN_9603133,CUST_243,Butchers,Lamb,16.0,2,32.0,Digital Wallet,In-Store,2024-12-18,False
TXN_2578458,CUST_364,Beverages,Juice,4.0,3,12.0,Mobile Money,Online,2022-10-03,
TXN_7194224,CUST_175,Patisserie,Muffin,4.5,1,4.5,Mobile Money,Online,2022-08-04,False
TXN_8593832,CUST_200,Patisserie,Doughnut,3.5,9,31.5,Credit Card,In-Store,2022-01-21,
TXN_4756082,CUST_369,Furniture,Chair,35.0,,105.0,Credit Card,In-Store,2022-07-29,False
TXN_5682898,CUST_057,Patisserie,Muffin,4.5,10,45.0,Cash,In-Store,2022-09-03,True
TXN_9011001,CUST_080,Food,Bread,3.0,4,12.0,Unknown,In-Store,2024-09-01,False
TXN_6407824,CUST_193,Furniture,Shelf,55.0,7,385.0,Cash,In-Store,2022-06-03,False
TXN_5244348,CUST_050,Food,Bread,3.0,4,12.0,Digital Wallet,In-Store,2024-01-15,
TXN_6395384,CUST_275,Stationery,Folder,3.0,3,9.0,Digital Wallet,Online,2022-02-11,
TXN_3212292,CUST_378,Food,Bread,3.0,7,21.0,Credit Card,Online,2023-11-22,False
TXN_2553340,CUST_159,Stationery,Marker,2.5,10,25.0,Digital Wallet,Online,2022-07-23,
TXN_6798089,CUST_450,Furniture,Chair,35.0,8,280.0,Mobile Money,In-Store,2023-01-10,
TXN_5788851,CUST_043,Beverages,Juice,4.0,4,16.0,Digital Wallet,Online,2023-02-14,False
TXN_2988527,CUST_158,Electronics,Charger,25.0,9,225.0,Credit Card,In-Store,2024-12-06,False
TXN_7867273,CUST_414,Butchers,Beef,14.0,10,140.0,Digital Wallet,Online,2024-11-01,
TXN_6899507,CUST_422,Food,Bread,3.0,5,15.0,Credit Card,In-Store,2024-05-23,False
TXN_4829330,CUST_222,Stationery,Notebook,4.0,9,36.0,Credit Card,Online,2024-07-14,False
TXN_6236840,CUST_034,Patisserie,Croissant,5.0,7,35.0,Mobile Money,Online,2023-06-29,False
TXN_3803528,CUST_297,Furniture,Cabinet,95.0,1,95.0,Credit Card,In-Store,2022-05-07,False
TXN_5384432,CUST_169,Electronics,Keyboard,35.0,6,210.0,Digital Wallet,Online,2024-06-05,False
TXN_9508172,CUST_248,Butchers,Beef,14.0,5,70.0,Mobile Money,Online,2022-05-26,
TXN_4661632,CUST_313,Patisserie,Muffin,4.5,6,27.0,Digital Wallet,Online,2024-11-08,False
TXN_5579097,CUST_385,Beverages,Coffee,2.5,5,12.5,Mobile Money,In-Store,2023-07-20,
TXN_1389130,CUST_448,Butchers,Sausage,7.5,10,75.0,Digital Wallet,In-Store,2023-01-13,
TXN_2852978,CUST_075,Patisserie,Muffin,4.5,10,45.0,Mobile Money,In-Store,2023-12-01,
TXN_8310986,CUST_367,Electronics,Headphones,22.0,1,22.0,Cash,In-Store,2024-10-31,False
TXN_6931161,CUST_450,Furniture,Table,80.0,9,720.0,Cash,In-Store,2023-12-14,False
TXN_3970233,CUST_135,Butchers,Chicken,9.0,8,72.0,Mobile Money,Online,2023-08-12,False
TXN_1181613,CUST_283,Patisserie,Doughnut,3.5,6,21.0,Mobile Money,In-Store,2022-09-20,False
TXN_6506932,CUST_299,Butchers,Chicken,9.0,8,72.0,Credit Card,In-Store,2024-05-30,False
TXN_1539972,CUST_451,Electronics,USB Cable,8.0,8,64.0,Mobile Money,In-Store,2023-03-21,False
TXN_2857845,CUST_150,Stationery,Stapler,6.0,7,42.0,Mobile Money,Online,2023-02-23,False
TXN_7501881,CUST_052,Patisserie,Cake,18.0,5,90.0,Cash,Unknown,2022-05-17,False
TXN_4853339,CUST_135,Electronics,Keyboard,35.0,9,315.0,Cash,Online,2024-02-19,False
TXN_4681890,CUST_394,Electronics,Mouse,18.0,6,108.0,Digital Wallet,Online,2023-11-30,False
TXN_6005816,CUST_357,Food,Rice,5.5,7,38.5,Credit Card,Online,2023-05-01,False
TXN_9067932,CUST_495,Furniture,Cabinet,95.0,3,285.0,Digital Wallet,In-Store,2023-07-20,False
TXN_5465753,CUST_110,Beverages,Soda,2.0,4,8.0,Cash,Online,2023-12-19,
TXN_3714683,CUST_045,Stationery,Pen,1.5,4,6.0,Mobile Money,In-Store,2023-06-27,
TXN_8186007,CUST_182,Stationery,Notebook,4.0,7,28.0,Digital Wallet,In-Store,2023-01-21,False
TXN_3783993,CUST_433,Furniture,Shelf,55.0,6,330.0,Credit Card,In-Store,2024-07-23,
TXN_7198514,CUST_029,Butchers,Sausage,7.5,6,45.0,Digital Wallet,In-Store,2024-07-18,
TXN_2177416,CUST_277,Food,Cereal,6.0,1,6.0,Credit Card,Online,2024-04-22,True
TXN_4666608,CUST_115,Furniture,Chair,35.0,6,210.0,Digital Wallet,Online,2022-05-03,False
TXN_7086540,CUST_207,Furniture,Shelf,55.0,3,165.0,Credit Card,Online,2024-11-25,False
TXN_8706113,CUST_124,Food,Bread,3.0,3,9.0,Mobile Money,Online,2022-06-15,
TXN_9357276,CUST_500,Beverages,Coffee,2.5,6,15.0,Mobile Money,In-Store,2022-05-27,True
TXN_9686594,CUST_462,Stationery,Folder,3.0,1,3.0,Credit Card,Online,2022-05-01,False
TXN_1269334,CUST_228,Food,Bread,3.0,8,24.0,Credit Card,Online,2024-08-03,True
TXN_4898459,CUST_033,Electronics,Keyboard,35.0,9,315.0,Credit Card,Online,2024-07-22,False
TXN_1668629,CUST_058,Butchers,Pork,12.0,6,72.0,Cash,In-Store,2022-01-26,
TXN_5746865,CUST_450,Food,Cereal,6.0,4,24.0,Credit Card,In-Store,2024-04-01,True
TXN_7696080,CUST_451,Electronics,USB Cable,8.0,3,24.0,Digital Wallet,Online,2023-10-19,False
TXN_6416797,CUST_076,Electronics,Keyboard,35.0,6,210.0,Unknown,In-Store,2022-11-13,False
TXN_7663889,CUST_311,Electronics,Headphones,22.0,7,154.0,Credit Card,Unknown,2024-07-26,False
TXN_9625032,CUST_396,Stationery,Notebook,4.0,5,20.0,Credit Card,In-Store,2024-10-02,
TXN_4883866,CUST_430,Beverages,Tea,3.5,3,10.5,Cash,In-Store,2023-05-31,
TXN_9461455,CUST_060,Beverages,Tea,3.5,6,21.0,Mobile Money,Online,2022-01-03,
TXN_4589750,CUST_340,Food,Bread,3.0,1,3.0,Cash,Online,2023-06-19,False
TXN_7874420,CUST_436,Furniture,Table,80.0,3,240.0,Credit Card,Online,2023-09-08,
TXN_3896283,CUST_330,Furniture,Desk,120.0,3,360.0,Credit Card,In-Store,2024-06-09,False
TXN_9468550,CUST_081,Stationery,Folder,3.0,4,12.0,Cash,Online,2023-09-12,True
TXN_7926141,CUST_211,Furniture,Table,80.0,6,480.0,Mobile Money,Online,2022-07-09,False
TXN_6524070,CUST_202,Electronics,Keyboard,35.0,2,70.0,Mobile Money,In-Store,2023-04-16,
TXN_5092097,CUST_476,Stationery,Marker,2.5,2,5.0,Cash,Online,2024-08-04,True
TXN_5567404,CUST_376,Beverages,Soda,2.0,7,14.0,Cash,In-Store,2022-03-19,False
TXN_7891313,CUST_193,Patisserie,Pie,12.0,2,24.0,Credit Card,Online,2023-03-22,True
TXN_1043937,CUST_169,Furniture,Table,80.0,2,160.0,Credit Card,In-Store,2022-11-15,False
TXN_4934740,CUST_467,Patisserie,Pie,12.0,1,12.0,Cash,Online,2024-12-26,False
TXN_1649611,CUST_267,Electronics,Headphones,22.0,1,22.0,Mobile Money,Online,2022-07-30,False
TXN_4587719,CUST_254,Patisserie,Muffin,4.5,8,36.0,Credit Card,Online,2022-05-09,False
TXN_7433564,CUST_325,Electronics,Mouse,18.0,1,18.0,Credit Card,In-Store,2022-03-21,True
TXN_1484814,CUST_499,Electronics,USB Cable,8.0,2,16.0,Digital Wallet,Online,2024-12-03,False
TXN_5569146,CUST_457,Electronics,USB Cable,8.0,1,8.0,Mobile Money,In-Store,2022-08-03,True
TXN_8366210,CUST_055,Stationery,Unknown,6.0,,54.0,Mobile Money,In-Store,2024-08-22,
TXN_8903402,CUST_025,Beverages,Coffee,2.5,1,2.5,Digital Wallet,In-Store,2023-06-25,False
TXN_1497165,CUST_050,Butchers,Lamb,16.0,10,160.0,Credit Card,Online,2022-03-10,
TXN_9245856,CUST_450,Furniture,Chair,35.0,4,140.0,Mobile Money,Online,2022-05-01,False
TXN_5892812,CUST_446,Patisserie,Cake,18.0,2,36.0,Credit Card,In-Store,2022-06-07,False
TXN_9247243,CUST_178,Beverages,Juice,4.0,10,40.0,Cash,Online,2024-10-23,False
TXN_5951106,CUST_148,Electronics,Charger,25.0,10,250.0,Credit Card,In-Store,2023-07-01,False
TXN_3091823,CUST_216,Furniture,Unknown,55.0,4,220.0,Digital Wallet,Online,2024-08-26,
TXN_1659784,CUST_168,Butchers,Lamb,16.0,1,16.0,Mobile Money,Online,2024-03-08,False
TXN_3473139,CUST_408,Beverages,Coffee,2.5,10,25.0,Cash,In-Store,2024-08-09,
TXN_9601119,CUST_017,Furniture,Cabinet,95.0,9,855.0,Digital Wallet,In-Store,2022-05-26,True
TXN_4136769,CUST_278,Butchers,Sausage,7.5,8,60.0,Credit Card,In-Store,2023-07-02,False
TXN_7288956,CUST_494,Food,Pasta,4.5,3,13.5,Credit Card,Online,2023-11-18,False
TXN_1419870,CUST_071,Patisserie,Muffin,4.5,9,40.5,Cash,Online,2022-01-02,False
TXN_7687666,CUST_048,Beverages,Tea,3.5,5,17.5,Cash,In-Store,2024-05-17,False
TXN_1513852,CUST_430,Food,Rice,5.5,6,33.0,Cash,In-Store,2023-06-19,False
TXN_2166513,CUST_142,Stationery,Marker,2.5,2,5.0,Mobile Money,In-Store,2023-07-10,True
TXN_3028217,CUST_354,Butchers,Beef,14.0,6,84.0,Mobile Money,In-Store,2024-02-22,
TXN_8100883,CUST_201,Patisserie,Muffin,4.5,4,18.0,Cash,Online,2024-02-10,False
TXN_6680820,CUST_170,Patisserie,Croissant,5.0,6,30.0,Unknown,In-Store,2024-01-15,True
TXN_7554642,CUST_264,Butchers,Pork,12.0,1,12.0,Digital Wallet,In-Store,2022-01-08,False
TXN_1811250,CUST_151,Butchers,Lamb,16.0,4,64.0,Credit Card,Online,2023-03-01,False
TXN_3558046,CUST_317,Butchers,Chicken,9.0,2,18.0,Digital Wallet,In-Store,2024-03-12,
TXN_2054613,CUST_132,Butchers,Sausage,7.5,,67.5,Cash,Online,2022-05-11,False
TXN_3845619,CUST_001,Furniture,Desk,120.0,8,960.0,Credit Card,Online,2022-08-01,True
TXN_2878209,CUST_321,Electronics,Mouse,18.0,6,108.0,Mobile Money,Online,2024-03-15,False
TXN_5178761,CUST_329,Food,Rice,5.5,4,22.0,Credit Card,In-Store,2023-11-14,False
TXN_3078937,CUST_189,Furniture,Table,80.0,5,400.0,Cash,In-Store,2022-09-12,False
TXN_8084055,CUST_373,Food,Cooking Oil,8.0,8,64.0,Credit Card,Online,2023-07-28,True
TXN_9615979,CUST_027,Electronics,USB Cable,8.0,7,56.0,Mobile Money,In-Store,2022-02-08,
TXN_1018510,CUST_169,Beverages,Juice,4.0,8,32.0,Credit Card,In-Store,2022-06-29,False
TXN_1417876,CUST_012,Stationery,Notebook,4.0,6,24.0,Mobile Money,Online,2022-05-06,
TXN_2122239,CUST_132,Stationery,Folder,3.0,3,9.0,Unknown,In-Store,2023-05-16,False
TXN_5012037,CUST_047,Beverages,Coffee,2.5,3,7.5,Digital Wallet,In-Store,2023-08-03,False
TXN_1096628,CUST_141,Electronics,USB Cable,8.0,6,48.0,Cash,In-Store,2024-09-09,False
TXN_6778842,CUST_288,Butchers,Pork,12.0,5,60.0,Mobile Money,In-Store,2022-08-19,True
TXN_9102479,CUST_024,Furniture,Desk,120.0,8,960.0,Digital Wallet,Online,2022-05-01,True
TXN_5553707,CUST_103,Beverages,Soda,2.0,6,12.0,Mobile Money,Online,2024-08-20,True
TXN_5830069,CUST_069,Stationery,Notebook,4.0,3,12.0,Digital Wallet,In-Store,2024-05-06,False
TXN_5453054,CUST_487,Beverages,Juice,4.0,5,20.0,Digital Wallet,Online,2024-07-07,False
TXN_9968449,CUST_448,Beverages,Juice,4.0,8,32.0,Cash,In-Store,2023-06-15,
TXN_5007856,CUST_415,Patisserie,Pie,12.0,7,84.0,Mobile Money,In-Store,2024-05-27,True
TXN_4443419,CUST_155,Electronics,Headphones,22.0,10,220.0,Digital Wallet,In-Store,2024-03-05,False
TXN_4846305,CUST_188,Patisserie,Muffin,4.5,3,13.5,Mobile Money,In-Store,2022-06-16,
TXN_2960783,CUST_146,Electronics,Mouse,18.0,1,18.0,Credit Card,In-Store,2022-06-24,
TXN_3551116,CUST_360,Food,Unknown,5.5,7,38.5,Cash,Online,2024-12-08,False
TXN_1368549,CUST_195,Beverages,Tea,3.5,7,24.5,Mobile Money,Online,2024-09-26,False
TXN_4870240,CUST_286,Beverages,Soda,2.0,1,2.0,Cash,Online,2022-08-18,False
TXN_7536295,CUST_483,Furniture,Chair,35.0,4,140.0,Mobile Money,Online,2024-05-23,False
TXN_9306931,CUST_073,Stationery,Marker,2.5,6,15.0,Cash,Online,2024-05-15,True
TXN_1051707,CUST_258,Stationery,Notebook,4.0,4,16.0,Cash,Online,2024-12-24,True
TXN_6859046,CUST_288,Stationery,Pen,1.5,8,12.0,Cash,In-Store,2024-02-23,False
TXN_3945759,CUST_225,Butchers,Chicken,9.0,1,9.0,Cash,Online,2023-12-20,False
TXN_3726363,CUST_143,Patisserie,Cake,18.0,4,72.0,Cash,Online,2023-09-30,True
TXN_4021372,CUST_268,Beverages,Coffee,2.5,2,5.0,Credit Card,Unknown,2022-10-10,True
TXN_4048782,CUST_181,Patisserie,Croissant,5.0,2,10.0,Cash,Online,2022-07-13,True
TXN_5334965,CUST_158,Beverages,Tea,3.5,7,24.5,Digital Wallet,In-Store,2024-11-03,
TXN_8579349,CUST_374,Patisserie,Croissant,5.0,1,5.0,Mobile Money,Online,2023-12-23,False
TXN_7641319,CUST_454,Patisserie,Doughnut,3.5,5,17.5,Cash,Online,2023-01-22,False
TXN_2854971,CUST_340,Beverages,Tea,3.5,1,3.5,Mobile Money,In-Store,2023-06-30,False
TXN_9993487,CUST_063,Butchers,Beef,14.0,7,98.0,Mobile Money,In-Store,2022-11-07,
TXN_8976266,CUST_188,Furniture,Chair,35.0,7,245.0,Digital Wallet,In-Store,2023-02-15,False
TXN_4824245,CUST_204,Food,Pasta,4.5,2,9.0,Mobile Money,In-Store,2024-11-06,False
TXN_4119599,CUST_115,Beverages,Unknown,4.0,3,12.0,Credit Card,Online,2024-06-17,False
TXN_2607618,CUST_147,Patisserie,Muffin,4.5,10,45.0,Mobile Money,Online,2023-05-04,False
TXN_9935827,CUST_029,Stationery,Marker,2.5,6,15.0,Mobile Money,Online,2024-04-10,False
TXN_9792178,CUST_276,Food,Cereal,6.0,1,6.0,Mobile Money,Unknown,2022-06-28,False
TXN_9673899,CUST_473,Stationery,Marker,2.5,8,20.0,Mobile Money,In-Store,2024-03-24,
TXN_5229911,CUST_245,Electronics,Keyboard,35.0,1,35.0,Credit Card,In-Store,2022-08-02,
TXN_7944123,CUST_314,Furniture,Chair,35.0,7,245.0,Credit Card,Online,2024-11-23,False
TXN_5338158,CUST_106,Butchers,Sausage,7.5,4,30.0,Digital Wallet,Online,2024-01-04,False
TXN_1611147,CUST_426,Stationery,Folder,3.0,6,18.0,Digital Wallet,Online,2024-11-16,False
TXN_7102910,CUST_055,Furniture,Table,80.0,8,640.0,Cash,Online,2023-03-18,False
TXN_5589084,CUST_463,Butchers,Lamb,16.0,2,32.0,Digital Wallet,Online,2022-02-27,False
TXN_4453708,CUST_226,Patisserie,Croissant,5.0,9,45.0,Digital Wallet,Online,2024-11-23,True
TXN_6588658,CUST_129,Stationery,Folder,3.0,4,12.0,Digital Wallet,In-Store,2024-02-19,True
TXN_3310480,CUST_132,Patisserie,Croissant,5.0,7,35.0,Cash,Online,2022-10-03,True
TXN_2414119,CUST_498,Electronics,USB Cable,8.0,9,72.0,Digital Wallet,Online,2023-11-21,False
TXN_9210880,CUST_331,Furniture,Chair,35.0,9,315.0,Digital Wallet,Online,2022-11-07,True
TXN_4258848,CUST_309,Butchers,Lamb,16.0,4,64.0,Credit Card,Online,2024-02-13,False
TXN_8016315,CUST_429,Patisserie,Croissant,5.0,8,40.0,Digital Wallet,Online,2023-06-27,
TXN_8496074,CUST_121,Electronics,Charger,25.0,6,150.0,Digital Wallet,In-Store,2024-09-09,True
TXN_6300966,CUST_058,Food,Rice,5.5,4,22.0,Digital Wallet,Online,2024-10-18,False
TXN_2132097,CUST_136,Electronics,Charger,25.0,8,200.0,Credit Card,In-Store,2024-06-18,False
TXN_8461821,CUST_041,Patisserie,Unknown,18.0,8,144.0,Mobile Money,In-Store,2023-04-18,True
TXN_8258090,CUST_282,Butchers,Beef,14.0,3,42.0,Credit Card,In-Store,2024-03-22,False
TXN_8307700,CUST_266,Electronics,Charger,25.0,,225.0,Credit Card,In-Store,2024-04-20,True
TXN_9044665,CUST_035,Stationery,Folder,3.0,,6.0,Cash,In-Store,2023-05-02,True
TXN_7037701,CUST_067,Patisserie,Doughnut,3.5,4,14.0,Digital Wallet,Online,2024-03-02,
TXN_8353172,CUST_005,Food,Bread,3.0,10,30.0,Credit Card,Online,2024-12-16,False
TXN_1012938,CUST_283,Stationery,Pen,1.5,10,15.0,Mobile Money,In-Store,2023-02-27,False
TXN_1896429,CUST_139,Furniture,Cabinet,95.0,3,285.0,Cash,Online,2023-01-30,False
TXN_8357247,CUST_018,Patisserie,Doughnut,3.5,4,14.0,Cash,In-Store,2022-03-19,False
TXN_7171511,CUST_235,Stationery,Folder,3.0,6,18.0,Digital Wallet,In-Store,2022-01-07,False
TXN_3844814,CUST_205,Furniture,Shelf,55.0,6,330.0,Cash,Online,2024-11-27,False
TXN_7765319,CUST_054,Electronics,Charger,25.0,10,250.0,Digital Wallet,In-Store,2022-08-22,False
TXN_6409861,CUST_252,Electronics,Mouse,18.0,,72.0,Digital Wallet,In-Store,2023-03-21,False
TXN_1824653,CUST_292,Electronics,Mouse,18.0,1,18.0,Digital Wallet,Online,2024-11-24,
TXN_8532351,CUST_494,Electronics,Headphones,22.0,1,22.0,Digital Wallet,Online,2022-05-10,False
TXN_6184837,CUST_137,Patisserie,Doughnut,3.5,10,35.0,Cash,Online,2024-04-23,False
TXN_4592944,CUST_309,Butchers,Sausage,7.5,10,75.0,Credit Card,In-Store,2024-01-27,False
TXN_2761025,CUST_321,Food,Cooking Oil,8.0,9,72.0,Credit Card,In-Store,2024-07-26,False
TXN_9189768,CUST_088,Electronics,Charger,25.0,6,150.0,Credit Card,In-Store,2022-04-05,True
TXN_1504655,CUST_488,Patisserie,Doughnut,3.5,2,7.0,Mobile Money,In-Store,2022-08-03,False
TXN_4138578,CUST_396,Patisserie,Muffin,4.5,9,40.5,Digital Wallet,In-Store,2023-01-03,False
TXN_8599566,CUST_269,Furniture,Cabinet,95.0,1,95.0,Cash,Online,2022-03-10,True
TXN_7616243,CUST_342,Stationery,Stapler,6.0,5,30.0,Cash,In-Store,2022-09-10,
TXN_1575854,CUST_139,Furniture,Shelf,55.0,7,385.0,Credit Card,Online,2022-08-27,False
TXN_8702137,CUST_436,Butchers,Chicken,9.0,6,54.0,Credit Card,Unknown,2023-04-24,
TXN_5438671,CUST_335,Electronics,Charger,25.0,4,100.0,Credit Card,In-Store,2024-03-21,True
TXN_4205228,CUST_035,Butchers,Beef,14.0,6,84.0,Digital Wallet,Online,2023-03-01,
TXN_7082199,CUST_035,Patisserie,Croissant,5.0,9,45.0,Mobile Money,Online,2022-02-26,
TXN_9755055,CUST_283,Beverages,Coffee,2.5,1,2.5,Cash,Online,2024-09-05,False
TXN_1020966,CUST_166,Beverages,Tea,3.5,3,10.5,Digital Wallet,Online,2024-06-14,True
TXN_9330512,CUST_464,Stationery,Folder,3.0,8,24.0,Credit Card,Online,2024-09-05,False
TXN_7914128,CUST_036,Stationery,Folder,3.0,7,21.0,Digital Wallet,In-Store,2024-05-31,
TXN_4565237,CUST_382,Beverages,Soda,2.0,2,4.0,Mobile Money,Online,2022-11-27,False
TXN_5391649,CUST_236,Butchers,Beef,14.0,10,140.0,Digital Wallet,Online,2023-03-20,False
TXN_3200852,CUST_310,Butchers,Sausage,7.5,2,15.0,Credit Card,Online,2022-12-26,False
TXN_4287093,CUST_138,Beverages,Coffee,2.5,6,15.0,Cash,Online,2022-02-22,False
TXN_3259071,CUST_255,Beverages,Water,1.5,2,3.0,Credit Card,In-Store,2024-05-18,
TXN_8796324,CUST_329,Food,Cereal,6.0,1,6.0,Cash,In-Store,2024-06-29,False
TXN_8348093,CUST_245,Food,Bread,3.0,7,21.0,Digital Wallet,In-Store,2024-09-04,True
TXN_4362216,CUST_062,Stationery,Notebook,4.0,10,40.0,Cash,Online,2024-12-18,
TXN_1928220,CUST_271,Patisserie,Cake,18.0,6,108.0,Credit Card,Online,2022-01-22,
TXN_3865057,CUST_255,Butchers,Sausage,7.5,3,22.5,Credit Card,Online,2023-06-10,False
TXN_4096215,CUST_455,Electronics,Mouse,18.0,7,126.0,Cash,Online,2022-08-03,
TXN_3179000,CUST_010,Stationery,Stapler,6.0,10,60.0,Digital Wallet,Online,2023-10-24,False
TXN_9743662,CUST_185,Furniture,Table,80.0,8,640.0,Mobile Money,Online,2024-01-02,False
TXN_1361046,CUST_261,Butchers,Chicken,9.0,9,81.0,Credit Card,In-Store,2024-05-11,True
TXN_4540849,CUST_497,Butchers,Lamb,16.0,1,16.0,Mobile Money,In-Store,2022-12-17,True
TXN_6334306,CUST_207,Electronics,Headphones,22.0,7,154.0,Mobile Money,In-Store,2023-06-03,
TXN_8059903,CUST_016,Butchers,Lamb,16.0,4,64.0,Digital Wallet,In-Store,2023-12-10,
TXN_4030490,CUST_295,Stationery,Folder,3.0,7,21.0,Cash,In-Store,2024-05-21,
TXN_2116030,CUST_242,Beverages,Tea,3.5,4,14.0,Digital Wallet,In-Store,2022-08-28,False
TXN_8917092,CUST_161,Food,Cooking Oil,8.0,6,48.0,Digital Wallet,Online,2022-11-13,True
TXN_9357100,CUST_138,Electronics,Keyboard,35.0,8,280.0,Mobile Money,In-Store,2024-12-16,False
TXN_2872825,CUST_088,Patisserie,Croissant,5.0,7,35.0,Digital Wallet,In-Store,2023-04-21,
TXN_8048527,CUST_409,Electronics,Mouse,18.0,2,36.0,Mobile Money,In-Store,2024-11-13,False
TXN_5378065,CUST_079,Stationery,Folder,3.0,3,9.0,Cash,In-Store,2023-03-25,True
TXN_5988339,CUST_066,Furniture,Desk,120.0,9,1080.0,Credit Card,Online,2023-10-31,
TXN_8904601,CUST_078,Food,Rice,5.5,7,38.5,Digital Wallet,In-Store,2024-06-10,
TXN_6561995,CUST_440,Stationery,Folder,3.0,2,6.0,Mobile Money,In-Store,2024-09-14,False
TXN_3398849,CUST_023,Stationery,Marker,2.5,4,10.0,Credit Card,Online,2022-11-17,False
TXN_3689784,CUST_499,Butchers,Pork,12.0,10,120.0,Digital Wallet,In-Store,2023-03-02,True
TXN_7641868,CUST_478,Butchers,Chicken,9.0,3,27.0,Credit Card,Online,2022-10-18,True
TXN_5197895,CUST_107,Stationery,Stapler,6.0,4,24.0,Digital Wallet,Online,2023-03-11,
TXN_9523838,CUST_217,Beverages,Juice,4.0,5,20.0,Credit Card,In-Store,2024-03-05,False
TXN_3368496,CUST_294,Butchers,Sausage,7.5,3,22.5,Mobile Money,In-Store,2023-06-23,
TXN_3090898,CUST_137,Butchers,Pork,12.0,9,108.0,Mobile Money,In-Store,2022-06-22,False
TXN_3458547,CUST_294,Furniture,Table,80.0,3,240.0,Mobile Money,Online,2022-06-21,
TXN_6149657,CUST_294,Patisserie,Pie,12.0,10,120.0,Cash,In-Store,2023-03-14,True
TXN_1504898,CUST_330,Electronics,Mouse,18.0,2,36.0,Mobile Money,Online,2022-09-23,False
TXN_4120452,CUST_214,Furniture,Table,80.0,4,320.0,Mobile Money,In-Store,2024-09-04,True
TXN_5990961,CUST_341,Food,Cereal,6.0,7,42.0,Cash,In-Store,2023-10-31,False
TXN_6279548,CUST_022,Butchers,Chicken,9.0,10,90.0,Cash,Online,2023-10-07,False
TXN_2399347,CUST_265,Electronics,Mouse,18.0,2,36.0,Digital Wallet,In-Store,2022-01-10,
TXN_8855220,CUST_241,Electronics,Mouse,18.0,1,18.0,Credit Card,Online,2023-07-16,False
TXN_6718365,CUST_194,Stationery,Pen,1.5,2,3.0,Mobile Money,Online,2024-06-30,False
TXN_7565269,CUST_388,Food,Cereal,6.0,7,42.0,Cash,In-Store,2023-10-01,False
TXN_4550985,CUST_188,Beverages,Water,1.5,9,13.5,Unknown,Online,2022-09-28,
TXN_8598498,CUST_479,Electronics,Charger,25.0,10,250.0,Cash,In-Store,2024-05-13,False
TXN_8676005,CUST_063,Patisserie,Doughnut,3.5,10,35.0,Cash,In-Store,2023-12-10,
TXN_2651210,CUST_309,Food,Rice,5.5,1,5.5,Credit Card,Online,2024-09-14,
TXN_8434462,CUST_276,Patisserie,Pie,12.0,7,84.0,Digital Wallet,Online,2023-07-27,False
TXN_5879975,CUST_414,Food,Cereal,6.0,8,48.0,Credit Card,In-Store,2023-01-27,True
TXN_3088632,CUST_358,Stationery,Folder,3.0,7,21.0,Credit Card,In-Store,2022-05-07,False
TXN_8929441,CUST_370,Butchers,Lamb,16.0,5,80.0,Digital Wallet,Online,2022-07-07,True
TXN_4894338,CUST_106,Butchers,Sausage,7.5,3,22.5,Mobile Money,Online,2022-07-26,False
TXN_4111652,CUST_117,Food,Rice,5.5,9,49.5,Cash,Online,2023-09-11,False
TXN_6486965,CUST_039,Beverages,Juice,4.0,8,32.0,Credit Card,In-Store,2023-01-22,
TXN_7813538,CUST_161,Stationery,Notebook,4.0,3,12.0,Credit Card,Online,2023-01-19,False
TXN_5439850,CUST_126,Butchers,Chicken,9.0,8,72.0,Credit Card,In-Store,2024-11-28,False
TXN_9877349,CUST_442,Electronics,Mouse,18.0,7,126.0,Mobile Money,In-Store,2023-05-31,True
TXN_2914851,CUST_126,Food,Cooking Oil,8.0,8,64.0,Digital Wallet,Online,2022-08-30,
TXN_9837590,CUST_143,Stationery,Folder,3.0,3,9.0,Mobile Money,Online,2024-04-13,False
TXN_1388076,CUST_041,Electronics,Charger,25.0,5,125.0,Credit Card,Online,2023-01-16,False
TXN_8021835,CUST_150,Stationery,Notebook,4.0,2,8.0,Cash,Online,2023-11-15,False
TXN_2185111,CUST_037,Furniture,Chair,35.0,9,315.0,Cash,In-Store,2024-05-05,False
TXN_6966882,CUST_353,Patisserie,Doughnut,3.5,5,17.5,Digital Wallet,In-Store,2024-07-29,False
TXN_2279938,CUST_389,Patisserie,Doughnut,3.5,7,24.5,Cash,In-Store,2022-06-17,
TXN_3469606,CUST_078,Beverages,Soda,2.0,1,2.0,Cash,Online,2022-02-18,True
TXN_1456982,CUST_171,Beverages,Tea,3.5,9,31.5,Digital Wallet,Online,2024-10-07,False
TXN_9457411,CUST_421,Patisserie,Pie,12.0,7,84.0,Mobile Money,In-Store,2023-07-13,True
TXN_8433980,CUST_408,Beverages,Water,1.5,3,4.5,Digital Wallet,Online,2024-01-26,True
TXN_8106860,CUST_386,Furniture,Chair,35.0,5,175.0,Credit Card,Online,2023-11-17,
TXN_6091295,CUST_308,Electronics,Keyboard,35.0,5,175.0,Unknown,In-Store,2024-02-13,False
TXN_4185714,CUST_097,Stationery,Notebook,4.0,5,20.0,Mobile Money,In-Store,2022-04-06,
TXN_8010154,CUST_149,Patisserie,Doughnut,3.5,2,7.0,Credit Card,Online,2022-12-07,False
TXN_8019431,CUST_308,Electronics,Headphones,22.0,7,154.0,Mobile Money,In-Store,2023-01-05,False
TXN_3992529,CUST_074,Stationery,Folder,3.0,4,12.0,Mobile Money,Online,2022-05-20,
TXN_9897475,CUST_469,Food,Unknown,3.0,6,18.0,Digital Wallet,Online,2023-07-31,False
TXN_5835620,CUST_258,Beverages,Coffee,2.5,5,12.5,Cash,In-Store,2022-09-08,
TXN_9105925,CUST_061,Stationery,Marker,2.5,8,20.0,Credit Card,In-Store,2023-09-07,
TXN_9670202,CUST_461,Electronics,Headphones,22.0,10,220.0,Cash,Online,2023-12-25,False
TXN_7546683,CUST_407,Patisserie,Cake,18.0,3,54.0,Credit Card,Online,2023-08-14,
TXN_8326434,CUST_177,Butchers,Beef,14.0,8,112.0,Digital Wallet,Online,2024-09-04,False
TXN_1801125,CUST_106,Electronics,Mouse,18.0,3,54.0,Digital Wallet,In-Store,2023-07-30,False
TXN_8820783,CUST_381,Food,Bread,3.0,7,21.0,Credit Card,Online,2024-03-30,False
TXN_5782883,CUST_257,Beverages,Juice,4.0,1,4.0,Mobile Money,In-Store,2023-12-20,False
TXN_1808301,CUST_069,Patisserie,Cake,18.0,9,162.0,Digital Wallet,Online,2024-03-12,True
TXN_7404892,CUST_119,Stationery,Marker,2.5,4,10.0,Mobile Money,In-Store,2022-11-20,False
TXN_8173625,CUST_256,Patisserie,Pie,12.0,3,36.0,Credit Card,In-Store,2022-10-06,True
TXN_2498447,CUST_188,Food,Cooking Oil,8.0,1,8.0,Digital Wallet,In-Store,2023-04-24,
TXN_7576223,CUST_255,Electronics,Headphones,22.0,3,66.0,Credit Card,Online,2024-06-02,False
TXN_7927646,CUST_188,Stationery,Stapler,6.0,5,30.0,Digital Wallet,Online,2023-06-02,True
TXN_2390179,CUST_173,Food,Cooking Oil,8.0,7,56.0,Cash,Online,2022-08-14,
TXN_5463158,CUST_393,Patisserie,Pie,12.0,5,60.0,Digital Wallet,In-Store,2022-08-26,False
TXN_6807290,CUST_428,Patisserie,Croissant,5.0,10,50.0,Credit Card,Online,2023-06-04,
TXN_3981578,CUST_410,Stationery,Folder,3.0,1,3.0,Mobile Money,In-Store,2023-03-30,False
TXN_7423827,CUST_187,Patisserie,Croissant,5.0,4,20.0,Credit Card,In-Store,2022-03-19,False
TXN_4488222,CUST_316,Butchers,Pork,12.0,7,84.0,Digital Wallet,Online,2024-09-19,False
TXN_1049892,CUST_346,Food,Cooking Oil,8.0,10,80.0,Credit Card,In-Store,2022-11-15,False
TXN_1952602,CUST_479,Butchers,Sausage,7.5,10,75.0,Digital Wallet,In-Store,2022-11-01,False
TXN_6240527,CUST_194,Beverages,Water,1.5,10,15.0,Mobile Money,In-Store,2024-04-18,False
TXN_1365750,CUST_435,Food,Pasta,4.5,1,4.5,Digital Wallet,Online,2024-02-15,True
TXN_1806244,CUST_491,Food,Cereal,6.0,4,24.0,Mobile Money,In-Store,2022-12-23,True
TXN_8288538,CUST_411,Beverages,Tea,3.5,5,17.5,Credit Card,In-Store,2022-04-22,
TXN_8021108,CUST_300,Butchers,Beef,14.0,10,140.0,Credit Card,Unknown,2022-10-21,True
TXN_7911542,CUST_404,Furniture,Table,80.0,8,640.0,Cash,In-Store,2022-03-09,False
TXN_4345026,CUST_156,Patisserie,Doughnut,3.5,6,21.0,Mobile Money,Online,2022-01-13,True
TXN_1028004,CUST_477,Electronics,Keyboard,35.0,3,105.0,Cash,Online,2022-01-02,False
TXN_8156406,CUST_413,Butchers,Lamb,16.0,2,32.0,Mobile Money,Online,2024-07-01,False
TXN_4538236,CUST_228,Butchers,Beef,14.0,8,112.0,Cash,Online,2024-02-05,
TXN_5731909,CUST_379,Stationery,Folder,3.0,1,3.0,Credit Card,Online,2022-08-12,False
TXN_9554855,CUST_378,Beverages,Water,1.5,1,1.5,Cash,Online,2024-03-09,True
TXN_4072748,CUST_254,Stationery,Pen,1.5,4,6.0,Mobile Money,In-Store,2023-07-08,False
TXN_3207735,CUST_146,Electronics,USB Cable,8.0,2,16.0,Credit Card,Online,2022-12-27,False
TXN_8815302,CUST_331,Stationery,Pen,1.5,3,4.5,Unknown,Online,2023-10-22,
TXN_3543498,CUST_409,Electronics,Keyboard,35.0,2,70.0,Cash,Online,2024-08-26,
TXN_4917000,CUST_028,Food,Bread,3.0,10,30.0,Digital Wallet,In-Store,2023-01-29,
TXN_4370117,CUST_163,Electronics,USB Cable,8.0,3,24.0,Credit Card,In-Store,2024-07-08,True
TXN_9228389,CUST_122,Electronics,USB Cable,8.0,10,80.0,Mobile Money,In-Store,2022-05-05,
TXN_8311231,CUST_074,Beverages,Coffee,2.5,3,7.5,Mobile Money,In-Store,2022-10-12,False
TXN_2672675,CUST_492,Electronics,Keyboard,35.0,8,280.0,Mobile Money,In-Store,2024-07-14,
TXN_3190372,CUST_363,Furniture,Table,80.0,10,800.0,Cash,Online,2022-08-06,False
TXN_6845895,CUST_443,Furniture,Chair,35.0,3,105.0,Credit Card,In-Store,2022-11-01,True
TXN_6304201,CUST_263,Patisserie,Croissant,5.0,8,40.0,Cash,Online,2022-03-27,
TXN_2374048,CUST_030,Patisserie,Doughnut,3.5,1,3.5,Cash,In-Store,2023-11-26,False
TXN_1629816,CUST_217,Furniture,Shelf,55.0,5,275.0,Mobile Money,In-Store,2024-09-30,
TXN_3949908,CUST_338,Furniture,Desk,120.0,5,600.0,Cash,Online,2024-04-21,False
TXN_1780312,CUST_296,Butchers,Chicken,9.0,10,90.0,Cash,Online,2022-04-18,False
TXN_2182796,CUST_497,Butchers,Beef,14.0,1,14.0,Mobile Money,Online,2022-04-08,False
TXN_5550038,CUST_373,Furniture,Chair,35.0,2,70.0,Cash,In-Store,2024-11-28,False
TXN_9040041,CUST_033,Patisserie,Doughnut,3.5,1,3.5,Digital Wallet,Online,2022-04-17,False
TXN_5027187,CUST_341,Furniture,Table,80.0,1,80.0,Cash,Online,2022-11-17,
TXN_1577823,CUST_355,Stationery,Marker,2.5,9,22.5,Digital Wallet,In-Store,2022-07-29,False
TXN_7867440,CUST_452,Beverages,Coffee,2.5,6,15.0,Credit Card,In-Store,2024-10-17,True
TXN_5409013,CUST_257,Furniture,Chair,35.0,2,70.0,Cash,Online,2024-05-20,
TXN_9472714,CUST_195,Electronics,Headphones,22.0,8,176.0,Digital Wallet,In-Store,2023-10-09,True
TXN_9573736,CUST_348,Butchers,Beef,14.0,5,70.0,Digital Wallet,In-Store,2023-11-06,False
TXN_5007324,CUST_139,Food,Pasta,4.5,8,36.0,Cash,Online,2023-03-15,True
TXN_8356505,CUST_260,Patisserie,Cake,18.0,3,54.0,Credit Card,Online,2023-08-31,False
TXN_1031935,CUST_271,Beverages,Water,1.5,7,10.5,Mobile Money,Online,2023-03-08,
TXN_5159962,CUST_143,Furniture,Desk,120.0,10,1200.0,Digital Wallet,Unknown,2022-03-31,
TXN_6862494,CUST_347,Butchers,Lamb,16.0,1,16.0,Mobile Money,Online,2023-07-28,False
TXN_7358236,CUST_310,Beverages,Tea,3.5,5,17.5,Credit Card,In-Store,2022-02-07,
TXN_3904492,CUST_392,Butchers,Sausage,7.5,8,60.0,Cash,In-Store,2024-07-28,False
TXN_6010281,CUST_381,Patisserie,Cake,18.0,7,126.0,Mobile Money,In-Store,2023-03-23,
TXN_6897829,CUST_008,Electronics,Mouse,18.0,4,72.0,Credit Card,In-Store,2023-02-08,
TXN_1448345,CUST_019,Electronics,Headphones,22.0,10,220.0,Digital Wallet,Online,2022-06-22,True
TXN_4032563,CUST_115,Food,Bread,3.0,1,3.0,Digital Wallet,In-Store,2023-07-07,False
TXN_1037109,CUST_475,Stationery,Folder,3.0,1,3.0,Cash,In-Store,2022-06-07,False
TXN_4191088,CUST_281,Furniture,Shelf,55.0,2,110.0,Mobile Money,Online,2024-12-25,False
TXN_4754075,CUST_208,Beverages,Tea,3.5,5,17.5,Mobile Money,Online,2022-06-05,False
TXN_5131279,CUST_163,Furniture,Shelf,55.0,1,55.0,Credit Card,In-Store,2022-01-20,False
TXN_5762152,CUST_121,Furniture,Shelf,55.0,5,275.0,Credit Card,In-Store,2024-01-13,False
TXN_6451151,CUST_009,Electronics,Headphones,22.0,5,110.0,Cash,Online,2024-07-11,False
TXN_4794419,CUST_023,Beverages,Juice,4.0,2,8.0,Mobile Money,In-Store,2023-10-18,False
TXN_4630354,CUST_197,Beverages,Unknown,1.5,5,7.5,Credit Card,In-Store,2024-01-18,False
TXN_7034298,CUST_127,Electronics,Charger,25.0,5,125.0,Digital Wallet,In-Store,2024-11-07,False
TXN_7897498,CUST_158,Furniture,Table,80.0,9,720.0,Digital Wallet,Online,2024-07-08,
TXN_1867344,CUST_039,Food,Pasta,4.5,9,40.5,Cash,Online,2022-10-07,False
TXN_8272268,CUST_272,Stationery,Pen,1.5,9,13.5,Cash,Online,2023-11-26,False
TXN_8098334,CUST_316,Food,Bread,3.0,2,6.0,Mobile Money,In-Store,2022-10-26,False
TXN_5634752,CUST_269,Food,Rice,5.5,2,11.0,Credit Card,Online,2022-01-17,False
TXN_5498492,CUST_331,Butchers,Beef,14.0,6,84.0,Cash,In-Store,2024-05-16,False
TXN_5304855,CUST_147,Beverages,Soda,2.0,7,14.0,Cash,Online,2022-02-21,True
TXN_2244588,CUST_241,Beverages,Soda,2.0,9,18.0,Digital Wallet,In-Store,2023-05-11,False
TXN_4322099,CUST_375,Patisserie,Cake,18.0,,18.0,Credit Card,In-Store,2024-05-28,False
TXN_2265598,CUST_256,Furniture,Chair,35.0,4,140.0,Digital Wallet,In-Store,2024-10-28,False
TXN_5076773,CUST_096,Furniture,Chair,35.0,2,70.0,Credit Card,Online,2023-01-13,False
TXN_9864367,CUST_351,Butchers,Sausage,7.5,6,45.0,Cash,In-Store,2024-11-16,False
TXN_7688064,CUST_306,Electronics,Mouse,18.0,4,72.0,Cash,In-Store,2022-05-24,False
TXN_1091006,CUST_452,Butchers,Unknown,9.0,1,9.0,Credit Card,In-Store,2022-04-28,False
TXN_8386089,CUST_363,Stationery,Marker,2.5,8,20.0,Mobile Money,In-Store,2022-03-25,False
TXN_2857323,CUST_113,Butchers,Pork,12.0,5,60.0,Credit Card,Online,2022-01-19,False
TXN_3797995,CUST_296,Electronics,Mouse,18.0,6,108.0,Cash,In-Store,2022-11-30,False
TXN_8896703,CUST_307,Beverages,Juice,4.0,8,32.0,Credit Card,In-Store,2022-06-28,False
TXN_6137532,CUST_444,Food,Cereal,6.0,6,36.0,Digital Wallet,In-Store,2024-05-18,
TXN_2594745,CUST_090,Beverages,Water,1.5,2,3.0,Digital Wallet,Online,2022-06-05,False
TXN_4144405,CUST_121,Electronics,Charger,25.0,9,225.0,Digital Wallet,In-Store,2022-10-03,
TXN_5633572,CUST_160,Stationery,Notebook,4.0,7,28.0,Mobile Money,In-Store,2024-06-06,False
TXN_2469361,CUST_103,Electronics,Mouse,18.0,6,108.0,Credit Card,In-Store,2024-06-05,True
TXN_3455607,CUST_054,Furniture,Shelf,55.0,10,550.0,Cash,In-Store,2022-08-02,False
TXN_5594927,CUST_263,Food,Cooking Oil,8.0,6,48.0,Mobile Money,Online,2024-11-19,True
TXN_7428540,CUST_452,Patisserie,Pie,12.0,6,72.0,Mobile Money,In-Store,2023-05-09,False
TXN_4627798,CUST_243,Electronics,Keyboard,35.0,4,140.0,Credit Card,Online,2024-10-11,True
TXN_4731097,CUST_153,Furniture,Chair,35.0,9,315.0,Digital Wallet,Online,2024-07-20,False
TXN_6173395,CUST_018,Beverages,Water,1.5,4,6.0,Credit Card,In-Store,2023-10-25,True
TXN_1952732,CUST_153,Food,Rice,5.5,7,38.5,Mobile Money,In-Store,2024-10-22,False
TXN_4201078,CUST_442,Stationery,Stapler,6.0,9,54.0,Digital Wallet,Online,2022-01-12,True
TXN_3625660,CUST_011,Beverages,Water,1.5,10,15.0,Mobile Money,In-Store,2024-07-29,False
TXN_6305377,CUST_243,Electronics,Charger,25.0,5,125.0,Digital Wallet,In-Store,2024-02-10,
TXN_5352641,CUST_019,Furniture,Chair,35.0,9,315.0,Mobile Money,In-Store,2023-05-28,False
TXN_2775469,CUST_432,Furniture,Desk,120.0,10,1200.0,Digital Wallet,Online,2022-07-19,
TXN_5206989,CUST_226,Beverages,Unknown,2.5,8,20.0,Mobile Money,In-Store,2022-04-16,False
TXN_3959034,CUST_243,Butchers,Sausage,7.5,7,52.5,Credit Card,Online,2023-08-01,False
TXN_8045472,CUST_396,Patisserie,Croissant,5.0,8,40.0,Credit Card,In-Store,2023-03-31,False
TXN_5397458,CUST_205,Food,Cooking Oil,8.0,2,16.0,Digital Wallet,Online,2023-08-18,False
TXN_4781217,CUST_008,Food,Cooking Oil,8.0,5,40.0,Credit Card,Online,2022-05-14,False
TXN_2979525,CUST_332,Electronics,Headphones,22.0,1,22.0,Credit Card,In-Store,2023-05-10,False
TXN_3362854,CUST_045,Electronics,Headphones,22.0,9,198.0,Credit Card,Online,2023-08-06,
TXN_4903881,CUST_050,Butchers,Sausage,7.5,9,67.5,Mobile Money,Online,2022-02-01,True
TXN_1611821,CUST_242,Butchers,Lamb,16.0,2,32.0,Cash,Online,2024-11-28,False
TXN_6925803,CUST_124,Butchers,Beef,14.0,5,70.0,Digital Wallet,In-Store,2022-08-17,False
TXN_3117709,CUST_322,Furniture,Desk,120.0,9,1080.0,Digital Wallet,In-Store,2024-11-07,False
TXN_3683554,CUST_297,Electronics,USB Cable,8.0,8,64.0,Unknown,Online,2023-09-10,
TXN_1106998,CUST_358,Beverages,Water,1.5,5,7.5,Credit Card,In-Store,2023-03-28,
TXN_8871917,CUST_363,Butchers,Sausage,7.5,10,75.0,Mobile Money,Unknown,2022-09-19,
TXN_4462513,CUST_245,Electronics,Keyboard,35.0,3,105.0,Credit Card,Online,2023-01-08,True
TXN_6365082,CUST_340,Food,Cooking Oil,8.0,8,64.0,Digital Wallet,Online,2024-02-28,False
TXN_5971158,CUST_064,Stationery,Notebook,4.0,3,12.0,Mobile Money,In-Store,2022-06-16,False
TXN_5414011,CUST_098,Butchers,Lamb,16.0,7,112.0,Digital Wallet,Online,2022-06-22,False
TXN_7810183,CUST_152,Beverages,Water,1.5,10,15.0,Mobile Money,In-Store,2024-05-08,
TXN_6654111,CUST_382,Electronics,Keyboard,35.0,8,280.0,Cash,Online,2022-05-30,True
TXN_4578687,CUST_308,Stationery,Pen,1.5,3,4.5,Mobile Money,In-Store,2022-11-21,True
TXN_5249112,CUST_312,Beverages,Soda,2.0,7,14.0,Credit Card,In-Store,2023-08-25,
TXN_1864899,CUST_336,Stationery,Notebook,4.0,3,12.0,Mobile Money,In-Store,2024-07-10,True
TXN_2164079,CUST_434,Stationery,Folder,3.0,4,12.0,Digital Wallet,In-Store,2024-02-19,True
TXN_1275850,CUST_431,Beverages,Water,1.5,8,12.0,Cash,Online,2024-05-06,False
TXN_7521091,CUST_218,Electronics,Mouse,18.0,5,90.0,Mobile Money,Online,2022-04-09,False
TXN_2359898,CUST_042,Beverages,Tea,3.5,1,3.5,Cash,In-Store,2022-03-05,False
TXN_9191585,CUST_091,Butchers,Lamb,16.0,6,96.0,Mobile Money,In-Store,2023-12-27,True
TXN_7646695,CUST_173,Furniture,Shelf,55.0,7,385.0,Digital Wallet,Online,2023-08-23,False
TXN_1136529,CUST_311,Beverages,Water,1.5,4,6.0,Mobile Money,Online,2024-12-06,False
TXN_5931029,CUST_320,Stationery,Marker,2.5,9,22.5,Digital Wallet,Online,2022-12-13,False
TXN_9061873,CUST_357,Furniture,Cabinet,95.0,1,95.0,Credit Card,In-Store,2024-11-16,
TXN_7819902,CUST_292,Furniture,Table,80.0,4,320.0,Digital Wallet,Online,2024-03-31,
TXN_7561544,CUST_207,Butchers,Chicken,9.0,4,36.0,Digital Wallet,Online,2022-02-06,False
TXN_8139608,CUST_043,Electronics,USB Cable,8.0,7,56.0,Credit Card,Online,2023-12-04,False
TXN_5198811,CUST_223,Butchers,Beef,14.0,4,56.0,Cash,Online,2023-04-27,False
TXN_8076884,CUST_073,Furniture,Table,80.0,6,480.0,Credit Card,Online,2023-05-12,False
TXN_1216651,CUST_379,Butchers,Pork,12.0,1,12.0,Credit Card,In-Store,2023-08-18,True
TXN_6300961,CUST_324,Beverages,Tea,3.5,4,14.0,Digital Wallet,In-Store,2024-01-05,False
TXN_6195159,CUST_053,Butchers,Sausage,7.5,4,30.0,Mobile Money,Online,2022-02-06,True
TXN_4297466,CUST_372,Butchers,Pork,12.0,5,60.0,Credit Card,Online,2022-07-13,False
TXN_6528834,CUST_093,Electronics,Mouse,18.0,6,108.0,Digital Wallet,In-Store,2023-06-17,False
TXN_9947881,CUST_272,Butchers,Chicken,9.0,10,90.0,Credit Card,Online,2022-05-31,True
TXN_7119922,CUST_310,Stationery,Pen,1.5,6,9.0,Mobile Money,In-Store,2022-08-15,False
TXN_6749609,CUST_493,Butchers,Sausage,7.5,9,67.5,Mobile Money,Online,2022-03-15,False
TXN_5062175,CUST_129,Furniture,Desk,120.0,4,480.0,Cash,In-Store,2022-09-03,
TXN_4063663,CUST_058,Stationery,Pen,1.5,6,9.0,Cash,Online,2022-09-06,False
TXN_4699391,CUST_447,Beverages,Water,1.5,7,10.5,Cash,Online,2024-05-10,False
TXN_4622546,CUST_316,Food,Rice,5.5,3,16.5,Digital Wallet,In-Store,2023-03-10,False
TXN_5063068,CUST_425,Food,Bread,3.0,4,12.0,Digital Wallet,In-Store,2023-03-10,False
TXN_3703934,CUST_347,Furniture,Chair,35.0,10,350.0,Mobile Money,In-Store,2023-01-17,False
TXN_6250305,CUST_058,Stationery,Folder,3.0,4,12.0,Mobile Money,Online,2023-05-13,
TXN_9386369,CUST_292,Butchers,Beef,14.0,6,84.0,Credit Card,Online,2024-05-25,False
TXN_2621345,CUST_418,Food,Rice,5.5,1,5.5,Cash,Online,2023-07-10,False
TXN_3022862,CUST_120,Electronics,Headphones,22.0,3,66.0,Mobile Money,In-Store,2023-12-24,False
TXN_6596526,CUST_280,Electronics,Headphones,22.0,5,110.0,Digital Wallet,Online,2022-07-08,False
TXN_4681335,CUST_387,Furniture,Table,80.0,9,720.0,Credit Card,In-Store,2022-02-07,True
TXN_5530889,CUST_424,Stationery,Folder,3.0,4,12.0,Mobile Money,Online,2022-01-02,False
TXN_7030613,CUST_451,Beverages,Coffee,2.5,8,20.0,Mobile Money,In-Store,2023-07-23,True
TXN_6914063,CUST_448,Electronics,Charger,25.0,4,100.0,Credit Card,Online,2024-07-14,
TXN_9508627,CUST_008,Electronics,Charger,25.0,4,100.0,Credit Card,In-Store,2022-02-11,
TXN_1171550,CUST_307,Food,Rice,5.5,6,33.0,Cash,In-Store,2023-10-21,
TXN_2301732,CUST_273,Electronics,Headphones,22.0,1,22.0,Digital Wallet,In-Store,2023-10-14,False
TXN_7472345,CUST_209,Electronics,Mouse,18.0,6,108.0,Mobile Money,Online,2023-10-11,False
TXN_6413836,CUST_468,Patisserie,Croissant,5.0,4,20.0,Unknown,In-Store,2024-10-11,False
TXN_6794182,CUST_260,Beverages,Juice,4.0,9,36.0,Digital Wallet,Online,2022-09-11,
TXN_7107444,CUST_108,Electronics,Charger,25.0,7,175.0,Cash,In-Store,2024-01-10,False
TXN_6868555,CUST_237,Beverages,Juice,4.0,2,8.0,Credit Card,Online,2023-02-11,False
TXN_9901674,CUST_211,Patisserie,Doughnut,3.5,5,17.5,Mobile Money,Online,2024-05-07,True
TXN_5054238,CUST_122,Butchers,Lamb,16.0,9,144.0,Credit Card,In-Store,2024-04-18,False
TXN_8327756,CUST_157,Food,Bread,3.0,10,30.0,Cash,Online,2023-08-18,
TXN_4577141,CUST_346,Beverages,Juice,4.0,3,12.0,Cash,Online,2022-06-05,False
TXN_5318435,CUST_187,Furniture,Table,80.0,10,800.0,Cash,Online,2022-07-22,False
TXN_6735193,CUST_299,Furniture,Desk,120.0,3,360.0,Digital Wallet,In-Store,2022-01-11,
TXN_6027551,CUST_027,Stationery,Pen,1.5,8,12.0,Unknown,Online,2022-06-14,False
TXN_3581692,CUST_071,Electronics,Mouse,18.0,9,162.0,Digital Wallet,Online,2023-04-13,False
TXN_9914164,CUST_467,Patisserie,Pie,12.0,8,96.0,Credit Card,In-Store,2023-03-18,
TXN_1112319,CUST_030,Butchers,Chicken,9.0,10,90.0,Cash,In-Store,2022-09-13,True
TXN_6109164,CUST_365,Stationery,Pen,1.5,6,9.0,Cash,Online,2024-05-25,False
TXN_8449607,CUST_321,Electronics,USB Cable,8.0,2,16.0,Unknown,In-Store,2023-03-19,False
TXN_2430098,CUST_379,Food,Cereal,6.0,8,48.0,Digital Wallet,Online,2023-12-31,False
TXN_2558544,CUST_223,Patisserie,Doughnut,3.5,5,17.5,Credit Card,Online,2022-08-22,False
TXN_6384176,CUST_253,Butchers,Beef,14.0,10,140.0,Credit Card,In-Store,2024-06-15,False
TXN_5421590,CUST_026,Beverages,Juice,4.0,10,40.0,Credit Card,Online,2024-01-08,
TXN_5501461,CUST_220,Furniture,Shelf,55.0,3,165.0,Credit Card,Online,2024-02-03,
TXN_1313678,CUST_160,Beverages,Coffee,2.5,5,12.5,Mobile Money,In-Store,2022-12-18,False
TXN_9497552,CUST_400,Beverages,Soda,2.0,6,12.0,Digital Wallet,In-Store,2024-06-17,False
TXN_5133279,CUST_245,Stationery,Stapler,6.0,6,36.0,Credit Card,In-Store,2022-11-19,False
TXN_1675510,CUST_013,Electronics,Charger,25.0,1,25.0,Digital Wallet,In-Store,2024-05-16,True
TXN_1132309,CUST_336,Electronics,Mouse,18.0,9,162.0,Credit Card,Online,2022-05-13,
TXN_2959859,CUST_134,Patisserie,Doughnut,3.5,4,14.0,Cash,Online,2023-11-21,False
TXN_9851932,CUST_103,Food,Rice,5.5,5,27.5,Digital Wallet,Online,2022-09-07,False
TXN_2417191,CUST_071,Furniture,Cabinet,95.0,3,285.0,Mobile Money,Online,2024-11-08,False
TXN_1685691,CUST_073,Electronics,Keyboard,35.0,8,280.0,Credit Card,Online,2022-01-27,True
TXN_6238631,CUST_248,Stationery,Stapler,6.0,4,24.0,Mobile Money,In-Store,2022-10-13,False
TXN_8862148,CUST_218,Food,Bread,3.0,1,3.0,Cash,In-Store,2023-01-12,False
TXN_3132343,CUST_346,Patisserie,Doughnut,3.5,10,35.0,Credit Card,Online,2023-08-08,
TXN_6819452,CUST_425,Butchers,Chicken,9.0,7,63.0,Cash,In-Store,2024-03-28,True
TXN_3046294,CUST_089,Patisserie,Croissant,5.0,1,5.0,Credit Card,Online,2024-04-01,False
TXN_6613163,CUST_336,Food,Cereal,6.0,3,18.0,Credit Card,In-Store,2022-07-13,
TXN_4357679,CUST_324,Patisserie,Muffin,4.5,4,18.0,Cash,Online,2022-05-07,True
TXN_7236718,CUST_432,Butchers,Pork,12.0,8,96.0,Credit Card,Online,2024-11-13,
TXN_6587505,CUST_090,Patisserie,Croissant,5.0,4,20.0,Mobile Money,Online,2023-01-04,False
TXN_8458310,CUST_112,Food,Rice,5.5,9,49.5,Credit Card,Online,2023-01-11,False
TXN_5017380,CUST_152,Patisserie,Doughnut,3.5,9,31.5,Mobile Money,In-Store,2024-07-04,False
TXN_4466689,CUST_063,Beverages,Water,1.5,3,4.5,Mobile Money,In-Store,2024-05-20,False
TXN_5327199,CUST_429,Butchers,Beef,14.0,5,70.0,Credit Card,Online,2024-05-10,False
TXN_1698673,CUST_167,Butchers,Sausage,7.5,8,60.0,Mobile Money,Online,2023-04-20,False
TXN_4777264,CUST_178,Food,Bread,3.0,10,30.0,Credit Card,In-Store,2023-12-05,
TXN_5373178,CUST_375,Butchers,Beef,14.0,6,84.0,Digital Wallet,Online,2023-01-07,False
TXN_5912301,CUST_029,Stationery,Folder,3.0,7,21.0,Digital Wallet,Online,2024-10-10,True
TXN_2911950,CUST_188,Food,Rice,5.5,5,27.5,Mobile Money,In-Store,2024-08-17,False
TXN_1838206,CUST_376,Food,Rice,5.5,9,49.5,Digital Wallet,Online,2022-05-15,True
TXN_5861083,CUST_221,Stationery,Notebook,4.0,10,40.0,Mobile Money,In-Store,2023-06-17,False
TXN_9177448,CUST_034,Patisserie,Pie,12.0,2,24.0,Credit Card,Online,2022-07-01,False
TXN_5964948,CUST_423,Food,Rice,5.5,4,22.0,Credit Card,Online,2023-08-16,
TXN_3053059,CUST_049,Furniture,Table,80.0,4,320.0,Credit Card,Online,2023-10-01,False
TXN_1088410,CUST_349,Stationery,Marker,2.5,8,20.0,Mobile Money,Online,2024-05-07,False
TXN_4254621,CUST_098,Stationery,Marker,2.5,7,17.5,Digital Wallet,In-Store,2022-11-09,False
TXN_8099312,CUST_244,Patisserie,Muffin,4.5,9,40.5,Mobile Money,Online,2024-10-14,False
TXN_2936249,CUST_087,Beverages,Juice,4.0,1,4.0,Cash,In-Store,2024-11-11,False
TXN_8622611,CUST_150,Stationery,Marker,2.5,6,15.0,Mobile Money,In-Store,2024-02-18,False
TXN_7956530,CUST_339,Patisserie,Croissant,5.0,2,10.0,Cash,Online,2022-02-02,True
TXN_8879814,CUST_055,Beverages,Tea,3.5,10,35.0,Mobile Money,In-Store,2023-01-09,False
TXN_8173404,CUST_402,Butchers,Lamb,16.0,5,80.0,Cash,Online,2022-06-09,
TXN_9491408,CUST_357,Food,Cooking Oil,8.0,9,72.0,Digital Wallet,In-Store,2024-04-13,True
TXN_7285939,CUST_092,Stationery,Stapler,6.0,6,36.0,Credit Card,In-Store,2024-09-27,False
TXN_4491821,CUST_219,Food,Bread,3.0,9,27.0,Mobile Money,In-Store,2023-01-31,
TXN_5084584,CUST_435,Stationery,Pen,1.5,,7.5,Credit Card,In-Store,2022-01-11,False
TXN_2055675,CUST_343,Stationery,Notebook,4.0,1,4.0,Mobile Money,In-Store,2023-04-12,True
TXN_6714700,CUST_209,Butchers,Chicken,9.0,10,90.0,Digital Wallet,Unknown,2024-09-12,False
TXN_2802466,CUST_048,Stationery,Marker,2.5,7,17.5,Credit Card,Online,2022-07-06,
TXN_3804482,CUST_469,Furniture,Table,80.0,6,480.0,Credit Card,Online,2024-04-13,False
TXN_9916311,CUST_497,Beverages,Juice,4.0,10,40.0,Cash,In-Store,2024-01-10,
TXN_1677224,CUST_138,Furniture,Chair,35.0,1,35.0,Credit Card,Online,2022-03-03,False
TXN_2652730,CUST_399,Beverages,Tea,3.5,10,35.0,Digital Wallet,In-Store,2023-11-21,
TXN_1756079,CUST_495,Electronics,Mouse,18.0,2,36.0,Cash,Online,2023-12-19,False
TXN_5945398,CUST_173,Furniture,Table,80.0,7,560.0,Cash,In-Store,2023-09-19,
TXN_6253974,CUST_408,Beverages,Soda,2.0,3,6.0,Digital Wallet,Online,2024-09-20,False
TXN_3219627,CUST_486,Food,Pasta,4.5,7,31.5,Digital Wallet,Online,2023-03-15,
TXN_7960219,CUST_266,Electronics,USB Cable,8.0,4,32.0,Digital Wallet,Online,2024-04-08,True
TXN_6343046,CUST_131,Furniture,Chair,35.0,5,175.0,Mobile Money,In-Store,2022-11-19,True
TXN_6611767,CUST_361,Patisserie,Croissant,5.0,5,25.0,Cash,Online,2022-03-19,False
TXN_9039894,CUST_431,Electronics,Headphones,22.0,3,66.0,Digital Wallet,In-Store,2024-10-01,True
TXN_7034478,CUST_466,Furniture,Chair,35.0,2,70.0,Credit Card,Online,2023-06-06,False
TXN_2477177,CUST_405,Stationery,Pen,1.5,1,1.5,Digital Wallet,In-Store,2024-07-17,True
TXN_2243294,CUST_188,Food,Rice,5.5,3,16.5,Mobile Money,In-Store,2022-07-30,True
TXN_3482062,CUST_299,Electronics,USB Cable,8.0,5,40.0,Credit Card,In-Store,2022-11-26,False
TXN_8178281,CUST_486,Furniture,Chair,35.0,4,140.0,Cash,In-Store,2023-05-17,True
TXN_7375725,CUST_112,Butchers,Lamb,16.0,8,128.0,Cash,Online,2024-02-12,False
TXN_1946219,CUST_492,Beverages,Water,1.5,8,12.0,Mobile Money,In-Store,2023-10-02,False
TXN_6840298,CUST_403,Food,Unknown,8.0,1,8.0,Mobile Money,In-Store,2023-12-28,
TXN_8483265,CUST_068,Stationery,Folder,3.0,3,9.0,Credit Card,Online,2022-01-07,True
TXN_8871095,CUST_439,Furniture,Desk,120.0,7,840.0,Digital Wallet,In-Store,2023-06-14,False
TXN_7942036,CUST_245,Stationery,Notebook,4.0,4,16.0,Credit Card,Online,2024-06-30,False
TXN_4596436,CUST_027,Patisserie,Doughnut,3.5,1,3.5,Digital Wallet,Online,2022-09-05,False
TXN_9612670,CUST_131,Patisserie,Cake,18.0,1,18.0,Digital Wallet,In-Store,2023-07-21,
TXN_2255300,CUST_369,Patisserie,Doughnut,3.5,7,24.5,Credit Card,Online,2023-11-16,
TXN_8306809,CUST_427,Butchers,Chicken,9.0,10,90.0,Credit Card,Online,2024-04-25,False
TXN_3071963,CUST_099,Stationery,Marker,2.5,2,5.0,Mobile Money,In-Store,2022-11-09,False
TXN_1824765,CUST_388,Butchers,Lamb,16.0,5,80.0,Credit Card,Online,2023-08-16,False
TXN_2557541,CUST_141,Food,Bread,3.0,10,30.0,Credit Card,Online,2023-10-26,False
TXN_5147036,CUST_088,Furniture,Cabinet,95.0,1,95.0,Mobile Money,In-Store,2023-05-18,False
TXN_8452840,CUST_012,Furniture,Shelf,55.0,5,275.0,Cash,Online,2022-05-19,
TXN_7758699,CUST_139,Stationery,Folder,3.0,5,15.0,Digital Wallet,Online,2023-04-28,True
TXN_9198856,CUST_107,Electronics,Charger,25.0,8,200.0,Digital Wallet,Online,2022-10-10,False
TXN_7774740,CUST_048,Furniture,Desk,120.0,4,480.0,Digital Wallet,Online,2023-06-10,False
TXN_3232821,CUST_441,Food,Bread,3.0,5,15.0,Cash,In-Store,2022-11-22,
TXN_1288121,CUST_200,Food,Pasta,4.5,1,4.5,Mobile Money,Online,2022-01-02,False
TXN_2500134,CUST_341,Food,Pasta,4.5,5,22.5,Mobile Money,Online,2023-06-01,False
TXN_2279372,CUST_253,Electronics,Headphones,22.0,6,132.0,Cash,In-Store,2023-03-20,
TXN_9608496,CUST_025,Stationery,Pen,1.5,7,10.5,Mobile Money,Online,2022-08-28,False
TXN_2516008,CUST_181,Stationery,Stapler,6.0,6,36.0,Cash,Online,2023-09-20,False
TXN_7367561,CUST_179,Furniture,Shelf,55.0,9,495.0,Cash,Online,2023-04-02,False
TXN_2107666,CUST_404,Electronics,Headphones,22.0,6,132.0,Cash,In-Store,2023-05-24,False
TXN_8471342,CUST_465,Electronics,Charger,25.0,6,150.0,Mobile Money,Online,2024-11-21,False
TXN_8723361,CUST_355,Furniture,Shelf,55.0,6,330.0,Cash,In-Store,2024-08-13,False
TXN_9993349,CUST_436,Patisserie,Cake,18.0,9,162.0,Mobile Money,Online,2023-10-15,False
TXN_4030168,CUST_110,Butchers,Pork,12.0,8,96.0,Credit Card,Online,2024-09-02,True
TXN_4162633,CUST_066,Stationery,Folder,3.0,9,27.0,Mobile Money,In-Store,2024-11-27,False
TXN_3519494,CUST_196,Beverages,Coffee,2.5,1,2.5,Mobile Money,In-Store,2023-07-10,True
TXN_6273724,CUST_326,Stationery,Marker,2.5,9,22.5,Cash,In-Store,2024-02-23,
TXN_8490291,CUST_182,Patisserie,Unknown,18.0,5,90.0,Mobile Money,Online,2022-04-09,True
TXN_4287483,CUST_156,Stationery,Folder,3.0,9,27.0,Mobile Money,In-Store,2023-09-20,False
TXN_5354489,CUST_396,Electronics,Headphones,22.0,3,66.0,Mobile Money,In-Store,2022-03-25,
TXN_5193211,CUST_376,Patisserie,Croissant,5.0,5,25.0,Cash,In-Store,2023-08-09,True
TXN_2872154,CUST_362,Beverages,Coffee,2.5,5,12.5,Digital Wallet,Online,2024-10-11,
TXN_8426263,CUST_147,Food,Pasta,4.5,1,4.5,Mobile Money,Online,2022-04-02,
TXN_3639668,CUST_460,Electronics,Keyboard,35.0,3,105.0,Credit Card,In-Store,2023-05-08,False
TXN_5550774,CUST_211,Food,Rice,5.5,9,49.5,Mobile Money,In-Store,2024-03-16,False
TXN_2346965,CUST_469,Patisserie,Cake,18.0,9,162.0,Digital Wallet,In-Store,2023-07-31,False
TXN_4503157,CUST_491,Patisserie,Croissant,5.0,6,30.0,Mobile Money,In-Store,2024-09-19,
TXN_9375614,CUST_174,Electronics,Headphones,22.0,6,132.0,Digital Wallet,In-Store,2024-11-30,
TXN_3597979,CUST_052,Butchers,Sausage,7.5,7,52.5,Cash,Online,2024-03-22,
TXN_7764482,CUST_357,Electronics,Keyboard,35.0,1,35.0,Mobile Money,In-Store,2024-12-07,True
TXN_5618305,CUST_460,Furniture,Table,80.0,4,320.0,Digital Wallet,Online,2023-10-19,False
TXN_8513907,CUST_068,Butchers,Lamb,16.0,10,160.0,Cash,Online,2023-11-02,
TXN_2686150,CUST_456,Stationery,Pen,1.5,7,10.5,Credit Card,Unknown,2023-08-23,True
TXN_8459972,CUST_172,Food,Rice,5.5,10,55.0,Credit Card,Online,2024-12-20,False
TXN_9132304,CUST_307,Furniture,Shelf,55.0,4,220.0,Digital Wallet,In-Store,2022-07-24,True
TXN_8755628,CUST_241,Stationery,Folder,3.0,9,27.0,Cash,Online,2024-11-03,False
TXN_4889200,CUST_142,Food,Rice,5.5,5,27.5,Credit Card,In-Store,2024-02-19,False
TXN_9031721,CUST_345,Food,Pasta,4.5,4,18.0,Cash,Online,2024-01-01,
TXN_5025131,CUST_093,Patisserie,Muffin,4.5,7,31.5,Digital Wallet,Online,2022-04-29,True
TXN_8170837,CUST_500,Furniture,Shelf,55.0,10,550.0,Credit Card,Online,2023-11-17,True
TXN_1646157,CUST_459,Stationery,Stapler,6.0,10,60.0,Credit Card,Online,2022-12-30,True
TXN_9165571,CUST_033,Stationery,Stapler,6.0,10,60.0,Cash,Online,2024-07-20,
TXN_5449720,CUST_497,Butchers,Lamb,16.0,4,64.0,Credit Card,Online,2022-10-20,
TXN_7224898,CUST_401,Furniture,Chair,35.0,8,280.0,Credit Card,In-Store,2023-01-03,False
TXN_2803137,CUST_056,Beverages,Juice,4.0,3,12.0,Cash,In-Store,2022-03-23,False
TXN_5397768,CUST_029,Beverages,Water,1.5,1,1.5,Cash,Online,2022-07-02,
TXN_7335945,CUST_418,Electronics,Mouse,18.0,10,180.0,Digital Wallet,Online,2023-05-31,False
TXN_2539152,CUST_030,Electronics,Charger,25.0,5,125.0,Cash,Online,2022-03-30,True
TXN_9691507,CUST_110,Food,Rice,5.5,3,16.5,Digital Wallet,Online,2023-05-19,False
TXN_5306750,CUST_343,Furniture,Shelf,55.0,10,550.0,Mobile Money,Online,2022-02-21,False
TXN_2555282,CUST_329,Patisserie,Cake,18.0,6,108.0,Mobile Money,Online,2023-05-16,False
TXN_1764173,CUST_359,Stationery,Marker,2.5,5,12.5,Mobile Money,Online,2022-11-12,False
TXN_1549247,CUST_011,Electronics,Keyboard,35.0,3,105.0,Mobile Money,Online,2024-08-21,False
TXN_9094456,CUST_059,Beverages,Coffee,2.5,8,20.0,Cash,In-Store,2024-05-12,True
TXN_1883435,CUST_383,Stationery,Stapler,6.0,8,48.0,Cash,In-Store,2022-11-04,False
TXN_6082694,CUST_422,Beverages,Tea,3.5,6,21.0,Mobile Money,Online,2022-12-11,
TXN_6170294,CUST_500,Furniture,Cabinet,95.0,8,760.0,Mobile Money,In-Store,2024-06-12,
TXN_2641455,CUST_014,Patisserie,Croissant,5.0,5,25.0,Digital Wallet,In-Store,2023-08-18,
TXN_8896812,CUST_216,Food,Bread,3.0,6,18.0,Mobile Money,In-Store,2024-03-24,False
TXN_6642264,CUST_068,Patisserie,Cake,18.0,1,18.0,Credit Card,In-Store,2022-08-21,False
TXN_2338618,CUST_384,Beverages,Soda,2.0,9,18.0,Digital Wallet,Online,2023-03-28,
TXN_7960400,CUST_352,Electronics,Mouse,18.0,5,90.0,Cash,Online,2022-04-12,True
TXN_1988494,CUST_143,Electronics,Mouse,18.0,5,90.0,Mobile Money,In-Store,2023-12-10,
TXN_3259155,CUST_300,Furniture,Cabinet,95.0,2,190.0,Cash,In-Store,2024-06-12,True
TXN_6353912,CUST_093,Patisserie,Croissant,5.0,1,5.0,Cash,In-Store,2024-05-16,False
TXN_7822349,CUST_455,Food,Cooking Oil,8.0,5,40.0,Credit Card,In-Store,2024-10-22,False
TXN_8970529,CUST_008,Electronics,USB Cable,8.0,5,40.0,Mobile Money,Online,2024-09-16,False
TXN_8820707,CUST_245,Butchers,Chicken,9.0,4,36.0,Digital Wallet,Online,2024-11-17,
TXN_2779892,CUST_499,Furniture,Desk,120.0,2,240.0,Mobile Money,In-Store,2022-10-30,False
TXN_6798273,CUST_209,Stationery,Marker,2.5,6,15.0,Cash,Online,2022-12-06,False
TXN_6392224,CUST_091,Stationery,Marker,2.5,2,5.0,Digital Wallet,In-Store,2023-12-21,True
TXN_5522339,CUST_401,Food,Cereal,6.0,9,54.0,Cash,In-Store,2022-08-17,False
TXN_5609546,CUST_238,Patisserie,Cake,18.0,7,126.0,Credit Card,In-Store,2023-12-05,False
TXN_3238057,CUST_217,Stationery,Pen,1.5,6,9.0,Cash,Online,2024-04-20,False
TXN_5473391,CUST_278,Food,Cereal,6.0,3,18.0,Digital Wallet,Online,2024-12-11,False
TXN_5685942,CUST_162,Electronics,Headphones,22.0,7,154.0,Credit Card,Online,2022-02-14,False
TXN_1719407,CUST_160,Electronics,Mouse,18.0,7,126.0,Credit Card,In-Store,2023-11-10,False
TXN_5454110,CUST_056,Stationery,Pen,1.5,1,1.5,Cash,In-Store,2022-08-18,False
TXN_4664664,CUST_189,Beverages,Coffee,2.5,10,25.0,Mobile Money,Online,2022-11-06,
TXN_7231397,CUST_148,Stationery,Notebook,4.0,3,12.0,Cash,In-Store,2022-12-22,False
TXN_6465643,CUST_084,Food,Bread,3.0,3,9.0,Digital Wallet,In-Store,2023-06-21,False
TXN_9877571,CUST_085,Beverages,Soda,2.0,5,10.0,Digital Wallet,In-Store,2023-01-16,
TXN_4906358,CUST_006,Beverages,Coffee,2.5,9,22.5,Mobile Money,In-Store,2022-03-25,
TXN_7908531,CUST_461,Beverages,Juice,4.0,9,36.0,Cash,In-Store,2023-12-11,False
TXN_7575699,CUST_434,Beverages,Tea,3.5,4,14.0,Digital Wallet,Online,2022-03-19,False
TXN_6971214,CUST_464,Furniture,Table,80.0,3,240.0,Digital Wallet,In-Store,2023-07-22,False
TXN_2610921,CUST_086,Electronics,Charger,25.0,4,100.0,Cash,Online,2023-11-21,False
TXN_8500960,CUST_497,Butchers,Pork,12.0,5,60.0,Digital Wallet,Online,2024-11-01,True
TXN_5035889,CUST_334,Patisserie,Cake,18.0,7,126.0,Credit Card,Unknown,2022-06-14,False
TXN_9811785,CUST_315,Patisserie,Doughnut,3.5,7,24.5,Digital Wallet,In-Store,2022-04-15,False
TXN_1804069,CUST_377,Electronics,USB Cable,8.0,4,32.0,Credit Card,Online,2023-09-07,False
TXN_6385201,CUST_071,Stationery,Notebook,4.0,2,8.0,Digital Wallet,Online,2023-08-17,False
TXN_5889917,CUST_212,Food,Rice,5.5,3,16.5,Cash,Online,2023-12-11,False
TXN_5083231,CUST_150,Beverages,Tea,3.5,9,31.5,Credit Card,Online,2024-12-16,True
TXN_1665979,CUST_199,Patisserie,Cake,18.0,8,144.0,Digital Wallet,In-Store,2024-01-16,True
TXN_3074075,CUST_176,Butchers,Chicken,9.0,2,18.0,Cash,Online,2023-04-21,False
TXN_2251487,CUST_211,Stationery,Folder,3.0,3,9.0,Digital Wallet,In-Store,2024-12-29,False
TXN_6375898,CUST_440,Electronics,Mouse,18.0,9,162.0,Cash,In-Store,2022-10-28,
TXN_6480354,CUST_174,Furniture,Desk,120.0,8,960.0,Unknown,Online,2023-07-15,False
TXN_5763455,CUST_001,Patisserie,Pie,12.0,2,24.0,Cash,Online,2023-10-13,False
TXN_6486060,CUST_400,Beverages,Coffee,2.5,3,7.5,Credit Card,In-Store,2022-06-12,True
TXN_7370049,CUST_094,Butchers,Sausage,7.5,7,52.5,Unknown,In-Store,2022-06-14,False
TXN_6168811,CUST_096,Food,Pasta,4.5,3,13.5,Credit Card,In-Store,2024-07-19,False
TXN_4555912,CUST_059,Butchers,Lamb,16.0,5,80.0,Mobile Money,Online,2022-12-26,True
TXN_3976031,CUST_307,Electronics,Charger,25.0,7,175.0,Mobile Money,Online,2024-07-02,False
TXN_5175863,CUST_076,Stationery,Stapler,6.0,9,54.0,Credit Card,In-Store,2024-05-10,
TXN_5952987,CUST_292,Furniture,Chair,35.0,10,350.0,Credit Card,In-Store,2024-09-09,
TXN_5766465,CUST_461,Stationery,Marker,2.5,4,10.0,Digital Wallet,In-Store,2023-02-11,
TXN_7294611,CUST_407,Food,Pasta,4.5,4,18.0,Cash,In-Store,2022-08-09,False
TXN_6057215,CUST_179,Patisserie,Muffin,4.5,3,13.5,Credit Card,Unknown,2024-04-21,False
TXN_3904814,CUST_249,Electronics,Headphones,22.0,10,220.0,Unknown,Online,2023-11-23,False
TXN_5876831,CUST_468,Furniture,Desk,120.0,8,960.0,Mobile Money,Online,2022-09-26,
TXN_7260432,CUST_278,Beverages,Water,1.5,4,6.0,Cash,Online,2024-07-01,False
TXN_1286172,CUST_417,Furniture,Table,80.0,6,480.0,Credit Card,Online,2024-03-13,
TXN_9888836,CUST_106,Electronics,USB Cable,8.0,,8.0,Credit Card,In-Store,2023-09-04,True
TXN_4162925,CUST_129,Stationery,Stapler,6.0,9,54.0,Cash,Online,2022-09-25,False
TXN_3750025,CUST_487,Stationery,Stapler,6.0,4,24.0,Cash,In-Store,2023-01-23,False
TXN_4199203,CUST_483,Butchers,Lamb,16.0,7,112.0,Digital Wallet,In-Store,2024-08-05,
TXN_5161460,CUST_409,Stationery,Folder,3.0,9,27.0,Cash,In-Store,2022-04-23,False
TXN_4008374,CUST_422,Food,Bread,3.0,10,30.0,Cash,In-Store,2022-09-18,True
TXN_3795126,CUST_433,Electronics,USB Cable,8.0,3,24.0,Cash,Online,2023-03-05,
TXN_8191611,CUST_252,Electronics,Headphones,22.0,,88.0,Credit Card,Online,2022-01-19,False
TXN_1255931,CUST_253,Stationery,Marker,2.5,8,20.0,Mobile Money,Online,2022-01-31,
TXN_3507045,CUST_038,Food,Cooking Oil,8.0,3,24.0,Cash,In-Store,2022-03-17,
TXN_7136880,CUST_366,Patisserie,Pie,12.0,7,84.0,Cash,Online,2024-02-08,False
TXN_8363581,CUST_037,Stationery,Folder,3.0,9,27.0,Cash,Online,2024-11-02,
TXN_3561412,CUST_012,Butchers,Lamb,16.0,7,112.0,Digital Wallet,In-Store,2024-04-10,False
TXN_6253996,CUST_403,Patisserie,Pie,12.0,10,120.0,Mobile Money,Online,2024-12-15,False
TXN_6631649,CUST_109,Stationery,Notebook,4.0,1,4.0,Cash,Online,2022-12-16,False
TXN_7577267,CUST_017,Food,Pasta,4.5,10,45.0,Mobile Money,Online,2023-04-22,False
TXN_7972760,CUST_007,Furniture,Table,80.0,6,480.0,Cash,In-Store,2024-10-16,False
TXN_7173426,CUST_442,Furniture,Cabinet,95.0,6,570.0,Digital Wallet,Online,2022-12-03,False
TXN_5034649,CUST_334,Patisserie,Cake,18.0,10,180.0,Digital Wallet,In-Store,2023-06-22,True
TXN_5524733,CUST_079,Stationery,Notebook,4.0,6,24.0,Cash,Online,2022-03-08,False
TXN_4643003,CUST_405,Beverages,Soda,2.0,4,8.0,Unknown,In-Store,2023-09-01,False
TXN_5522824,CUST_476,Stationery,Marker,2.5,1,2.5,Credit Card,In-Store,2024-12-05,False
TXN_3390950,CUST_377,Stationery,Marker,2.5,7,17.5,Mobile Money,Online,2023-06-11,False
TXN_9446548,CUST_109,Food,Cooking Oil,8.0,7,56.0,Digital Wallet,Online,2022-03-12,False
TXN_4873723,CUST_461,Stationery,Notebook,4.0,3,12.0,Mobile Money,Online,2023-06-22,False
TXN_9361735,CUST_171,Beverages,Water,1.5,4,6.0,Mobile Money,In-Store,2022-11-09,True
TXN_1224269,CUST_142,Beverages,Tea,3.5,6,21.0,Mobile Money,In-Store,2022-10-12,False
TXN_9886809,CUST_032,Food,Bread,3.0,1,3.0,Credit Card,Online,2022-09-01,
TXN_8891784,CUST_129,Furniture,Unknown,35.0,6,210.0,Credit Card,In-Store,2023-04-26,False
TXN_4589437,CUST_225,Stationery,Stapler,6.0,6,36.0,Cash,In-Store,2022-02-09,False
TXN_3542322,CUST_042,Electronics,USB Cable,8.0,3,24.0,Cash,In-Store,2022-02-08,
TXN_2333809,CUST_135,Electronics,Charger,25.0,9,225.0,Credit Card,Online,2024-03-28,
TXN_5817842,CUST_163,Food,Bread,3.0,1,3.0,Digital Wallet,In-Store,2024-04-28,True
TXN_1624559,CUST_100,Patisserie,Croissant,5.0,8,40.0,Cash,Online,2022-11-04,False
TXN_1430542,CUST_048,Butchers,Chicken,9.0,8,72.0,Digital Wallet,In-Store,2024-04-02,False
TXN_2796943,CUST_014,Patisserie,Doughnut,3.5,2,7.0,Cash,Online,2024-08-21,True
TXN_6697767,CUST_447,Electronics,Mouse,18.0,3,54.0,Cash,Unknown,2022-03-06,False
TXN_2268300,CUST_116,Beverages,Water,1.5,1,1.5,Credit Card,Online,2022-07-13,
TXN_4806627,CUST_154,Furniture,Table,80.0,8,640.0,Credit Card,In-Store,2024-02-08,True
TXN_3314117,CUST_006,Beverages,Coffee,2.5,9,22.5,Cash,Online,2023-02-25,False
TXN_4471477,CUST_227,Stationery,Pen,1.5,5,7.5,Digital Wallet,Online,2023-07-03,False
TXN_1751972,CUST_181,Furniture,Unknown,120.0,4,480.0,Mobile Money,Online,2022-03-09,
TXN_5623416,CUST_259,Furniture,Cabinet,95.0,2,190.0,Digital Wallet,Online,2024-11-23,False
TXN_9248892,CUST_120,Electronics,Headphones,22.0,1,22.0,Cash,In-Store,2023-09-19,True
TXN_9963287,CUST_481,Furniture,Cabinet,95.0,6,570.0,Cash,Online,2022-11-28,False
TXN_4497914,CUST_155,Food,Pasta,4.5,2,9.0,Mobile Money,Online,2024-02-17,True
TXN_3818767,CUST_075,Beverages,Coffee,2.5,7,17.5,Credit Card,In-Store,2023-09-18,False
TXN_5729727,CUST_119,Stationery,Marker,2.5,1,2.5,Credit Card,In-Store,2024-03-30,
TXN_7903836,CUST_165,Furniture,Table,80.0,2,160.0,Credit Card,In-Store,2023-05-15,False
TXN_5436711,CUST_199,Electronics,Headphones,22.0,7,154.0,Credit Card,Online,2023-08-03,
TXN_2178844,CUST_279,Beverages,Tea,3.5,6,21.0,Mobile Money,In-Store,2023-04-12,False
TXN_5911077,CUST_028,Beverages,Juice,4.0,8,32.0,Credit Card,Online,2022-10-20,
TXN_9006669,CUST_456,Electronics,Keyboard,35.0,5,175.0,Cash,Online,2023-11-09,False
TXN_1067661,CUST_216,Stationery,Pen,1.5,7,10.5,Credit Card,In-Store,2023-10-28,True
TXN_5689491,CUST_166,Butchers,Chicken,9.0,9,81.0,Mobile Money,In-Store,2024-10-16,False
TXN_9824819,CUST_321,Butchers,Sausage,7.5,10,75.0,Cash,Online,2023-05-02,
TXN_7193956,CUST_422,Furniture,Shelf,55.0,4,220.0,Mobile Money,Online,2024-06-23,False
TXN_7209774,CUST_020,Food,Cooking Oil,8.0,1,8.0,Mobile Money,Online,2023-05-20,False
TXN_6052767,CUST_298,Butchers,Sausage,7.5,7,52.5,Cash,Online,2022-07-24,False
TXN_5374226,CUST_024,Furniture,Table,80.0,4,320.0,Digital Wallet,Online,2023-02-05,False
TXN_1212628,CUST_278,Food,Bread,3.0,8,24.0,Credit Card,Online,2022-06-21,False
TXN_3668724,CUST_045,Furniture,Desk,120.0,7,840.0,Cash,Online,2022-02-03,True
TXN_5926754,CUST_039,Butchers,Sausage,7.5,8,60.0,Mobile Money,Online,2024-12-02,False
TXN_7925647,CUST_476,Stationery,Folder,3.0,6,18.0,Mobile Money,In-Store,2022-09-02,False
TXN_5273615,CUST_046,Furniture,Desk,120.0,6,720.0,Mobile Money,In-Store,2022-01-10,False
TXN_3506953,CUST_090,Patisserie,Unknown,3.5,10,35.0,Cash,In-Store,2022-04-30,True
TXN_3017255,CUST_037,Patisserie,Doughnut,3.5,5,17.5,Cash,Online,2023-01-18,False
TXN_5457335,CUST_059,Stationery,Stapler,6.0,6,36.0,Cash,Online,2022-02-19,False
TXN_8794035,CUST_094,Patisserie,Pie,12.0,10,120.0,Cash,Online,2023-06-16,False
TXN_2734441,CUST_013,Furniture,Cabinet,95.0,10,950.0,Mobile Money,In-Store,2023-11-07,True
TXN_6311027,CUST_162,Electronics,Headphones,22.0,9,198.0,Cash,In-Store,2024-08-23,True
TXN_4127022,CUST_324,Butchers,Chicken,9.0,5,45.0,Mobile Money,In-Store,2024-01-02,
TXN_9019446,CUST_260,Electronics,Keyboard,35.0,7,245.0,Mobile Money,Online,2024-02-11,True
TXN_5071867,CUST_298,Beverages,Tea,3.5,6,21.0,Mobile Money,In-Store,2024-04-24,False
TXN_7007509,CUST_273,Furniture,Table,80.0,9,720.0,Mobile Money,Online,2023-03-12,False
TXN_1183172,CUST_352,Patisserie,Doughnut,3.5,8,28.0,Credit Card,Online,2023-11-18,False
TXN_5284933,CUST_119,Furniture,Shelf,55.0,4,220.0,Cash,In-Store,2023-04-28,True
TXN_5640166,CUST_054,Butchers,Beef,14.0,1,14.0,Credit Card,Online,2022-03-09,
TXN_4342624,CUST_137,Food,Cooking Oil,8.0,7,56.0,Cash,In-Store,2024-12-10,True
TXN_6239522,CUST_351,Food,Cereal,6.0,8,48.0,Credit Card,In-Store,2024-09-08,True
TXN_6042486,CUST_025,Butchers,Sausage,7.5,8,60.0,Digital Wallet,In-Store,2022-08-22,
TXN_3083761,CUST_129,Furniture,Chair,35.0,7,245.0,Credit Card,Unknown,2022-10-23,False
TXN_3348638,CUST_316,Stationery,Pen,1.5,7,10.5,Digital Wallet,Online,2023-12-04,True
TXN_8746083,CUST_168,Stationery,Marker,2.5,2,5.0,Digital Wallet,In-Store,2024-11-19,True
TXN_2491119,CUST_103,Electronics,Charger,25.0,3,75.0,Digital Wallet,In-Store,2023-08-25,
TXN_1592109,CUST_159,Furniture,Shelf,55.0,8,440.0,Cash,In-Store,2024-05-28,False
TXN_6298217,CUST_025,Beverages,Coffee,2.5,8,20.0,Digital Wallet,In-Store,2022-05-11,True
TXN_9403698,CUST_295,Electronics,USB Cable,8.0,2,16.0,Mobile Money,Online,2024-07-17,True
TXN_1979993,CUST_187,Beverages,Coffee,2.5,3,7.5,Credit Card,Online,2024-10-10,True
TXN_3062904,CUST_199,Beverages,Juice,4.0,10,40.0,Cash,In-Store,2023-01-24,False
TXN_3636673,CUST_350,Electronics,Charger,25.0,7,175.0,Cash,In-Store,2023-01-08,False
TXN_5097261,CUST_466,Patisserie,Pie,12.0,3,36.0,Cash,In-Store,2024-04-16,False
TXN_4962513,CUST_229,Butchers,Unknown,12.0,1,12.0,Mobile Money,Online,2022-12-12,False
TXN_5435786,CUST_159,Beverages,Soda,2.0,2,4.0,Cash,Online,2024-06-27,False
TXN_6958189,CUST_134,Electronics,Mouse,18.0,6,108.0,Mobile Money,Online,2022-08-03,
TXN_4125049,CUST_095,Food,Bread,3.0,4,12.0,Digital Wallet,In-Store,2022-12-30,False
TXN_2804673,CUST_344,Stationery,Stapler,6.0,5,30.0,Mobile Money,In-Store,2024-12-23,False
TXN_6945785,CUST_059,Electronics,USB Cable,8.0,6,48.0,Credit Card,Online,2022-12-31,
TXN_4653773,CUST_397,Butchers,Beef,14.0,8,112.0,Credit Card,Online,2023-06-18,False
TXN_1748785,CUST_029,Furniture,Table,80.0,3,240.0,Digital Wallet,Online,2022-12-23,False
TXN_9801791,CUST_219,Butchers,Beef,14.0,2,28.0,Digital Wallet,In-Store,2024-06-29,False
TXN_7072705,CUST_430,Stationery,Stapler,6.0,8,48.0,Cash,Online,2023-03-22,
TXN_9198142,CUST_388,Stationery,Pen,1.5,1,1.5,Cash,Online,2022-05-03,False
TXN_1096847,CUST_206,Food,Cereal,6.0,10,60.0,Cash,Online,2023-02-14,True
TXN_2034416,CUST_257,Electronics,Headphones,22.0,7,154.0,Cash,Online,2023-04-22,
TXN_8883679,CUST_249,Electronics,Charger,25.0,1,25.0,Mobile Money,In-Store,2024-11-19,False
TXN_9431274,CUST_415,Food,Rice,5.5,3,16.5,Mobile Money,Online,2024-03-06,False
TXN_3586722,CUST_121,Stationery,Marker,2.5,3,7.5,Credit Card,Online,2022-08-18,False
TXN_6381942,CUST_470,Beverages,Juice,4.0,3,12.0,Mobile Money,In-Store,2023-09-17,True
TXN_8368095,CUST_367,Butchers,Lamb,16.0,2,32.0,Credit Card,In-Store,2022-11-04,True
TXN_2168025,CUST_277,Food,Cooking Oil,8.0,6,48.0,Credit Card,In-Store,2022-08-09,False
TXN_6009486,CUST_475,Patisserie,Doughnut,3.5,7,24.5,Digital Wallet,Unknown,2023-09-15,False
TXN_5286503,CUST_161,Stationery,Pen,1.5,7,10.5,Digital Wallet,In-Store,2023-02-24,
TXN_8384526,CUST_430,Furniture,Desk,120.0,4,480.0,Mobile Money,In-Store,2024-08-29,
TXN_6286090,CUST_037,Furniture,Unknown,80.0,1,80.0,Credit Card,In-Store,2024-05-07,
TXN_3655971,CUST_009,Beverages,Coffee,2.5,4,10.0,Credit Card,Online,2024-10-13,True
TXN_7303658,CUST_340,Beverages,Soda,2.0,7,14.0,Cash,In-Store,2024-12-08,False
TXN_3462274,CUST_392,Stationery,Stapler,6.0,4,24.0,Cash,In-Store,2024-02-24,
TXN_9436438,CUST_067,Butchers,Lamb,16.0,6,96.0,Cash,In-Store,2023-03-03,
TXN_2479394,CUST_011,Furniture,Desk,120.0,9,1080.0,Digital Wallet,Online,2022-04-08,False
TXN_9193468,CUST_165,Beverages,Coffee,2.5,8,20.0,Cash,In-Store,2023-03-17,
TXN_3119094,CUST_200,Beverages,Coffee,2.5,9,22.5,Mobile Money,Online,2022-08-08,False
TXN_8438784,CUST_401,Food,Rice,5.5,4,22.0,Credit Card,Online,2023-03-13,False
TXN_2165797,CUST_243,Stationery,Pen,1.5,7,10.5,Unknown,In-Store,2023-02-14,False
TXN_1763203,CUST_399,Stationery,Notebook,4.0,6,24.0,Credit Card,In-Store,2024-02-25,False
TXN_4107965,CUST_058,Patisserie,Pie,12.0,2,24.0,Unknown,In-Store,2023-10-28,True
TXN_3943909,CUST_306,Patisserie,Pie,12.0,10,120.0,Cash,In-Store,2023-10-26,True
TXN_3397448,CUST_271,Patisserie,Pie,12.0,2,24.0,Mobile Money,Online,2022-09-04,False
TXN_8569971,CUST_426,Food,Cereal,6.0,4,24.0,Cash,In-Store,2023-08-09,True
TXN_6166650,CUST_072,Food,Bread,3.0,7,21.0,Mobile Money,In-Store,2024-06-03,
TXN_9345900,CUST_035,Electronics,Headphones,22.0,7,154.0,Credit Card,In-Store,2023-03-26,True
TXN_7855256,CUST_405,Patisserie,Croissant,5.0,2,10.0,Cash,In-Store,2024-04-19,False
TXN_5383030,CUST_461,Patisserie,Pie,12.0,8,96.0,Mobile Money,Online,2023-10-26,
TXN_1508062,CUST_060,Patisserie,Cake,18.0,,72.0,Cash,Online,2023-11-01,False
TXN_6487598,CUST_187,Butchers,Unknown,14.0,9,126.0,Mobile Money,In-Store,2022-07-18,False
TXN_4807129,CUST_018,Butchers,Lamb,16.0,4,64.0,Digital Wallet,Online,2024-07-12,False
TXN_6651845,CUST_024,Patisserie,Pie,12.0,5,60.0,Digital Wallet,In-Store,2024-05-12,
TXN_5070675,CUST_096,Stationery,Pen,1.5,3,4.5,Credit Card,In-Store,2022-10-15,False
TXN_3583047,CUST_495,Furniture,Desk,120.0,10,1200.0,Mobile Money,In-Store,2024-08-05,
TXN_2854592,CUST_414,Beverages,Water,1.5,6,9.0,Mobile Money,Online,2024-09-19,
TXN_5374857,CUST_057,Beverages,Water,1.5,1,1.5,Digital Wallet,In-Store,2022-01-12,False
TXN_9347234,CUST_311,Electronics,USB Cable,8.0,6,48.0,Mobile Money,In-Store,2024-12-06,True
TXN_3819785,CUST_068,Electronics,Charger,25.0,6,150.0,Cash,Online,2023-02-01,False
TXN_8934968,CUST_042,Beverages,Water,1.5,2,3.0,Cash,In-Store,2023-12-31,False
TXN_4881819,CUST_442,Butchers,Lamb,16.0,8,128.0,Credit Card,In-Store,2024-07-22,False
TXN_7964893,CUST_256,Furniture,Table,80.0,4,320.0,Cash,Online,2024-02-13,False
TXN_7951775,CUST_036,Butchers,Beef,14.0,6,84.0,Digital Wallet,In-Store,2023-11-05,False
TXN_7994928,CUST_298,Stationery,Folder,3.0,4,12.0,Cash,In-Store,2024-06-27,
TXN_3242423,CUST_119,Stationery,Folder,3.0,4,12.0,Mobile Money,In-Store,2023-04-15,False
TXN_1335258,CUST_289,Electronics,USB Cable,8.0,2,16.0,Cash,Online,2022-06-02,False
TXN_7888114,CUST_356,Butchers,Sausage,7.5,1,7.5,Mobile Money,Online,2024-07-29,True
TXN_3039282,CUST_146,Patisserie,Pie,12.0,1,12.0,Cash,In-Store,2023-02-25,
TXN_7324167,CUST_420,Beverages,Soda,2.0,1,2.0,Credit Card,Online,2022-09-11,True
TXN_9135800,CUST_398,Electronics,Charger,25.0,10,250.0,Credit Card,Online,2024-03-24,
TXN_3237146,CUST_319,Furniture,Chair,35.0,3,105.0,Digital Wallet,In-Store,2022-01-31,
TXN_7627690,CUST_210,Beverages,Unknown,3.5,2,7.0,Digital Wallet,In-Store,2023-06-09,False
TXN_2191709,CUST_102,Patisserie,Doughnut,3.5,8,28.0,Digital Wallet,In-Store,2023-11-22,
TXN_1805113,CUST_363,Furniture,Shelf,55.0,2,110.0,Cash,In-Store,2022-07-15,False
TXN_3393078,CUST_069,Electronics,USB Cable,8.0,3,24.0,Credit Card,Online,2023-11-11,False
TXN_2443962,CUST_112,Furniture,Cabinet,95.0,4,380.0,Digital Wallet,Online,2022-03-09,True
TXN_9482043,CUST_299,Patisserie,Doughnut,3.5,4,14.0,Mobile Money,In-Store,2023-03-06,False
TXN_9738314,CUST_071,Food,Bread,3.0,7,21.0,Digital Wallet,Online,2023-06-22,True
TXN_2725049,CUST_138,Stationery,Notebook,4.0,10,40.0,Digital Wallet,Online,2022-04-25,False
TXN_8238987,CUST_305,Electronics,Mouse,18.0,7,126.0,Credit Card,In-Store,2022-06-08,False
TXN_1891751,CUST_390,Food,Cereal,6.0,8,48.0,Mobile Money,Online,2023-03-06,
TXN_6916844,CUST_406,Patisserie,Croissant,5.0,5,25.0,Cash,In-Store,2023-12-23,False
TXN_4216105,CUST_254,Electronics,Unknown,8.0,5,40.0,Mobile Money,Online,2023-02-02,False
TXN_6913318,CUST_295,Butchers,Sausage,7.5,6,45.0,Credit Card,In-Store,2023-10-03,
TXN_8804168,CUST_343,Butchers,Beef,14.0,1,14.0,Credit Card,In-Store,2022-09-17,False
TXN_7415962,CUST_354,Beverages,Tea,3.5,5,17.5,Digital Wallet,In-Store,2022-10-01,
TXN_6227365,CUST_047,Patisserie,Muffin,4.5,8,36.0,Credit Card,Online,2023-07-14,True
TXN_8639298,CUST_376,Stationery,Stapler,6.0,3,18.0,Cash,Online,2023-06-07,False
TXN_1924178,CUST_348,Food,Cooking Oil,8.0,5,40.0,Digital Wallet,In-Store,2023-03-30,False
TXN_3736527,CUST_156,Patisserie,Pie,12.0,5,60.0,Mobile Money,In-Store,2023-07-30,True
TXN_7491878,CUST_326,Electronics,Mouse,18.0,4,72.0,Cash,In-Store,2022-01-28,False
TXN_7930358,CUST_270,Beverages,Juice,4.0,6,24.0,Credit Card,In-Store,2024-06-29,
TXN_6881344,CUST_449,Food,Rice,5.5,4,22.0,Cash,In-Store,2024-04-22,False
TXN_3402110,CUST_076,Electronics,Charger,25.0,2,50.0,Digital Wallet,In-Store,2022-02-04,False
TXN_8596537,CUST_221,Furniture,Chair,35.0,1,35.0,Cash,In-Store,2023-02-28,
TXN_9860901,CUST_304,Beverages,Coffee,2.5,10,25.0,Unknown,In-Store,2022-03-25,False
TXN_5509192,CUST_432,Patisserie,Doughnut,3.5,10,35.0,Digital Wallet,In-Store,2023-08-24,False
TXN_4844328,CUST_193,Food,Cooking Oil,8.0,8,64.0,Digital Wallet,In-Store,2024-06-05,False
TXN_9989138,CUST_414,Butchers,Pork,12.0,6,72.0,Digital Wallet,Online,2024-09-20,False
TXN_7456645,CUST_427,Stationery,Marker,2.5,3,7.5,Cash,In-Store,2023-11-29,False
TXN_2971472,CUST_306,Electronics,USB Cable,8.0,6,48.0,Cash,Online,2024-01-23,False
TXN_4855074,CUST_466,Furniture,Chair,35.0,8,280.0,Mobile Money,Online,2024-04-26,
TXN_4991549,CUST_425,Butchers,Sausage,7.5,5,37.5,Cash,Online,2022-07-24,
TXN_1629085,CUST_352,Food,Cooking Oil,8.0,5,40.0,Mobile Money,Online,2022-05-18,True
TXN_4728922,CUST_350,Furniture,Cabinet,95.0,9,855.0,Digital Wallet,Online,2023-07-04,False
TXN_3899650,CUST_114,Food,Pasta,4.5,6,27.0,Unknown,In-Store,2024-07-28,False
TXN_6265481,CUST_036,Stationery,Folder,3.0,9,27.0,Cash,Online,2022-06-20,True
TXN_1888036,CUST_111,Stationery,Folder,3.0,9,27.0,Mobile Money,Online,2022-05-09,False
TXN_8318898,CUST_385,Stationery,Pen,1.5,10,15.0,Mobile Money,In-Store,2023-09-26,False
TXN_1521244,CUST_296,Stationery,Folder,3.0,8,24.0,Credit Card,Online,2023-10-02,False
TXN_7705056,CUST_450,Electronics,Keyboard,35.0,3,105.0,Mobile Money,Online,2022-04-06,False
TXN_5017136,CUST_281,Electronics,Keyboard,35.0,3,105.0,Mobile Money,Unknown,2023-05-07,False
TXN_7274333,CUST_105,Food,Cereal,6.0,7,42.0,Credit Card,In-Store,2023-11-19,False
TXN_3673818,CUST_330,Food,Pasta,4.5,7,31.5,Credit Card,In-Store,2024-08-28,False
TXN_8305023,CUST_412,Electronics,USB Cable,8.0,2,16.0,Credit Card,Online,2024-12-18,False
TXN_6923361,CUST_052,Butchers,Chicken,9.0,4,36.0,Mobile Money,Online,2023-08-17,False
TXN_9327099,CUST_215,Stationery,Marker,2.5,7,17.5,Mobile Money,In-Store,2024-11-10,False
TXN_7765876,CUST_409,Patisserie,Doughnut,3.5,1,3.5,Digital Wallet,Online,2024-07-29,False
TXN_7702241,CUST_078,Furniture,Table,80.0,3,240.0,Credit Card,In-Store,2023-05-26,False
TXN_9646478,CUST_374,Beverages,Water,1.5,6,9.0,Mobile Money,Online,2023-09-26,True
TXN_1386594,CUST_001,Food,Cereal,6.0,3,18.0,Mobile Money,Online,2024-07-06,True
TXN_5718642,CUST_447,Electronics,USB Cable,8.0,5,40.0,Unknown,In-Store,2023-08-18,False
TXN_5273445,CUST_340,Electronics,Headphones,22.0,2,44.0,Digital Wallet,Online,2022-11-04,False
TXN_1454623,CUST_071,Stationery,Marker,2.5,5,12.5,Cash,In-Store,2023-01-16,
TXN_4502415,CUST_162,Furniture,Desk,120.0,9,1080.0,Mobile Money,Online,2022-01-12,False
TXN_2559805,CUST_347,Stationery,Notebook,4.0,6,24.0,Mobile Money,In-Store,2023-03-23,
TXN_8074631,CUST_189,Beverages,Water,1.5,4,6.0,Cash,In-Store,2022-04-13,True
TXN_2981195,CUST_194,Beverages,Water,1.5,10,15.0,Credit Card,Online,2023-10-25,
TXN_1794878,CUST_143,Food,Cereal,6.0,3,18.0,Mobile Money,Online,2023-12-11,False
TXN_3407801,CUST_259,Stationery,Folder,3.0,5,15.0,Digital Wallet,Online,2023-08-10,True
TXN_2881297,CUST_500,Electronics,Headphones,22.0,3,66.0,Mobile Money,Online,2022-04-23,True
TXN_4692889,CUST_387,Patisserie,Cake,18.0,1,18.0,Credit Card,Online,2023-05-22,False
TXN_5636440,CUST_333,Stationery,Folder,3.0,7,21.0,Mobile Money,In-Store,2023-05-01,True
TXN_5729124,CUST_207,Butchers,Chicken,9.0,10,90.0,Cash,In-Store,2024-10-01,False
TXN_3591090,CUST_451,Electronics,Unknown,35.0,4,140.0,Credit Card,In-Store,2023-01-27,False
TXN_8258746,CUST_390,Furniture,Cabinet,95.0,3,285.0,Cash,Online,2022-08-11,False
TXN_9620209,CUST_410,Patisserie,Muffin,4.5,7,31.5,Digital Wallet,Online,2024-08-20,False
TXN_6820128,CUST_082,Food,Pasta,4.5,7,31.5,Credit Card,Online,2023-12-01,True
TXN_7985945,CUST_413,Furniture,Unknown,35.0,6,210.0,Cash,Online,2023-09-24,False
TXN_5579655,CUST_300,Furniture,Shelf,55.0,5,275.0,Credit Card,In-Store,2023-09-15,False
TXN_6791070,CUST_381,Patisserie,Pie,12.0,8,96.0,Digital Wallet,In-Store,2022-02-26,True
TXN_3631707,CUST_084,Butchers,Chicken,9.0,7,63.0,Mobile Money,Online,2022-02-28,True
TXN_9023365,CUST_078,Stationery,Marker,2.5,2,5.0,Digital Wallet,Online,2023-11-15,False
TXN_6865874,CUST_102,Stationery,Pen,1.5,8,12.0,Cash,In-Store,2023-09-15,False
TXN_9110021,CUST_379,Patisserie,Muffin,4.5,2,9.0,Digital Wallet,In-Store,2022-03-26,False
TXN_5546925,CUST_122,Furniture,Chair,35.0,,245.0,Digital Wallet,Online,2023-03-05,True
TXN_3488144,CUST_174,Electronics,Unknown,25.0,9,225.0,Unknown,In-Store,2024-06-12,False
TXN_5309167,CUST_293,Butchers,Chicken,9.0,2,18.0,Cash,In-Store,2022-10-24,False
TXN_3211449,CUST_016,Patisserie,Doughnut,3.5,1,3.5,Credit Card,Online,2024-10-05,False
TXN_1283546,CUST_483,Butchers,Pork,12.0,10,120.0,Cash,In-Store,2024-11-06,False
TXN_3575326,CUST_405,Food,Bread,3.0,8,24.0,Credit Card,Online,2024-04-19,False
TXN_6272115,CUST_332,Butchers,Lamb,16.0,4,64.0,Digital Wallet,In-Store,2022-11-19,
TXN_4452501,CUST_177,Food,Pasta,4.5,9,40.5,Cash,Online,2024-08-23,False
TXN_3894299,CUST_300,Beverages,Coffee,2.5,10,25.0,Digital Wallet,In-Store,2022-07-31,False
TXN_1610150,CUST_236,Patisserie,Croissant,5.0,10,50.0,Mobile Money,Online,2022-05-09,False
TXN_7941245,CUST_132,Furniture,Desk,120.0,10,1200.0,Unknown,In-Store,2024-12-01,False
TXN_7796877,CUST_108,Food,Bread,3.0,4,12.0,Cash,In-Store,2024-11-28,True
TXN_4626011,CUST_126,Beverages,Tea,3.5,1,3.5,Cash,In-Store,2023-05-14,True
TXN_9384640,CUST_029,Butchers,Pork,12.0,,60.0,Digital Wallet,In-Store,2023-11-23,True
TXN_6008029,CUST_030,Food,Cereal,6.0,2,12.0,Credit Card,In-Store,2024-10-04,
TXN_6994749,CUST_492,Electronics,USB Cable,8.0,,24.0,Cash,In-Store,2024-05-08,False
TXN_6643693,CUST_203,Beverages,Coffee,2.5,7,17.5,Credit Card,Online,2024-11-23,False
TXN_3447600,CUST_134,Patisserie,Muffin,4.5,2,9.0,Mobile Money,In-Store,2022-04-12,True
TXN_1380929,CUST_078,Food,Rice,5.5,2,11.0,Mobile Money,In-Store,2022-04-20,False
TXN_6862541,CUST_320,Beverages,Water,1.5,10,15.0,Mobile Money,Online,2022-01-31,False
TXN_2714591,CUST_393,Furniture,Chair,35.0,1,35.0,Digital Wallet,In-Store,2024-01-14,False
TXN_2632710,CUST_135,Patisserie,Doughnut,3.5,1,3.5,Cash,Unknown,2023-01-27,False
TXN_4104490,CUST_136,Butchers,Lamb,16.0,10,160.0,Mobile Money,In-Store,2024-10-25,
TXN_8980604,CUST_471,Butchers,Lamb,16.0,5,80.0,Mobile Money,In-Store,2023-12-03,False
TXN_3814084,CUST_014,Furniture,Shelf,55.0,2,110.0,Cash,Online,2022-10-22,False
TXN_6755892,CUST_021,Furniture,Chair,35.0,7,245.0,Credit Card,In-Store,2024-07-12,
TXN_7424342,CUST_202,Furniture,Chair,35.0,9,315.0,Digital Wallet,In-Store,2024-12-28,False
TXN_7252011,CUST_041,Food,Rice,5.5,4,22.0,Digital Wallet,In-Store,2023-12-12,False
TXN_1020063,CUST_130,Electronics,Keyboard,35.0,2,70.0,Credit Card,In-Store,2024-09-11,False
TXN_5591598,CUST_147,Butchers,Pork,12.0,,48.0,Credit Card,Online,2023-11-10,False
TXN_2135583,CUST_307,Beverages,Water,1.5,9,13.5,Mobile Money,In-Store,2023-06-27,False
TXN_6941309,CUST_201,Food,Rice,5.5,4,22.0,Digital Wallet,In-Store,2024-12-30,False
TXN_5911952,CUST_458,Electronics,Headphones,22.0,5,110.0,Mobile Money,In-Store,2024-06-28,True
TXN_5544943,CUST_136,Butchers,Chicken,9.0,3,27.0,Cash,Online,2023-05-30,False
TXN_9587420,CUST_144,Patisserie,Doughnut,3.5,6,21.0,Digital Wallet,In-Store,2024-03-08,True
TXN_9682811,CUST_500,Stationery,Folder,3.0,9,27.0,Digital Wallet,Online,2023-01-01,False
TXN_4199169,CUST_327,Stationery,Notebook,4.0,10,40.0,Cash,In-Store,2022-06-12,False
TXN_4633091,CUST_161,Beverages,Tea,3.5,5,17.5,Credit Card,Online,2024-03-06,False
TXN_3080563,CUST_333,Butchers,Pork,12.0,10,120.0,Cash,In-Store,2023-01-01,False
TXN_9803037,CUST_196,Patisserie,Cake,18.0,10,180.0,Mobile Money,Online,2024-01-17,
TXN_1305490,CUST_459,Stationery,Notebook,4.0,3,12.0,Credit Card,In-Store,2024-09-25,False
TXN_9882014,CUST_328,Patisserie,Cake,18.0,3,54.0,Digital Wallet,In-Store,2022-10-29,False
TXN_8138512,CUST_251,Patisserie,Doughnut,3.5,1,3.5,Cash,In-Store,2023-09-20,
TXN_6832570,CUST_417,Butchers,Chicken,9.0,10,90.0,Mobile Money,Online,2024-02-13,
TXN_2743174,CUST_458,Food,Bread,3.0,4,12.0,Credit Card,In-Store,2024-11-01,False
TXN_4816707,CUST_312,Stationery,Folder,3.0,9,27.0,Mobile Money,Online,2023-02-22,True
TXN_2855567,CUST_374,Butchers,Lamb,16.0,5,80.0,Cash,In-Store,2024-02-03,True
TXN_6613542,CUST_113,Food,Pasta,4.5,8,36.0,Mobile Money,Online,2024-04-15,False
TXN_1768021,CUST_074,Stationery,Pen,1.5,5,7.5,Credit Card,In-Store,2022-06-15,False
TXN_6111721,CUST_427,Furniture,Table,80.0,10,800.0,Cash,In-Store,2023-09-23,False
TXN_5829776,CUST_201,Food,Pasta,4.5,9,40.5,Digital Wallet,In-Store,2022-05-24,False
TXN_9686774,CUST_282,Furniture,Table,80.0,10,800.0,Credit Card,Online,2023-12-03,False
TXN_5882375,CUST_108,Furniture,Table,80.0,1,80.0,Cash,In-Store,2024-05-07,False
TXN_8387450,CUST_175,Food,Cereal,6.0,1,6.0,Mobile Money,In-Store,2023-03-04,False
TXN_9058687,CUST_031,Electronics,Keyboard,35.0,5,175.0,Cash,In-Store,2023-02-19,True
TXN_8409545,CUST_437,Food,Pasta,4.5,9,40.5,Cash,In-Store,2023-05-23,False
TXN_9708825,CUST_222,Food,Bread,3.0,8,24.0,Digital Wallet,In-Store,2023-02-08,False
TXN_9299141,CUST_108,Butchers,Chicken,9.0,5,45.0,Credit Card,Online,2023-10-24,False
TXN_4187906,CUST_057,Butchers,Sausage,7.5,4,30.0,Mobile Money,In-Store,2023-11-14,False
TXN_7183524,CUST_484,Stationery,Pen,1.5,3,4.5,Credit Card,In-Store,2023-10-10,False
TXN_8443723,CUST_060,Food,Pasta,4.5,2,9.0,Mobile Money,Online,2024-10-03,False
TXN_2628782,CUST_146,Food,Cooking Oil,8.0,1,8.0,Cash,In-Store,2024-02-23,
TXN_4156366,CUST_197,Food,Cooking Oil,8.0,6,48.0,Digital Wallet,In-Store,2022-10-20,False
TXN_5184572,CUST_460,Food,Pasta,4.5,6,27.0,Cash,Online,2023-04-21,False
TXN_2980115,CUST_286,Furniture,Cabinet,95.0,1,95.0,Cash,Online,2024-03-16,
TXN_2374340,CUST_157,Butchers,Chicken,9.0,5,45.0,Digital Wallet,In-Store,2024-05-24,True
TXN_7430060,CUST_199,Electronics,Headphones,22.0,1,22.0,Cash,Online,2023-03-10,True
TXN_6227528,CUST_288,Electronics,Mouse,18.0,4,72.0,Mobile Money,Online,2024-07-04,False
TXN_1195961,CUST_268,Furniture,Chair,35.0,3,105.0,Cash,In-Store,2022-03-26,False
TXN_8740068,CUST_193,Butchers,Lamb,16.0,6,96.0,Credit Card,In-Store,2023-08-14,False
TXN_5803829,CUST_389,Food,Pasta,4.5,4,18.0,Credit Card,Online,2024-12-25,True
TXN_1978536,CUST_132,Electronics,Charger,25.0,8,200.0,Mobile Money,Online,2022-09-30,True
TXN_3839587,CUST_405,Electronics,Mouse,18.0,8,144.0,Cash,Online,2024-02-15,False
TXN_8649063,CUST_403,Stationery,Stapler,6.0,6,36.0,Digital Wallet,Online,2022-05-13,False
TXN_5795817,CUST_436,Furniture,Chair,35.0,7,245.0,Cash,Online,2022-03-08,False
TXN_4473142,CUST_394,Stationery,Unknown,,8,20.0,Cash,In-Store,2023-03-09,False
TXN_1177216,CUST_333,Butchers,Chicken,9.0,6,54.0,Cash,In-Store,2023-08-15,False
TXN_1594173,CUST_440,Food,Cooking Oil,8.0,10,80.0,Digital Wallet,Online,2024-04-30,False
TXN_4714379,CUST_072,Stationery,Stapler,6.0,1,6.0,Mobile Money,In-Store,2023-03-21,False
TXN_5139524,CUST_443,Stationery,Notebook,4.0,7,28.0,Mobile Money,Online,2023-11-20,True
TXN_2582459,CUST_120,Furniture,Shelf,55.0,1,55.0,Digital Wallet,Online,2023-01-06,False
TXN_1554999,CUST_354,Food,Cereal,6.0,5,30.0,Digital Wallet,In-Store,2023-07-03,
TXN_2743579,CUST_442,Food,Cereal,6.0,7,42.0,Digital Wallet,In-Store,2022-12-10,False
TXN_3165742,CUST_274,Food,Bread,3.0,6,18.0,Cash,Online,2022-12-11,False
TXN_1009907,CUST_463,Electronics,Charger,25.0,10,250.0,Credit Card,In-Store,2023-06-20,False
TXN_1588264,CUST_251,Furniture,Cabinet,95.0,10,950.0,Digital Wallet,Online,2024-01-12,
TXN_8708786,CUST_168,Stationery,Folder,3.0,2,6.0,Digital Wallet,Online,2022-08-07,False
TXN_1605750,CUST_141,Food,Bread,3.0,3,9.0,Cash,Online,2024-12-15,False
TXN_3215944,CUST_430,Electronics,Keyboard,35.0,7,245.0,Credit Card,In-Store,2022-01-13,False
TXN_7478443,CUST_139,Stationery,Notebook,4.0,5,20.0,Credit Card,In-Store,2024-07-19,True
TXN_1192407,CUST_462,Furniture,Table,80.0,1,80.0,Digital Wallet,Online,2023-08-02,False
TXN_8176786,CUST_142,Beverages,Tea,3.5,7,24.5,Cash,In-Store,2023-02-07,False
TXN_4620109,CUST_485,Furniture,Cabinet,95.0,9,855.0,Digital Wallet,In-Store,2023-04-25,
TXN_9683790,CUST_449,Butchers,Chicken,9.0,6,54.0,Credit Card,In-Store,2023-06-21,False
TXN_7939862,CUST_027,Food,Cereal,6.0,1,6.0,Credit Card,Online,2023-09-22,
TXN_3078237,CUST_171,Electronics,USB Cable,8.0,7,56.0,Digital Wallet,Online,2022-10-26,
TXN_4983063,CUST_390,Beverages,Coffee,2.5,5,12.5,Cash,In-Store,2024-03-03,False
TXN_6002554,CUST_020,Stationery,Folder,3.0,2,6.0,Mobile Money,Online,2023-09-01,False
TXN_8598216,CUST_226,Beverages,Juice,4.0,3,12.0,Credit Card,In-Store,2022-11-19,False
TXN_1136063,CUST_139,Patisserie,Croissant,5.0,1,5.0,Digital Wallet,In-Store,2023-01-29,
TXN_4726754,CUST_432,Furniture,Shelf,55.0,8,440.0,Digital Wallet,In-Store,2024-05-21,True
TXN_5209555,CUST_451,Butchers,Lamb,16.0,9,144.0,Digital Wallet,Online,2022-12-07,True
TXN_4104379,CUST_279,Beverages,Juice,4.0,8,32.0,Digital Wallet,In-Store,2023-03-07,
TXN_1049976,CUST_249,Butchers,Lamb,16.0,9,144.0,Mobile Money,Online,2023-11-11,False
TXN_9455722,CUST_311,Stationery,Folder,3.0,1,3.0,Mobile Money,Online,2024-11-23,False
TXN_3182926,CUST_096,Beverages,Tea,3.5,8,28.0,Digital Wallet,In-Store,2024-10-21,True
TXN_9572823,CUST_443,Beverages,Juice,4.0,2,8.0,Unknown,Online,2024-07-27,True
TXN_5719339,CUST_498,Beverages,Tea,3.5,2,7.0,Digital Wallet,Online,2024-05-10,False
TXN_3006809,CUST_207,Food,Cereal,6.0,10,60.0,Cash,Online,2024-05-03,True
TXN_7914550,CUST_255,Electronics,Headphones,22.0,1,22.0,Credit Card,In-Store,2024-03-05,False
TXN_6666132,CUST_153,Food,Rice,5.5,1,5.5,Mobile Money,In-Store,2023-03-21,False
TXN_6972872,CUST_483,Stationery,Pen,1.5,3,4.5,Digital Wallet,In-Store,2024-05-25,False
TXN_8334901,CUST_300,Stationery,Pen,1.5,3,4.5,Cash,Online,2022-12-08,False
TXN_1733936,CUST_149,Electronics,USB Cable,8.0,10,80.0,Mobile Money,Online,2022-01-13,False
TXN_3593726,CUST_285,Electronics,Mouse,18.0,7,126.0,Cash,Online,2023-03-26,
TXN_4740108,CUST_158,Furniture,Table,80.0,9,720.0,Credit Card,In-Store,2024-11-28,False
TXN_7581060,CUST_102,Patisserie,Cake,18.0,3,54.0,Credit Card,Online,2023-02-26,False
TXN_9191610,CUST_278,Butchers,Pork,12.0,7,84.0,Digital Wallet,Online,2024-04-24,False
TXN_1230205,CUST_448,Stationery,Stapler,6.0,1,6.0,Digital Wallet,In-Store,2023-03-14,False
TXN_8977971,CUST_042,Patisserie,Muffin,4.5,7,31.5,Digital Wallet,Online,2023-05-01,True
TXN_5816157,CUST_044,Stationery,Notebook,4.0,5,20.0,Credit Card,In-Store,2022-10-13,False
TXN_4174294,CUST_492,Furniture,Shelf,55.0,5,275.0,Digital Wallet,In-Store,2024-01-10,
TXN_9161982,CUST_145,Patisserie,Pie,12.0,5,60.0,Mobile Money,Online,2023-09-18,False
TXN_8622663,CUST_028,Stationery,Notebook,4.0,6,24.0,Digital Wallet,In-Store,2023-06-25,False
TXN_3619526,CUST_259,Electronics,Mouse,18.0,,90.0,Mobile Money,In-Store,2022-05-31,False
TXN_7657112,CUST_219,Furniture,Cabinet,95.0,6,570.0,Mobile Money,Online,2023-02-26,True
TXN_8421289,CUST_314,Butchers,Lamb,16.0,4,64.0,Digital Wallet,Online,2022-04-07,False
TXN_5668223,CUST_486,Furniture,Chair,35.0,5,175.0,Cash,Online,2023-01-06,False
TXN_1030568,CUST_072,Butchers,Beef,14.0,5,70.0,Cash,Online,2022-05-24,False
TXN_6996890,CUST_194,Stationery,Marker,2.5,5,12.5,Mobile Money,In-Store,2023-12-22,False
TXN_5257444,CUST_045,Butchers,Sausage,7.5,4,30.0,Cash,In-Store,2022-08-15,True
TXN_8540261,CUST_359,Food,Cereal,6.0,1,6.0,Mobile Money,Online,2022-07-20,False
TXN_8927129,CUST_413,Butchers,Chicken,9.0,5,45.0,Credit Card,In-Store,2024-03-10,False
TXN_3014017,CUST_333,Beverages,Water,1.5,2,3.0,Cash,Online,2022-12-01,False
TXN_2184348,CUST_144,Furniture,Shelf,55.0,1,55.0,Credit Card,Online,2022-09-20,False
TXN_3008187,CUST_187,Electronics,Mouse,18.0,9,162.0,Credit Card,Online,2023-10-22,False
TXN_6907287,CUST_442,Butchers,Beef,14.0,8,112.0,Mobile Money,Online,2023-05-24,False
TXN_2131614,CUST_041,Furniture,Cabinet,95.0,6,570.0,Credit Card,Online,2023-10-23,False
TXN_3077645,CUST_128,Butchers,Pork,12.0,2,24.0,Digital Wallet,Online,2022-11-21,True
TXN_2658027,CUST_494,Beverages,Soda,2.0,9,18.0,Credit Card,Online,2022-11-02,
TXN_6640840,CUST_106,Beverages,Juice,4.0,2,8.0,Cash,Online,2022-07-11,True
TXN_7537606,CUST_260,Stationery,Stapler,6.0,7,42.0,Unknown,Online,2022-06-25,
TXN_2449887,CUST_282,Food,Bread,3.0,7,21.0,Mobile Money,Online,2023-04-04,False
TXN_2657153,CUST_055,Food,Cereal,6.0,8,48.0,Mobile Money,Online,2024-02-29,False
TXN_5123244,CUST_009,Beverages,Juice,4.0,4,16.0,Cash,In-Store,2023-12-05,False
TXN_6664899,CUST_493,Furniture,Chair,35.0,3,105.0,Credit Card,Online,2022-04-20,False
TXN_2040775,CUST_377,Butchers,Pork,12.0,6,72.0,Cash,Online,2023-07-20,
TXN_1067952,CUST_446,Stationery,Unknown,4.0,10,40.0,Digital Wallet,In-Store,2024-09-02,
TXN_6670323,CUST_407,Furniture,Cabinet,95.0,5,475.0,Cash,Online,2022-03-13,
TXN_7955428,CUST_203,Food,Pasta,4.5,4,18.0,Cash,In-Store,2022-05-23,False
TXN_7290610,CUST_408,Beverages,Juice,4.0,9,36.0,Credit Card,In-Store,2022-08-03,
TXN_5418349,CUST_480,Stationery,Folder,3.0,4,12.0,Digital Wallet,In-Store,2024-08-31,True
TXN_3688565,CUST_090,Butchers,Beef,14.0,3,42.0,Digital Wallet,In-Store,2023-06-27,True
TXN_3285362,CUST_271,Patisserie,Cake,18.0,5,90.0,Mobile Money,Online,2023-07-22,False
TXN_2412612,CUST_428,Patisserie,Croissant,5.0,7,35.0,Cash,In-Store,2022-04-17,
TXN_2409849,CUST_404,Furniture,Shelf,55.0,1,55.0,Cash,In-Store,2022-12-14,True
TXN_2391819,CUST_289,Stationery,Marker,2.5,3,7.5,Mobile Money,Online,2024-01-20,False
TXN_8393627,CUST_213,Electronics,Keyboard,35.0,6,210.0,Digital Wallet,Online,2024-01-07,True
TXN_7691409,CUST_223,Beverages,Juice,4.0,8,32.0,Credit Card,Online,2024-07-23,False
TXN_7835533,CUST_309,Beverages,Juice,4.0,8,32.0,Mobile Money,In-Store,2023-12-02,False
TXN_1296518,CUST_274,Beverages,Soda,2.0,4,8.0,Mobile Money,In-Store,2022-05-05,False
TXN_8300259,CUST_386,Patisserie,Pie,12.0,4,48.0,Credit Card,Online,2024-02-23,True
TXN_9526508,CUST_171,Patisserie,Muffin,4.5,6,27.0,Cash,Unknown,2022-07-07,
TXN_2037140,CUST_307,Food,Cooking Oil,8.0,6,48.0,Mobile Money,In-Store,2023-01-30,
TXN_6532587,CUST_481,Stationery,Stapler,6.0,8,48.0,Mobile Money,In-Store,2024-07-14,True
TXN_3085469,CUST_225,Food,Cereal,6.0,7,42.0,Cash,Online,2024-01-16,False
TXN_2024017,CUST_471,Stationery,Marker,2.5,6,15.0,Credit Card,In-Store,2024-10-27,
TXN_9878462,CUST_258,Stationery,Stapler,6.0,5,30.0,Digital Wallet,Online,2023-01-31,False
TXN_7352761,CUST_259,Food,Rice,5.5,6,33.0,Credit Card,Unknown,2024-01-19,True
TXN_7155301,CUST_457,Stationery,Folder,3.0,3,9.0,Credit Card,In-Store,2023-03-14,True
TXN_5623636,CUST_156,Stationery,Marker,2.5,10,25.0,Mobile Money,Online,2022-07-09,False
TXN_6833938,CUST_449,Electronics,Charger,25.0,9,225.0,Cash,In-Store,2022-04-24,
TXN_6710964,CUST_200,Beverages,Tea,3.5,4,14.0,Credit Card,In-Store,2024-06-19,False
TXN_4591006,CUST_111,Beverages,Water,1.5,8,12.0,Credit Card,In-Store,2022-11-16,False
TXN_2151882,CUST_375,Beverages,Water,1.5,8,12.0,Cash,Online,2022-11-02,False
TXN_5888362,CUST_370,Butchers,Chicken,9.0,7,63.0,Cash,In-Store,2024-02-20,
TXN_6985238,CUST_399,Beverages,Juice,4.0,6,24.0,Digital Wallet,In-Store,2023-04-16,False
TXN_6138841,CUST_017,Beverages,Coffee,2.5,8,20.0,Digital Wallet,In-Store,2023-02-17,False
TXN_2889572,CUST_184,Furniture,Cabinet,95.0,9,855.0,Digital Wallet,Online,2023-05-04,False
TXN_8691521,CUST_025,Electronics,Keyboard,35.0,7,245.0,Mobile Money,Online,2023-08-29,True
TXN_7800320,CUST_385,Butchers,Pork,12.0,8,96.0,Credit Card,Online,2023-09-16,
TXN_9402892,CUST_111,Electronics,Mouse,18.0,8,144.0,Mobile Money,Online,2024-11-01,False
TXN_6412319,CUST_181,Food,Cereal,6.0,1,6.0,Digital Wallet,Online,2024-03-20,False
TXN_8493971,CUST_204,Electronics,USB Cable,8.0,10,80.0,Cash,Online,2023-01-27,True
TXN_5274936,CUST_175,Stationery,Marker,2.5,1,2.5,Mobile Money,In-Store,2023-06-29,
TXN_5327576,CUST_349,Stationery,Notebook,4.0,3,12.0,Unknown,Online,2024-05-27,False
TXN_7450147,CUST_181,Electronics,Mouse,18.0,6,108.0,Digital Wallet,In-Store,2023-09-29,
TXN_1364716,CUST_004,Butchers,Beef,14.0,1,14.0,Credit Card,Online,2024-09-12,
TXN_3100326,CUST_010,Stationery,Folder,3.0,6,18.0,Digital Wallet,Online,2022-08-14,False
TXN_3780955,CUST_389,Butchers,Chicken,9.0,3,27.0,Cash,Online,2024-04-27,False
TXN_9735376,CUST_457,Patisserie,Unknown,5.0,10,50.0,Cash,In-Store,2023-03-17,False
TXN_6899128,CUST_087,Patisserie,Croissant,5.0,10,50.0,Mobile Money,In-Store,2023-08-23,False
TXN_4326793,CUST_367,Patisserie,Pie,12.0,9,108.0,Mobile Money,Unknown,2023-05-31,
TXN_8073575,CUST_089,Food,Cereal,6.0,1,6.0,Mobile Money,Online,2024-07-03,False
TXN_7979010,CUST_087,Butchers,Sausage,7.5,5,37.5,Credit Card,In-Store,2024-03-22,True
TXN_8271001,CUST_049,Butchers,Chicken,9.0,9,81.0,Digital Wallet,Online,2023-06-25,False
TXN_2912584,CUST_003,Stationery,Pen,1.5,2,3.0,Cash,Online,2022-11-24,False
TXN_2778244,CUST_265,Food,Cereal,6.0,10,60.0,Credit Card,Online,2022-08-18,
TXN_2551870,CUST_210,Patisserie,Cake,18.0,8,144.0,Digital Wallet,Online,2023-03-05,False
TXN_4260479,CUST_338,Electronics,Headphones,22.0,10,220.0,Mobile Money,Online,2024-02-19,False
TXN_5809479,CUST_263,Butchers,Chicken,9.0,9,81.0,Mobile Money,Online,2024-10-23,False
TXN_8635836,CUST_495,Furniture,Cabinet,95.0,8,760.0,Cash,In-Store,2023-08-03,False
TXN_3297905,CUST_358,Food,Pasta,4.5,4,18.0,Mobile Money,Online,2024-07-16,True
TXN_8829460,CUST_003,Patisserie,Muffin,4.5,3,13.5,Mobile Money,Online,2023-11-03,False
TXN_2457955,CUST_285,Furniture,Table,80.0,4,320.0,Mobile Money,Online,2022-11-21,False
TXN_8752937,CUST_168,Beverages,Tea,3.5,1,3.5,Digital Wallet,Online,2023-07-27,False
TXN_3201580,CUST_180,Stationery,Pen,1.5,7,10.5,Mobile Money,In-Store,2024-03-07,False
TXN_6283371,CUST_068,Beverages,Coffee,2.5,3,7.5,Mobile Money,In-Store,2024-11-11,False
TXN_3430171,CUST_397,Electronics,Mouse,18.0,8,144.0,Credit Card,Online,2024-11-18,
TXN_2109427,CUST_006,Food,Cereal,6.0,9,54.0,Digital Wallet,Online,2023-10-26,
TXN_1536364,CUST_008,Beverages,Soda,2.0,9,18.0,Mobile Money,Online,2024-11-22,True
TXN_2206093,CUST_401,Electronics,Mouse,18.0,3,54.0,Credit Card,Online,2022-03-27,False
TXN_2178601,CUST_463,Electronics,Charger,25.0,3,75.0,Digital Wallet,Online,2023-08-31,False
TXN_9924904,CUST_163,Stationery,Stapler,6.0,7,42.0,Unknown,In-Store,2022-09-10,False
TXN_4155694,CUST_263,Butchers,Chicken,9.0,9,81.0,Credit Card,Online,2023-03-12,True
TXN_3389580,CUST_204,Butchers,Beef,14.0,10,140.0,Unknown,Online,2024-08-17,
TXN_1448567,CUST_168,Patisserie,Doughnut,3.5,2,7.0,Mobile Money,In-Store,2024-05-14,False
TXN_6994602,CUST_232,Furniture,Shelf,55.0,1,55.0,Credit Card,Online,2024-06-01,
TXN_7057090,CUST_127,Beverages,Tea,3.5,7,24.5,Cash,In-Store,2023-12-09,
TXN_3440859,CUST_175,Butchers,Chicken,9.0,2,18.0,Mobile Money,Online,2022-04-12,False
TXN_8867566,CUST_003,Patisserie,Croissant,5.0,8,40.0,Credit Card,Online,2022-12-19,False
TXN_2164608,CUST_282,Furniture,Desk,120.0,1,120.0,Credit Card,In-Store,2024-12-29,False
TXN_9379583,CUST_002,Furniture,Desk,120.0,7,840.0,Cash,Online,2022-01-01,True
TXN_4411973,CUST_340,Furniture,Shelf,55.0,2,110.0,Mobile Money,Online,2022-03-12,
TXN_4849558,CUST_120,Patisserie,Doughnut,3.5,6,21.0,Cash,Online,2023-08-07,False
TXN_4445744,CUST_496,Furniture,Unknown,55.0,7,385.0,Cash,In-Store,2023-02-11,False
TXN_6173170,CUST_369,Patisserie,Cake,18.0,9,162.0,Mobile Money,Online,2022-11-28,
TXN_6296519,CUST_011,Patisserie,Cake,18.0,2,36.0,Credit Card,Online,2023-06-26,False
TXN_7814733,CUST_100,Food,Unknown,5.5,2,11.0,Digital Wallet,Online,2024-06-02,False
TXN_9533216,CUST_065,Beverages,Water,1.5,9,13.5,Cash,Online,2022-01-09,False
TXN_7363395,CUST_373,Food,Cooking Oil,8.0,6,48.0,Cash,In-Store,2022-02-10,False
TXN_5154967,CUST_027,Butchers,Chicken,9.0,10,90.0,Credit Card,Online,2024-02-29,
TXN_8379933,CUST_454,Patisserie,Muffin,4.5,5,22.5,Credit Card,Online,2023-06-28,True
TXN_1174588,CUST_179,Patisserie,Croissant,5.0,7,35.0,Cash,Online,2023-04-22,False
TXN_6993404,CUST_260,Butchers,Lamb,16.0,2,32.0,Cash,Online,2022-12-06,False
TXN_1500499,CUST_399,Food,Bread,3.0,8,24.0,Cash,In-Store,2022-12-28,
TXN_9841859,CUST_420,Furniture,Desk,120.0,9,1080.0,Digital Wallet,Online,2024-03-19,
TXN_8587755,CUST_475,Butchers,Chicken,9.0,9,81.0,Digital Wallet,Online,2024-02-14,False
TXN_4097619,CUST_066,Furniture,Cabinet,95.0,6,570.0,Digital Wallet,In-Store,2022-05-27,
TXN_5062118,CUST_445,Electronics,Charger,25.0,2,50.0,Digital Wallet,In-Store,2023-06-14,False
TXN_5694505,CUST_478,Electronics,USB Cable,8.0,3,24.0,Digital Wallet,Online,2022-06-12,False
TXN_1720065,CUST_375,Furniture,Cabinet,95.0,9,855.0,Credit Card,Online,2023-01-02,
TXN_2721061,CUST_181,Food,Cooking Oil,8.0,1,8.0,Cash,Online,2024-04-20,True
TXN_6544223,CUST_406,Beverages,Coffee,2.5,2,5.0,Digital Wallet,In-Store,2022-10-30,False
TXN_6504381,CUST_133,Beverages,Soda,2.0,2,4.0,Digital Wallet,In-Store,2022-09-22,
TXN_6745980,CUST_324,Electronics,Headphones,22.0,7,154.0,Cash,Online,2023-10-14,False
TXN_2968093,CUST_114,Stationery,Folder,3.0,6,18.0,Digital Wallet,Unknown,2023-01-16,False
TXN_8045158,CUST_239,Stationery,Stapler,6.0,6,36.0,Cash,Online,2022-05-24,False
TXN_4205677,CUST_341,Beverages,Juice,4.0,3,12.0,Credit Card,Online,2023-10-09,
TXN_2776305,CUST_145,Furniture,Cabinet,95.0,3,285.0,Mobile Money,Online,2022-12-10,False
TXN_2422394,CUST_195,Food,Bread,3.0,1,3.0,Credit Card,In-Store,2024-11-15,False
TXN_1538359,CUST_014,Electronics,Headphones,22.0,6,132.0,Cash,In-Store,2023-10-26,False
TXN_5461557,CUST_057,Patisserie,Cake,18.0,6,108.0,Cash,Online,2024-11-27,
TXN_6301146,CUST_088,Furniture,Shelf,55.0,7,385.0,Credit Card,Online,2024-05-16,True
TXN_8914871,CUST_130,Butchers,Pork,12.0,10,120.0,Digital Wallet,Online,2023-02-18,False
TXN_3538562,CUST_031,Butchers,Pork,12.0,10,120.0,Credit Card,Online,2023-07-20,
TXN_7321310,CUST_487,Food,Unknown,4.5,10,45.0,Credit Card,Online,2023-09-13,False
TXN_5072660,CUST_188,Electronics,Headphones,22.0,5,110.0,Mobile Money,Online,2022-01-05,False
TXN_5165767,CUST_183,Stationery,Pen,1.5,6,9.0,Cash,Online,2024-06-27,False
TXN_1085395,CUST_082,Patisserie,Doughnut,3.5,6,21.0,Cash,Online,2024-05-14,False
TXN_4206084,CUST_359,Stationery,Notebook,4.0,1,4.0,Cash,Online,2023-10-11,False
TXN_7192860,CUST_262,Stationery,Pen,1.5,,7.5,Digital Wallet,In-Store,2023-09-16,False
TXN_8079981,CUST_095,Patisserie,Pie,12.0,10,120.0,Credit Card,Online,2023-02-17,
TXN_2168964,CUST_031,Stationery,Notebook,4.0,6,24.0,Unknown,In-Store,2023-03-16,False
TXN_8851685,CUST_447,Stationery,Stapler,6.0,1,6.0,Digital Wallet,In-Store,2022-01-11,
TXN_3998851,CUST_034,Patisserie,Cake,18.0,5,90.0,Credit Card,In-Store,2022-02-24,
TXN_1508906,CUST_241,Butchers,Sausage,7.5,2,15.0,Digital Wallet,In-Store,2024-06-20,
TXN_6518358,CUST_456,Beverages,Soda,2.0,10,20.0,Mobile Money,Online,2024-05-08,False
TXN_7055245,CUST_477,Patisserie,Cake,18.0,10,180.0,Cash,Online,2023-04-01,
TXN_6097916,CUST_342,Food,Pasta,4.5,9,40.5,Cash,Unknown,2023-02-14,False
TXN_8126338,CUST_061,Stationery,Marker,2.5,1,2.5,Cash,In-Store,2022-05-13,
TXN_1343045,CUST_393,Electronics,Keyboard,35.0,10,350.0,Digital Wallet,In-Store,2023-09-24,True
TXN_6383569,CUST_039,Furniture,Table,80.0,8,640.0,Mobile Money,Online,2022-09-09,True
TXN_7353473,CUST_310,Beverages,Coffee,2.5,2,5.0,Credit Card,In-Store,2024-10-16,False
TXN_2476470,CUST_290,Electronics,USB Cable,8.0,8,64.0,Digital Wallet,In-Store,2024-06-30,
TXN_5908394,CUST_485,Food,Pasta,4.5,4,18.0,Digital Wallet,In-Store,2022-02-25,
TXN_4389587,CUST_095,Beverages,Tea,3.5,3,10.5,Cash,Online,2024-08-05,False
TXN_1402732,CUST_224,Butchers,Sausage,7.5,5,37.5,Credit Card,In-Store,2022-04-25,
TXN_5735206,CUST_157,Butchers,Pork,12.0,10,120.0,Cash,In-Store,2024-06-07,True
TXN_8861750,CUST_480,Butchers,Beef,14.0,3,42.0,Cash,Online,2022-06-12,False
TXN_8807699,CUST_075,Food,Cereal,6.0,8,48.0,Credit Card,Unknown,2023-03-21,
TXN_9090669,CUST_405,Butchers,Lamb,16.0,1,16.0,Cash,Online,2022-08-28,
TXN_4932441,CUST_285,Electronics,Charger,25.0,4,100.0,Cash,In-Store,2024-11-24,False
TXN_8316105,CUST_482,Electronics,Keyboard,35.0,7,245.0,Mobile Money,In-Store,2022-07-27,True
TXN_2176813,CUST_426,Furniture,Cabinet,95.0,2,190.0,Credit Card,Online,2022-09-01,False
TXN_2973915,CUST_496,Patisserie,Unknown,4.5,5,22.5,Credit Card,Online,2023-01-24,
TXN_7292357,CUST_429,Beverages,Water,1.5,6,9.0,Digital Wallet,Online,2024-04-13,
TXN_8522558,CUST_115,Patisserie,Doughnut,3.5,9,31.5,Credit Card,Online,2024-08-15,False
TXN_4484195,CUST_250,Butchers,Beef,14.0,6,84.0,Cash,Online,2022-05-06,False
TXN_7438545,CUST_227,Butchers,Lamb,16.0,10,160.0,Mobile Money,Online,2024-01-24,False
TXN_3379093,CUST_348,Butchers,Unknown,12.0,10,120.0,Mobile Money,In-Store,2022-03-14,False
TXN_3508648,CUST_004,Electronics,USB Cable,8.0,9,72.0,Cash,In-Store,2024-04-03,True
TXN_8356089,CUST_287,Beverages,Water,1.5,10,15.0,Credit Card,Online,2024-11-02,False
TXN_2977219,CUST_358,Electronics,Charger,25.0,10,250.0,Digital Wallet,In-Store,2022-10-08,
TXN_8139580,CUST_465,Electronics,USB Cable,8.0,1,8.0,Mobile Money,Online,2024-09-07,True
TXN_9643556,CUST_487,Butchers,Sausage,7.5,4,30.0,Cash,In-Store,2023-09-15,False
TXN_9447396,CUST_380,Stationery,Stapler,6.0,6,36.0,Mobile Money,Online,2024-11-15,False
TXN_9513199,CUST_183,Patisserie,Doughnut,3.5,7,24.5,Mobile Money,In-Store,2023-11-01,
TXN_6586237,CUST_047,Beverages,Coffee,2.5,1,2.5,Credit Card,Online,2022-04-16,False
TXN_1905751,CUST_089,Stationery,Notebook,4.0,3,12.0,Cash,Online,2023-08-29,False
TXN_2348483,CUST_478,Electronics,USB Cable,8.0,3,24.0,Digital Wallet,In-Store,2022-08-11,True
TXN_1424190,CUST_020,Stationery,Stapler,6.0,10,60.0,Credit Card,Online,2024-09-11,
TXN_3521880,CUST_022,Stationery,Pen,1.5,3,4.5,Mobile Money,In-Store,2024-01-11,False
TXN_4917563,CUST_114,Electronics,Keyboard,35.0,4,140.0,Digital Wallet,In-Store,2022-11-26,False
TXN_3994713,CUST_433,Butchers,Beef,14.0,9,126.0,Digital Wallet,Online,2022-05-25,False
TXN_7017004,CUST_055,Electronics,Charger,25.0,6,150.0,Mobile Money,Online,2023-11-15,True
TXN_8783002,CUST_428,Furniture,Chair,35.0,1,35.0,Mobile Money,In-Store,2022-01-07,False
TXN_8551455,CUST_213,Food,Rice,5.5,9,49.5,Credit Card,Online,2022-12-26,False
TXN_5443778,CUST_237,Patisserie,Croissant,5.0,3,15.0,Credit Card,Online,2022-01-21,False
TXN_4710388,CUST_377,Stationery,Notebook,4.0,2,8.0,Mobile Money,In-Store,2024-10-11,False
TXN_1979907,CUST_465,Furniture,Chair,35.0,2,70.0,Credit Card,In-Store,2022-02-15,False
TXN_5481483,CUST_265,Food,Bread,3.0,3,9.0,Digital Wallet,Online,2022-03-26,False
TXN_5604136,CUST_166,Food,Cereal,6.0,10,60.0,Mobile Money,Online,2022-05-06,
TXN_3026091,CUST_211,Stationery,Marker,2.5,10,25.0,Digital Wallet,Online,2022-06-16,False
TXN_9675237,CUST_212,Electronics,Mouse,18.0,3,54.0,Credit Card,In-Store,2024-12-03,False
TXN_4907031,CUST_468,Beverages,Coffee,2.5,8,20.0,Mobile Money,Online,2024-05-01,False
TXN_2458799,CUST_024,Butchers,Beef,14.0,3,42.0,Cash,In-Store,2023-07-10,False
TXN_5134899,CUST_161,Electronics,Headphones,22.0,2,44.0,Digital Wallet,In-Store,2024-04-05,True
TXN_9222502,CUST_341,Stationery,Marker,2.5,4,10.0,Cash,In-Store,2023-12-05,False
TXN_9500776,CUST_147,Butchers,Lamb,16.0,2,32.0,Credit Card,Online,2024-08-18,False
TXN_5890552,CUST_306,Stationery,Folder,3.0,1,3.0,Unknown,In-Store,2024-05-21,False
TXN_2903915,CUST_158,Food,Pasta,4.5,6,27.0,Cash,In-Store,2023-07-22,
TXN_5234522,CUST_386,Food,Cooking Oil,8.0,4,32.0,Credit Card,Online,2023-10-17,False
TXN_2547379,CUST_326,Food,Bread,3.0,7,21.0,Credit Card,In-Store,2023-05-13,False
TXN_6741638,CUST_326,Butchers,Lamb,16.0,8,128.0,Digital Wallet,Online,2023-04-11,False
TXN_1968616,CUST_390,Stationery,Stapler,6.0,4,24.0,Cash,In-Store,2023-04-27,True
TXN_4198066,CUST_210,Furniture,Chair,35.0,4,140.0,Credit Card,In-Store,2022-05-15,True
TXN_6090769,CUST_304,Patisserie,Pie,12.0,6,72.0,Cash,In-Store,2022-04-20,False
TXN_4980112,CUST_318,Butchers,Pork,12.0,4,48.0,Cash,In-Store,2023-03-27,False
TXN_9345240,CUST_163,Stationery,Marker,2.5,8,20.0,Cash,Online,2024-04-16,False
TXN_9613974,CUST_382,Butchers,Sausage,7.5,2,15.0,Credit Card,Online,2024-02-03,False
TXN_1144356,CUST_086,Patisserie,Croissant,5.0,3,15.0,Cash,In-Store,2024-12-28,True
TXN_5462966,CUST_092,Furniture,Cabinet,95.0,8,760.0,Digital Wallet,In-Store,2022-07-26,
TXN_8952798,CUST_471,Food,Cereal,6.0,4,24.0,Credit Card,Online,2023-10-16,False
TXN_7012589,CUST_373,Food,Rice,5.5,6,33.0,Cash,Online,2023-01-30,False
TXN_8896581,CUST_032,Stationery,Stapler,6.0,4,24.0,Cash,Online,2022-10-20,False
TXN_3686476,CUST_228,Patisserie,Pie,12.0,9,108.0,Cash,In-Store,2022-01-17,
TXN_9239940,CUST_440,Electronics,Mouse,18.0,,126.0,Credit Card,Online,2024-04-18,False
TXN_1810713,CUST_175,Food,Cooking Oil,8.0,8,64.0,Credit Card,In-Store,2024-02-03,
TXN_8593548,CUST_089,Patisserie,Pie,12.0,4,48.0,Cash,Online,2024-02-04,False
TXN_5329394,CUST_073,Food,Cereal,6.0,7,42.0,Mobile Money,In-Store,2024-05-09,False
TXN_9609029,CUST_368,Butchers,Chicken,9.0,2,18.0,Credit Card,In-Store,2024-05-19,False
TXN_2846357,CUST_004,Beverages,Soda,2.0,4,8.0,Digital Wallet,Online,2022-06-15,
TXN_4580885,CUST_215,Beverages,Juice,4.0,9,36.0,Mobile Money,Online,2024-03-12,
TXN_1417342,CUST_092,Patisserie,Doughnut,3.5,9,31.5,Digital Wallet,In-Store,2024-08-11,
TXN_1578078,CUST_161,Patisserie,Doughnut,3.5,6,21.0,Mobile Money,In-Store,2023-06-04,False
TXN_7671458,CUST_147,Furniture,Chair,35.0,9,315.0,Mobile Money,Online,2023-02-08,
TXN_2120113,CUST_362,Patisserie,Doughnut,3.5,6,21.0,Mobile Money,Online,2023-09-17,False
TXN_7398113,CUST_105,Beverages,Juice,4.0,6,24.0,Unknown,In-Store,2024-04-29,
TXN_7567090,CUST_413,Stationery,Folder,3.0,8,24.0,Credit Card,Online,2024-02-12,
TXN_8035438,CUST_345,Electronics,Headphones,22.0,3,66.0,Mobile Money,Online,2022-08-17,True
TXN_3884112,CUST_263,Food,Rice,5.5,6,33.0,Digital Wallet,Online,2022-10-21,False
TXN_1482006,CUST_046,Furniture,Desk,120.0,2,240.0,Mobile Money,In-Store,2022-07-08,False
TXN_2540724,CUST_094,Furniture,Shelf,55.0,4,220.0,Digital Wallet,In-Store,2023-12-19,False
TXN_5368270,CUST_332,Food,Cereal,6.0,,12.0,Mobile Money,Online,2023-11-12,
TXN_1516394,CUST_208,Electronics,Keyboard,35.0,9,315.0,Credit Card,In-Store,2022-03-05,False
TXN_5913756,CUST_387,Electronics,Mouse,18.0,5,90.0,Cash,In-Store,2024-09-14,False
TXN_3315963,CUST_124,Patisserie,Muffin,4.5,6,27.0,Cash,In-Store,2022-04-16,False
TXN_7369456,CUST_312,Stationery,Notebook,4.0,5,20.0,Mobile Money,In-Store,2024-02-16,
TXN_5448761,CUST_155,Furniture,Table,80.0,3,240.0,Digital Wallet,Online,2022-04-21,False
TXN_1570073,CUST_211,Stationery,Stapler,6.0,1,6.0,Credit Card,Online,2022-01-03,
TXN_4732477,CUST_106,Electronics,Keyboard,35.0,2,70.0,Credit Card,Online,2024-04-21,False
TXN_5327219,CUST_074,Butchers,Unknown,9.0,8,72.0,Cash,Online,2022-09-11,True
TXN_9318849,CUST_369,Beverages,Coffee,2.5,,15.0,Credit Card,Online,2022-02-19,False
TXN_7365416,CUST_215,Stationery,Pen,1.5,5,7.5,Cash,In-Store,2023-10-27,False
TXN_8469820,CUST_089,Furniture,Cabinet,95.0,7,665.0,Digital Wallet,Online,2022-12-27,
TXN_5207642,CUST_002,Furniture,Cabinet,95.0,8,760.0,Cash,Online,2024-03-17,False
TXN_4649244,CUST_323,Butchers,Pork,12.0,10,120.0,Digital Wallet,In-Store,2022-07-25,False
TXN_7415574,CUST_287,Patisserie,Cake,18.0,9,162.0,Mobile Money,In-Store,2023-01-04,True
TXN_6068002,CUST_436,Electronics,Charger,25.0,4,100.0,Cash,Online,2024-10-27,True
TXN_1627901,CUST_012,Food,Unknown,4.5,3,13.5,Digital Wallet,In-Store,2024-11-19,True
TXN_7214566,CUST_355,Electronics,Charger,25.0,4,100.0,Mobile Money,Online,2023-09-17,False
TXN_5274015,CUST_324,Furniture,Shelf,55.0,9,495.0,Cash,In-Store,2022-05-16,
TXN_2274634,CUST_268,Furniture,Cabinet,95.0,3,285.0,Credit Card,Online,2023-05-23,
TXN_6891709,CUST_052,Furniture,Chair,35.0,5,175.0,Mobile Money,In-Store,2023-11-30,False
TXN_6611490,CUST_002,Patisserie,Cake,18.0,1,18.0,Digital Wallet,Online,2024-03-14,False
TXN_7337356,CUST_470,Beverages,Water,1.5,2,3.0,Credit Card,Online,2022-05-19,False
TXN_6824472,CUST_283,Butchers,Chicken,9.0,2,18.0,Digital Wallet,Online,2023-10-30,False
TXN_1023088,CUST_369,Beverages,Water,1.5,10,15.0,Credit Card,Online,2023-08-30,False
TXN_4019322,CUST_230,Stationery,Folder,3.0,4,12.0,Mobile Money,In-Store,2022-05-21,
TXN_5374911,CUST_092,Furniture,Desk,120.0,7,840.0,Digital Wallet,Online,2024-01-31,False
TXN_1972330,CUST_218,Beverages,Tea,3.5,4,14.0,Credit Card,In-Store,2023-12-01,False
TXN_7911596,CUST_480,Patisserie,Muffin,4.5,7,31.5,Cash,In-Store,2024-09-20,False
TXN_1878269,CUST_163,Beverages,Water,1.5,3,4.5,Cash,Online,2022-10-28,False
TXN_6893309,CUST_125,Electronics,Headphones,22.0,9,198.0,Credit Card,Unknown,2023-07-24,True
TXN_2928337,CUST_149,Butchers,Beef,14.0,3,42.0,Cash,In-Store,2024-02-04,
TXN_3578062,CUST_044,Electronics,Keyboard,35.0,8,280.0,Mobile Money,Online,2022-03-21,
TXN_9465360,CUST_385,Butchers,Lamb,16.0,4,64.0,Credit Card,Online,2024-06-26,
TXN_8397239,CUST_206,Electronics,Mouse,18.0,6,108.0,Cash,In-Store,2024-09-19,
TXN_1395197,CUST_136,Food,Bread,3.0,4,12.0,Mobile Money,In-Store,2024-05-30,True
TXN_7078497,CUST_193,Electronics,Headphones,22.0,6,132.0,Digital Wallet,In-Store,2024-04-11,False
TXN_8563493,CUST_321,Furniture,Chair,35.0,4,140.0,Mobile Money,In-Store,2024-02-23,
TXN_4579894,CUST_383,Butchers,Chicken,9.0,2,18.0,Cash,In-Store,2023-03-27,
TXN_4417932,CUST_257,Furniture,Cabinet,95.0,5,475.0,Unknown,Online,2022-02-16,False
TXN_6357313,CUST_417,Butchers,Sausage,7.5,3,22.5,Mobile Money,Online,2022-10-23,False
TXN_1779105,CUST_234,Food,Cereal,6.0,4,24.0,Cash,In-Store,2024-05-13,False
TXN_2592063,CUST_363,Patisserie,Doughnut,3.5,8,28.0,Mobile Money,Unknown,2022-05-11,False
TXN_8133951,CUST_243,Food,Bread,3.0,2,6.0,Cash,In-Store,2022-07-17,False
TXN_8044392,CUST_229,Food,Cereal,6.0,7,42.0,Cash,In-Store,2022-10-08,False
TXN_3761728,CUST_492,Furniture,Chair,35.0,5,175.0,Digital Wallet,In-Store,2024-07-30,
TXN_2401170,CUST_493,Butchers,Beef,14.0,6,84.0,Digital Wallet,In-Store,2023-01-01,False
TXN_9303121,CUST_168,Butchers,Sausage,7.5,1,7.5,Digital Wallet,Online,2023-03-05,False
TXN_6287913,CUST_158,Food,Rice,5.5,3,16.5,Credit Card,Online,2024-12-26,
TXN_3198568,CUST_426,Food,Cooking Oil,8.0,9,72.0,Cash,In-Store,2023-03-15,False
TXN_9947526,CUST_210,Beverages,Coffee,2.5,5,12.5,Credit Card,Online,2022-06-01,False
TXN_8814889,CUST_329,Food,Cereal,6.0,1,6.0,Digital Wallet,Online,2022-04-16,False
TXN_1757624,CUST_152,Stationery,Marker,2.5,6,15.0,Credit Card,In-Store,2022-06-05,True
TXN_3015074,CUST_232,Beverages,Tea,3.5,1,3.5,Mobile Money,In-Store,2022-02-21,False
TXN_4071284,CUST_014,Furniture,Chair,35.0,8,280.0,Cash,In-Store,2024-02-02,
TXN_6420278,CUST_036,Food,Cooking Oil,8.0,3,24.0,Cash,Online,2022-08-08,True
TXN_5611315,CUST_232,Electronics,Mouse,18.0,5,90.0,Credit Card,Online,2022-07-11,False
TXN_9718277,CUST_189,Furniture,Cabinet,95.0,6,570.0,Digital Wallet,In-Store,2022-01-29,False
TXN_6703209,CUST_095,Furniture,Chair,35.0,2,70.0,Credit Card,Online,2022-07-07,
TXN_1719466,CUST_149,Patisserie,Croissant,5.0,3,15.0,Digital Wallet,Online,2024-10-17,False
TXN_3346243,CUST_344,Furniture,Shelf,55.0,3,165.0,Digital Wallet,In-Store,2024-03-23,False
TXN_2035598,CUST_031,Patisserie,Croissant,5.0,6,30.0,Digital Wallet,Online,2022-04-15,False
TXN_6616112,CUST_016,Butchers,Pork,12.0,7,84.0,Cash,In-Store,2023-05-04,False
TXN_4766427,CUST_277,Butchers,Pork,12.0,9,108.0,Mobile Money,Online,2023-09-28,
TXN_5559217,CUST_220,Electronics,Keyboard,35.0,6,210.0,Digital Wallet,Online,2024-03-29,
TXN_3647765,CUST_070,Furniture,Cabinet,95.0,8,760.0,Mobile Money,Online,2024-12-13,True
TXN_1498909,CUST_329,Beverages,Coffee,2.5,3,7.5,Mobile Money,In-Store,2022-06-02,False
TXN_3155748,CUST_270,Butchers,Pork,12.0,9,108.0,Mobile Money,Online,2023-12-26,False
TXN_2894089,CUST_422,Stationery,Notebook,4.0,10,40.0,Cash,In-Store,2023-04-20,False
TXN_3061774,CUST_457,Furniture,Table,80.0,8,640.0,Digital Wallet,In-Store,2022-05-29,True
TXN_6672745,CUST_151,Stationery,Folder,3.0,3,9.0,Credit Card,Online,2023-05-29,
TXN_2742429,CUST_225,Patisserie,Pie,12.0,9,108.0,Cash,In-Store,2024-07-20,False
TXN_9651964,CUST_066,Beverages,Tea,3.5,9,31.5,Credit Card,In-Store,2023-02-24,True
TXN_1159270,CUST_183,Food,Rice,5.5,3,16.5,Mobile Money,Online,2023-12-06,
TXN_1049115,CUST_384,Electronics,Keyboard,35.0,1,35.0,Mobile Money,In-Store,2024-05-01,False
TXN_3763049,CUST_492,Butchers,Sausage,7.5,1,7.5,Mobile Money,In-Store,2022-08-22,False
TXN_1239608,CUST_244,Furniture,Table,80.0,10,800.0,Credit Card,Online,2023-08-23,False
TXN_4062098,CUST_079,Electronics,Keyboard,35.0,3,105.0,Cash,In-Store,2023-01-13,True
TXN_6003866,CUST_067,Stationery,Pen,1.5,9,13.5,Digital Wallet,Online,2023-07-06,False
TXN_1206511,CUST_056,Butchers,Beef,14.0,5,70.0,Digital Wallet,Online,2024-03-17,False
TXN_3368398,CUST_036,Stationery,Marker,2.5,3,7.5,Credit Card,In-Store,2023-07-08,False
TXN_3400837,CUST_276,Food,Pasta,4.5,10,45.0,Digital Wallet,Online,2022-05-14,
TXN_8440449,CUST_409,Patisserie,Croissant,5.0,1,5.0,Mobile Money,Online,2024-12-03,False
TXN_3796890,CUST_058,Electronics,Mouse,18.0,8,144.0,Digital Wallet,In-Store,2023-05-02,False
TXN_1437538,CUST_488,Stationery,Marker,2.5,7,17.5,Cash,In-Store,2022-03-19,False
TXN_7605949,CUST_177,Patisserie,Muffin,4.5,4,18.0,Cash,Online,2022-05-07,False
TXN_7358561,CUST_133,Furniture,Unknown,35.0,9,315.0,Mobile Money,Online,2023-08-11,
TXN_3951545,CUST_185,Food,Cereal,6.0,6,36.0,Credit Card,Online,2023-06-21,False
TXN_3150205,CUST_314,Butchers,Chicken,9.0,3,27.0,Cash,In-Store,2022-12-04,False
TXN_6212428,CUST_324,Electronics,Mouse,18.0,8,144.0,Credit Card,In-Store,2022-09-14,False
TXN_8108384,CUST_399,Stationery,Pen,1.5,4,6.0,Digital Wallet,Online,2023-08-25,False
TXN_2265898,CUST_345,Patisserie,Muffin,4.5,6,27.0,Credit Card,Online,2024-02-09,True
TXN_5841294,CUST_222,Beverages,Soda,2.0,7,14.0,Mobile Money,Online,2024-08-19,False
TXN_9402490,CUST_196,Food,Pasta,4.5,2,9.0,Digital Wallet,In-Store,2023-03-01,False
TXN_7109117,CUST_421,Furniture,Cabinet,95.0,1,95.0,Cash,Unknown,2022-03-19,
TXN_8499996,CUST_314,Butchers,Beef,14.0,9,126.0,Digital Wallet,Online,2023-06-02,
TXN_4434091,CUST_242,Furniture,Table,80.0,4,320.0,Digital Wallet,Online,2022-01-24,False
TXN_1455241,CUST_060,Food,Bread,3.0,10,30.0,Credit Card,Online,2024-10-31,True
TXN_6578086,CUST_038,Electronics,USB Cable,8.0,6,48.0,Digital Wallet,Online,2024-11-27,False
TXN_8266465,CUST_448,Butchers,Lamb,16.0,7,112.0,Digital Wallet,In-Store,2022-09-22,False
TXN_4926427,CUST_439,Food,Cereal,6.0,3,18.0,Mobile Money,Online,2023-12-28,False
TXN_7324758,CUST_391,Beverages,Soda,2.0,10,20.0,Mobile Money,In-Store,2022-04-18,False
TXN_6067579,CUST_251,Patisserie,Doughnut,3.5,5,17.5,Credit Card,In-Store,2023-01-15,False
TXN_5058848,CUST_134,Patisserie,Pie,12.0,2,24.0,Digital Wallet,In-Store,2023-02-11,True
TXN_1366014,CUST_018,Patisserie,Doughnut,3.5,1,3.5,Credit Card,Online,2024-01-16,False
TXN_4836839,CUST_270,Food,Cooking Oil,8.0,2,16.0,Mobile Money,Online,2024-08-25,False
TXN_2405392,CUST_464,Stationery,Marker,2.5,4,10.0,Cash,Online,2024-10-25,
TXN_1601213,CUST_472,Patisserie,Pie,12.0,7,84.0,Cash,Online,2023-05-17,
TXN_8162517,CUST_131,Patisserie,Pie,12.0,1,12.0,Credit Card,Online,2023-05-10,False
TXN_3072934,CUST_491,Patisserie,Doughnut,3.5,2,7.0,Digital Wallet,In-Store,2023-03-19,True
TXN_2160874,CUST_339,Butchers,Chicken,9.0,4,36.0,Credit Card,In-Store,2024-09-22,False
TXN_9098644,CUST_499,Beverages,Coffee,2.5,7,17.5,Digital Wallet,In-Store,2024-10-20,False
TXN_9197458,CUST_299,Electronics,Headphones,22.0,3,66.0,Cash,Online,2023-10-14,
TXN_9883523,CUST_488,Furniture,Table,80.0,10,800.0,Digital Wallet,In-Store,2022-06-13,False
TXN_7185937,CUST_221,Patisserie,Croissant,5.0,4,20.0,Digital Wallet,In-Store,2023-12-02,False
TXN_5383996,CUST_274,Beverages,Tea,3.5,5,17.5,Digital Wallet,Online,2023-08-27,False
TXN_2247880,CUST_401,Stationery,Pen,1.5,6,9.0,Credit Card,Online,2023-09-08,True
TXN_3328476,CUST_434,Electronics,Keyboard,35.0,1,35.0,Credit Card,Unknown,2022-05-21,
TXN_6049976,CUST_187,Butchers,Lamb,16.0,2,32.0,Mobile Money,In-Store,2022-06-24,False
TXN_3066462,CUST_247,Patisserie,Pie,12.0,5,60.0,Digital Wallet,Online,2022-01-27,
TXN_2257460,CUST_324,Beverages,Soda,2.0,4,8.0,Mobile Money,In-Store,2022-04-07,False
TXN_9446573,CUST_483,Furniture,Cabinet,95.0,2,190.0,Cash,Online,2024-03-31,
TXN_1993328,CUST_291,Butchers,Sausage,7.5,1,7.5,Credit Card,Unknown,2022-01-10,
TXN_3352891,CUST_204,Butchers,Chicken,9.0,5,45.0,Credit Card,Online,2023-05-10,False
TXN_2833284,CUST_371,Electronics,Keyboard,35.0,10,350.0,Digital Wallet,In-Store,2022-04-08,False
TXN_4622456,CUST_489,Beverages,Soda,2.0,3,6.0,Digital Wallet,In-Store,2024-12-19,
TXN_3167456,CUST_400,Food,Bread,3.0,1,3.0,Digital Wallet,In-Store,2023-05-02,False
TXN_4584324,CUST_458,Food,Cooking Oil,8.0,6,48.0,Credit Card,In-Store,2022-09-22,False
TXN_3944606,CUST_311,Furniture,Chair,35.0,1,35.0,Credit Card,In-Store,2024-01-16,False
TXN_2921792,CUST_467,Furniture,Chair,35.0,2,70.0,Credit Card,In-Store,2023-04-16,False
TXN_2325146,CUST_088,Stationery,Folder,3.0,9,27.0,Mobile Money,In-Store,2022-10-28,False
TXN_2186515,CUST_405,Food,Cooking Oil,8.0,8,64.0,Unknown,Online,2024-07-14,False
TXN_3038501,CUST_064,Stationery,Marker,2.5,6,15.0,Mobile Money,In-Store,2022-07-30,True
TXN_1441049,CUST_422,Beverages,Coffee,2.5,10,25.0,Credit Card,In-Store,2023-12-30,False
TXN_5149277,CUST_107,Furniture,Desk,120.0,3,360.0,Credit Card,Online,2024-05-28,False
TXN_7395300,CUST_186,Furniture,Table,80.0,6,480.0,Cash,Online,2023-01-13,False
TXN_5802294,CUST_235,Patisserie,Pie,12.0,9,108.0,Credit Card,In-Store,2024-09-08,False
TXN_6566378,CUST_160,Patisserie,Pie,12.0,6,72.0,Cash,Online,2024-03-04,False
TXN_8935278,CUST_075,Furniture,Table,80.0,3,240.0,Digital Wallet,In-Store,2024-05-10,True
TXN_6600465,CUST_172,Food,Rice,5.5,10,55.0,Cash,In-Store,2024-01-22,False
TXN_5549979,CUST_332,Stationery,Marker,2.5,9,22.5,Credit Card,Online,2024-02-15,False
TXN_2327654,CUST_455,Patisserie,Croissant,5.0,2,10.0,Digital Wallet,Online,2022-11-10,True
TXN_8539769,CUST_328,Butchers,Beef,14.0,8,112.0,Credit Card,In-Store,2022-04-19,
TXN_4426695,CUST_146,Beverages,Juice,4.0,10,40.0,Mobile Money,Online,2023-11-03,True
TXN_8724954,CUST_247,Stationery,Notebook,4.0,9,36.0,Digital Wallet,Online,2023-05-17,False
TXN_5666428,CUST_005,Stationery,Marker,2.5,8,20.0,Cash,Online,2022-05-19,True
TXN_7728947,CUST_321,Butchers,Pork,12.0,1,12.0,Digital Wallet,Online,2023-06-16,True
TXN_4152502,CUST_204,Butchers,Lamb,16.0,8,128.0,Mobile Money,In-Store,2023-07-21,
TXN_1944793,CUST_245,Electronics,Mouse,18.0,6,108.0,Mobile Money,In-Store,2022-02-15,
TXN_8997294,CUST_076,Stationery,Stapler,6.0,6,36.0,Cash,Online,2022-06-01,False
TXN_2980290,CUST_073,Butchers,Beef,14.0,4,56.0,Mobile Money,In-Store,2024-12-29,False
TXN_1262530,CUST_025,Furniture,Cabinet,95.0,8,760.0,Credit Card,In-Store,2023-11-11,True
TXN_2094833,CUST_284,Patisserie,Doughnut,3.5,8,28.0,Digital Wallet,Online,2023-08-31,
TXN_5749766,CUST_229,Electronics,Headphones,22.0,6,132.0,Cash,Online,2023-05-25,False
TXN_7248952,CUST_337,Beverages,Juice,4.0,6,24.0,Digital Wallet,Online,2023-04-17,True
TXN_1037361,CUST_337,Food,Rice,5.5,10,55.0,Credit Card,In-Store,2022-03-01,
TXN_4264908,CUST_187,Beverages,Coffee,2.5,4,10.0,Digital Wallet,In-Store,2023-01-31,
TXN_5917344,CUST_071,Food,Cooking Oil,8.0,6,48.0,Cash,In-Store,2022-12-23,False
TXN_4305229,CUST_410,Food,Cereal,6.0,3,18.0,Credit Card,Online,2024-10-08,
TXN_1707593,CUST_202,Stationery,Pen,1.5,9,13.5,Credit Card,In-Store,2022-08-02,False
TXN_7926610,CUST_384,Beverages,Tea,3.5,2,7.0,Credit Card,In-Store,2023-03-16,
TXN_8885639,CUST_400,Patisserie,Pie,12.0,3,36.0,Credit Card,In-Store,2023-07-02,False
TXN_1796184,CUST_141,Butchers,Lamb,16.0,5,80.0,Mobile Money,In-Store,2022-01-20,False
TXN_9118151,CUST_358,Patisserie,Pie,12.0,8,96.0,Cash,Online,2023-07-01,False
TXN_9675227,CUST_356,Beverages,Tea,3.5,9,31.5,Digital Wallet,In-Store,2023-07-08,False
TXN_1323111,CUST_479,Butchers,Beef,14.0,9,126.0,Digital Wallet,Online,2023-10-04,False
TXN_5307427,CUST_437,Stationery,Marker,2.5,9,22.5,Unknown,Online,2024-10-28,False
TXN_6431369,CUST_336,Furniture,Chair,35.0,7,245.0,Mobile Money,Online,2022-07-27,False
TXN_4668866,CUST_243,Furniture,Chair,35.0,7,245.0,Digital Wallet,Online,2022-08-17,
TXN_7023762,CUST_280,Beverages,Tea,3.5,4,14.0,Mobile Money,In-Store,2023-04-26,False
TXN_7119848,CUST_129,Beverages,Coffee,2.5,8,20.0,Credit Card,Online,2022-01-29,False
TXN_3059385,CUST_479,Furniture,Shelf,55.0,4,220.0,Unknown,Online,2024-06-16,False
TXN_2138016,CUST_483,Butchers,Lamb,16.0,7,112.0,Digital Wallet,In-Store,2024-07-16,True
TXN_5890392,CUST_424,Butchers,Sausage,7.5,2,15.0,Mobile Money,Online,2024-11-26,False
TXN_8534300,CUST_046,Butchers,Sausage,7.5,2,15.0,Digital Wallet,In-Store,2023-07-20,True
TXN_9045391,CUST_102,Electronics,Mouse,18.0,8,144.0,Mobile Money,Online,2023-11-09,False
TXN_2595489,CUST_057,Beverages,Juice,4.0,4,16.0,Digital Wallet,In-Store,2022-03-29,
TXN_2064367,CUST_192,Furniture,Table,80.0,8,640.0,Cash,In-Store,2022-11-19,False
TXN_2650177,CUST_314,Food,Bread,3.0,5,15.0,Mobile Money,In-Store,2022-06-18,True
TXN_4549953,CUST_187,Food,Cereal,6.0,7,42.0,Cash,Online,2024-07-29,
TXN_6280733,CUST_015,Furniture,Cabinet,95.0,4,380.0,Unknown,Online,2024-07-08,False
TXN_7068174,CUST_032,Beverages,Water,1.5,2,3.0,Credit Card,In-Store,2023-07-13,False
TXN_6292529,CUST_025,Beverages,Water,1.5,3,4.5,Credit Card,Online,2024-09-07,False
TXN_6887136,CUST_161,Food,Bread,3.0,9,27.0,Digital Wallet,Online,2023-03-20,False
TXN_1713391,CUST_145,Food,Pasta,4.5,3,13.5,Digital Wallet,In-Store,2024-10-24,True
TXN_7426288,CUST_175,Stationery,Stapler,6.0,7,42.0,Mobile Money,Online,2024-09-16,
TXN_3008960,CUST_303,Patisserie,Croissant,5.0,2,10.0,Cash,Online,2024-01-16,
TXN_3790373,CUST_117,Butchers,Sausage,7.5,10,75.0,Digital Wallet,Online,2022-01-19,False
TXN_6675919,CUST_035,Stationery,Folder,3.0,8,24.0,Cash,In-Store,2024-03-30,
TXN_7461202,CUST_324,Furniture,Cabinet,95.0,7,665.0,Credit Card,Online,2022-06-14,False
TXN_3694245,CUST_075,Electronics,Keyboard,35.0,4,140.0,Cash,Online,2023-02-11,False
TXN_7729199,CUST_487,Furniture,Desk,120.0,1,120.0,Mobile Money,Online,2023-08-22,True
TXN_6388857,CUST_387,Patisserie,Muffin,4.5,8,36.0,Mobile Money,Online,2024-05-02,False
TXN_9437127,CUST_402,Beverages,Tea,3.5,6,21.0,Mobile Money,In-Store,2023-07-24,True
TXN_7922795,CUST_417,Beverages,Soda,2.0,10,20.0,Cash,Online,2024-06-12,False
TXN_7630293,CUST_068,Beverages,Soda,2.0,5,10.0,Mobile Money,Online,2023-10-18,
TXN_3034730,CUST_131,Beverages,Coffee,2.5,4,10.0,Mobile Money,Online,2023-08-21,False
TXN_8930345,CUST_473,Stationery,Folder,3.0,2,6.0,Cash,In-Store,2023-09-16,
TXN_8922872,CUST_367,Food,Cooking Oil,8.0,3,24.0,Digital Wallet,In-Store,2022-11-26,False
TXN_9307585,CUST_372,Food,Cooking Oil,8.0,2,16.0,Credit Card,Online,2024-12-19,
TXN_5037746,CUST_276,Food,Bread,3.0,9,27.0,Mobile Money,Unknown,2024-02-12,False
TXN_5806707,CUST_116,Electronics,Keyboard,35.0,3,105.0,Digital Wallet,Online,2022-04-11,False
TXN_2710281,CUST_417,Electronics,Charger,25.0,8,200.0,Digital Wallet,Online,2022-08-09,False
TXN_6204369,CUST_462,Beverages,Soda,2.0,5,10.0,Digital Wallet,Online,2024-11-29,False
TXN_6936311,CUST_045,Food,Pasta,4.5,9,40.5,Digital Wallet,In-Store,2023-04-21,False
TXN_7220720,CUST_146,Electronics,USB Cable,8.0,4,32.0,Digital Wallet,Online,2022-02-22,
TXN_3583417,CUST_031,Butchers,Lamb,16.0,8,128.0,Mobile Money,In-Store,2023-12-17,False
TXN_1982439,CUST_005,Butchers,Beef,14.0,9,126.0,Unknown,In-Store,2024-03-06,False
TXN_7214405,CUST_244,Beverages,Coffee,2.5,9,22.5,Credit Card,Online,2023-05-04,False
TXN_3425358,CUST_176,Food,Rice,5.5,4,22.0,Mobile Money,In-Store,2024-03-21,False
TXN_7760435,CUST_107,Food,Bread,3.0,5,15.0,Mobile Money,Online,2023-09-07,True
TXN_2525481,CUST_269,Food,Cereal,6.0,3,18.0,Cash,Online,2024-10-05,False
TXN_2347426,CUST_464,Electronics,Headphones,22.0,6,132.0,Credit Card,Online,2022-10-25,False
TXN_7818514,CUST_074,Food,Cooking Oil,8.0,1,8.0,Cash,In-Store,2024-08-30,False
TXN_7881289,CUST_261,Beverages,Tea,3.5,8,28.0,Digital Wallet,Online,2022-06-21,False
TXN_4081364,CUST_150,Butchers,Beef,14.0,4,56.0,Cash,Online,2023-03-22,False
TXN_6516362,CUST_281,Beverages,Coffee,2.5,8,20.0,Mobile Money,In-Store,2022-02-05,False
TXN_6418076,CUST_112,Stationery,Stapler,6.0,6,36.0,Digital Wallet,In-Store,2022-07-13,True
TXN_3976242,CUST_242,Butchers,Sausage,7.5,2,15.0,Digital Wallet,In-Store,2024-04-28,False
TXN_7655623,CUST_186,Butchers,Chicken,9.0,4,36.0,Mobile Money,Online,2023-06-24,True
TXN_7827575,CUST_105,Butchers,Beef,14.0,7,98.0,Mobile Money,In-Store,2024-02-07,
TXN_1788443,CUST_419,Butchers,Chicken,9.0,2,18.0,Digital Wallet,In-Store,2022-05-06,False
TXN_4394069,CUST_462,Furniture,Cabinet,95.0,6,570.0,Mobile Money,In-Store,2022-01-12,False
TXN_2931375,CUST_005,Beverages,Tea,3.5,9,31.5,Credit Card,Online,2024-11-02,False
TXN_1559421,CUST_396,Electronics,USB Cable,8.0,3,24.0,Credit Card,In-Store,2024-05-04,True
TXN_2040062,CUST_221,Furniture,Desk,120.0,5,600.0,Mobile Money,Online,2024-02-12,True
TXN_2638861,CUST_266,Furniture,Desk,120.0,10,1200.0,Credit Card,Online,2022-06-01,
TXN_5127617,CUST_218,Food,Cooking Oil,8.0,10,80.0,Digital Wallet,Online,2024-09-01,False
TXN_9404657,CUST_365,Food,Rice,5.5,9,49.5,Digital Wallet,Online,2023-07-19,False
TXN_3117008,CUST_013,Electronics,Keyboard,35.0,3,105.0,Digital Wallet,Online,2022-11-19,
TXN_7209563,CUST_367,Beverages,Juice,4.0,3,12.0,Digital Wallet,Online,2023-01-15,
TXN_7076836,CUST_180,Food,Rice,5.5,2,11.0,Credit Card,In-Store,2023-02-22,
TXN_2255564,CUST_104,Stationery,Pen,1.5,10,15.0,Credit Card,Online,2024-09-11,False
TXN_3982843,CUST_474,Food,Cooking Oil,8.0,1,8.0,Cash,In-Store,2023-01-23,False
TXN_3397866,CUST_379,Stationery,Marker,2.5,6,15.0,Mobile Money,In-Store,2024-08-05,
TXN_4911534,CUST_298,Butchers,Chicken,9.0,9,81.0,Digital Wallet,Online,2022-02-19,
TXN_3154828,CUST_297,Electronics,Charger,25.0,2,50.0,Credit Card,In-Store,2024-08-01,False
TXN_7262105,CUST_110,Stationery,Stapler,6.0,5,30.0,Unknown,Online,2024-09-09,
TXN_2418784,CUST_343,Beverages,Tea,3.5,2,7.0,Cash,Online,2024-08-15,False
TXN_7001827,CUST_320,Stationery,Notebook,4.0,10,40.0,Cash,Online,2022-01-16,False
TXN_2418351,CUST_211,Beverages,Soda,2.0,10,20.0,Credit Card,In-Store,2022-09-25,False
TXN_1715171,CUST_164,Butchers,Pork,12.0,5,60.0,Credit Card,Online,2023-06-16,False
TXN_7742794,CUST_322,Food,Cereal,6.0,4,24.0,Cash,In-Store,2022-06-26,False
TXN_9833011,CUST_450,Food,Cereal,6.0,3,18.0,Cash,Online,2023-12-20,False
TXN_2564458,CUST_143,Electronics,Headphones,22.0,3,66.0,Cash,In-Store,2024-01-17,False
TXN_5409044,CUST_304,Food,Cereal,6.0,5,30.0,Digital Wallet,In-Store,2023-12-08,
TXN_1381577,CUST_301,Furniture,Desk,120.0,9,1080.0,Credit Card,In-Store,2023-05-08,True
TXN_6430402,CUST_457,Patisserie,Croissant,5.0,8,40.0,Cash,In-Store,2023-04-24,False
TXN_9936537,CUST_104,Food,Pasta,4.5,1,4.5,Mobile Money,Online,2022-06-09,False
TXN_1225391,CUST_103,Food,Cereal,6.0,8,48.0,Credit Card,Online,2023-04-20,True
TXN_1605109,CUST_125,Butchers,Pork,12.0,7,84.0,Mobile Money,Online,2023-08-16,False
TXN_9844931,CUST_047,Beverages,Water,1.5,3,4.5,Credit Card,Online,2023-12-08,False
TXN_3941478,CUST_089,Patisserie,Pie,12.0,10,120.0,Credit Card,Online,2024-09-18,
TXN_2826341,CUST_044,Butchers,Chicken,9.0,10,90.0,Digital Wallet,Online,2023-03-14,False
TXN_3312511,CUST_304,Food,Pasta,4.5,1,4.5,Mobile Money,Online,2023-02-11,False
TXN_2544894,CUST_371,Beverages,Water,1.5,3,4.5,Cash,In-Store,2024-07-05,
TXN_1092447,CUST_459,Beverages,Coffee,2.5,3,7.5,Mobile Money,Online,2023-06-20,False
TXN_7506106,CUST_425,Furniture,Cabinet,95.0,1,95.0,Cash,In-Store,2024-02-04,False
TXN_7389440,CUST_477,Electronics,USB Cable,8.0,6,48.0,Cash,Online,2023-12-06,False
TXN_2354832,CUST_361,Butchers,Sausage,7.5,1,7.5,Mobile Money,In-Store,2023-11-28,False
TXN_2497116,CUST_361,Food,Pasta,4.5,4,18.0,Mobile Money,In-Store,2022-06-11,
TXN_7052710,CUST_035,Patisserie,Cake,18.0,1,18.0,Credit Card,Online,2023-10-05,
TXN_8633690,CUST_164,Electronics,USB Cable,8.0,10,80.0,Cash,In-Store,2024-03-19,False
TXN_5985994,CUST_155,Electronics,USB Cable,8.0,9,72.0,Digital Wallet,In-Store,2024-01-02,False
TXN_4075702,CUST_057,Beverages,Tea,3.5,9,31.5,Credit Card,Online,2022-04-16,False
TXN_5063978,CUST_137,Electronics,Mouse,18.0,5,90.0,Digital Wallet,In-Store,2022-10-09,False
TXN_1371616,CUST_220,Furniture,Table,80.0,8,640.0,Cash,In-Store,2024-10-20,False
TXN_1484188,CUST_437,Food,Bread,3.0,8,24.0,Cash,In-Store,2023-08-07,False
TXN_4413039,CUST_224,Furniture,Shelf,55.0,9,495.0,Credit Card,Online,2023-05-23,False
TXN_9892812,CUST_171,Food,Cooking Oil,8.0,1,8.0,Digital Wallet,In-Store,2023-06-13,False
TXN_8144556,CUST_429,Electronics,Charger,25.0,7,175.0,Mobile Money,In-Store,2024-03-01,
TXN_4996517,CUST_492,Butchers,Sausage,7.5,3,22.5,Mobile Money,Online,2022-07-08,False
TXN_4724434,CUST_327,Beverages,Water,1.5,8,12.0,Digital Wallet,Online,2023-09-28,False
TXN_4393757,CUST_152,Electronics,Headphones,22.0,4,88.0,Mobile Money,Online,2022-08-05,False
TXN_9805348,CUST_410,Beverages,Water,1.5,4,6.0,Cash,In-Store,2023-08-21,False
TXN_6665256,CUST_360,Food,Rice,5.5,3,16.5,Cash,Online,2024-05-27,
TXN_3613218,CUST_436,Stationery,Notebook,4.0,5,20.0,Credit Card,In-Store,2023-07-01,False
TXN_3035117,CUST_006,Furniture,Desk,120.0,2,240.0,Digital Wallet,In-Store,2022-07-18,False
TXN_4540564,CUST_464,Stationery,Pen,1.5,3,4.5,Credit Card,In-Store,2024-03-19,True
TXN_3786202,CUST_130,Patisserie,Pie,12.0,2,24.0,Cash,Online,2024-02-11,
TXN_8009773,CUST_142,Electronics,USB Cable,8.0,6,48.0,Digital Wallet,In-Store,2023-03-10,False
TXN_4373546,CUST_275,Electronics,Mouse,18.0,9,162.0,Credit Card,In-Store,2022-08-15,True
TXN_2548160,CUST_131,Stationery,Folder,3.0,7,21.0,Digital Wallet,In-Store,2022-01-08,
TXN_7563484,CUST_258,Stationery,Pen,1.5,7,10.5,Mobile Money,In-Store,2024-06-21,True
TXN_2711545,CUST_500,Stationery,Folder,3.0,6,18.0,Credit Card,Online,2022-09-25,
TXN_9333130,CUST_413,Food,Rice,5.5,5,27.5,Credit Card,In-Store,2022-10-28,True
TXN_8972368,CUST_059,Furniture,Shelf,55.0,6,330.0,Credit Card,Online,2022-12-28,
TXN_8868606,CUST_330,Electronics,USB Cable,8.0,7,56.0,Mobile Money,In-Store,2023-09-05,
TXN_3669995,CUST_264,Food,Cereal,6.0,7,42.0,Digital Wallet,In-Store,2022-07-25,False
TXN_2796641,CUST_084,Stationery,Marker,2.5,8,20.0,Cash,Online,2024-04-21,False
TXN_5333227,CUST_063,Beverages,Coffee,2.5,1,2.5,Cash,In-Store,2023-12-24,False
TXN_6277420,CUST_425,Beverages,Coffee,2.5,6,15.0,Cash,Online,2023-12-10,False
TXN_5125339,CUST_026,Butchers,Beef,14.0,4,56.0,Credit Card,In-Store,2022-05-11,
TXN_1831635,CUST_118,Stationery,Stapler,6.0,5,30.0,Credit Card,In-Store,2024-04-29,False
TXN_6588162,CUST_094,Food,Rice,5.5,10,55.0,Mobile Money,Online,2023-12-17,False
TXN_7059211,CUST_044,Stationery,Pen,1.5,10,15.0,Digital Wallet,Online,2024-06-13,
TXN_6405067,CUST_209,Electronics,USB Cable,8.0,9,72.0,Cash,In-Store,2023-08-09,False
TXN_8620898,CUST_469,Butchers,Pork,12.0,6,72.0,Cash,In-Store,2023-01-10,False
TXN_6478512,CUST_293,Patisserie,Croissant,5.0,1,5.0,Unknown,In-Store,2022-10-18,
TXN_1889515,CUST_230,Electronics,Headphones,22.0,10,220.0,Cash,In-Store,2023-08-03,True
TXN_5343240,CUST_210,Patisserie,Croissant,5.0,4,20.0,Unknown,In-Store,2022-04-25,False
TXN_5556274,CUST_180,Beverages,Coffee,2.5,6,15.0,Credit Card,Online,2022-03-11,
TXN_6792819,CUST_128,Beverages,Juice,4.0,9,36.0,Mobile Money,Unknown,2024-11-06,True
TXN_9571114,CUST_411,Butchers,Pork,12.0,5,60.0,Mobile Money,In-Store,2024-10-26,False
TXN_2800071,CUST_421,Stationery,Folder,3.0,8,24.0,Mobile Money,Online,2024-04-28,True
TXN_9696280,CUST_077,Electronics,Mouse,18.0,4,72.0,Credit Card,In-Store,2024-10-22,False
TXN_6402740,CUST_436,Electronics,Keyboard,35.0,10,350.0,Digital Wallet,Online,2022-05-29,True
TXN_7737320,CUST_392,Beverages,Soda,2.0,6,12.0,Digital Wallet,Online,2023-02-05,True
TXN_7064733,CUST_431,Electronics,USB Cable,8.0,5,40.0,Digital Wallet,Online,2023-06-09,False
TXN_5168494,CUST_293,Patisserie,Cake,18.0,1,18.0,Credit Card,Online,2022-12-30,
TXN_1839843,CUST_132,Patisserie,Unknown,18.0,4,72.0,Digital Wallet,In-Store,2022-04-11,False
TXN_1735062,CUST_429,Beverages,Water,1.5,10,15.0,Digital Wallet,In-Store,2023-01-31,
TXN_5911047,CUST_384,Furniture,Table,80.0,10,800.0,Cash,In-Store,2022-10-04,False
TXN_2126805,CUST_474,Patisserie,Pie,12.0,1,12.0,Cash,Online,2023-05-10,
TXN_4070828,CUST_242,Stationery,Notebook,4.0,3,12.0,Mobile Money,Online,2024-09-24,
TXN_9363147,CUST_476,Electronics,Headphones,22.0,8,176.0,Credit Card,Online,2024-03-27,False
TXN_1565992,CUST_090,Patisserie,Doughnut,3.5,6,21.0,Mobile Money,In-Store,2023-04-14,False
TXN_5990598,CUST_037,Furniture,Cabinet,95.0,10,950.0,Cash,Online,2022-10-19,False
TXN_8944945,CUST_152,Stationery,Notebook,4.0,5,20.0,Digital Wallet,In-Store,2022-04-04,False
TXN_5957792,CUST_198,Food,Pasta,4.5,6,27.0,Mobile Money,In-Store,2022-01-07,
TXN_2215442,CUST_493,Furniture,Shelf,55.0,3,165.0,Credit Card,Online,2023-07-27,False
TXN_6291462,CUST_375,Beverages,Juice,4.0,3,12.0,Mobile Money,Online,2022-07-07,True
TXN_2673879,CUST_017,Butchers,Pork,12.0,8,96.0,Cash,Online,2022-10-04,False
TXN_5984206,CUST_412,Butchers,Lamb,16.0,1,16.0,Mobile Money,Online,2024-09-18,False
TXN_2916388,CUST_083,Furniture,Shelf,55.0,6,330.0,Digital Wallet,In-Store,2022-05-21,False
TXN_5198129,CUST_193,Beverages,Water,1.5,10,15.0,Cash,Online,2023-01-10,
TXN_5148901,CUST_260,Food,Bread,3.0,6,18.0,Mobile Money,Online,2022-12-04,False
TXN_2762204,CUST_273,Furniture,Desk,120.0,6,720.0,Cash,Online,2023-02-12,False
TXN_9921992,CUST_436,Electronics,Mouse,18.0,6,108.0,Mobile Money,Online,2023-07-24,
TXN_9885366,CUST_218,Butchers,Chicken,9.0,1,9.0,Digital Wallet,Online,2022-04-24,False
TXN_8724862,CUST_017,Electronics,Keyboard,35.0,10,350.0,Digital Wallet,Online,2024-12-17,
TXN_8317994,CUST_160,Electronics,USB Cable,8.0,7,56.0,Cash,In-Store,2022-01-18,
TXN_9132162,CUST_250,Butchers,Beef,14.0,2,28.0,Mobile Money,Online,2023-09-22,False
TXN_2445819,CUST_265,Beverages,Juice,4.0,1,4.0,Credit Card,Online,2024-08-26,False
TXN_9604284,CUST_223,Beverages,Tea,3.5,4,14.0,Digital Wallet,Online,2023-11-14,False
TXN_2520910,CUST_499,Electronics,Mouse,18.0,3,54.0,Credit Card,Online,2024-11-08,False
TXN_8745219,CUST_058,Butchers,Chicken,9.0,6,54.0,Credit Card,Online,2023-07-01,False
TXN_7613889,CUST_287,Beverages,Soda,2.0,1,2.0,Mobile Money,In-Store,2022-10-13,
TXN_5342887,CUST_444,Beverages,Soda,2.0,6,12.0,Digital Wallet,In-Store,2022-08-09,
TXN_6204604,CUST_276,Electronics,Headphones,22.0,2,44.0,Digital Wallet,In-Store,2022-10-27,
TXN_3189921,CUST_226,Furniture,Cabinet,95.0,9,855.0,Mobile Money,In-Store,2023-04-16,False
TXN_6477093,CUST_079,Stationery,Marker,2.5,5,12.5,Cash,Online,2024-06-19,False
TXN_1816609,CUST_023,Furniture,Shelf,55.0,10,550.0,Mobile Money,In-Store,2022-10-23,
TXN_8084609,CUST_347,Patisserie,Cake,18.0,5,90.0,Credit Card,In-Store,2022-09-23,
TXN_4868452,CUST_230,Stationery,Marker,2.5,10,25.0,Cash,Online,2024-05-20,True
TXN_6704576,CUST_350,Beverages,Water,1.5,7,10.5,Mobile Money,In-Store,2022-07-12,True
TXN_1217770,CUST_323,Stationery,Stapler,6.0,6,36.0,Credit Card,Online,2022-11-16,False
TXN_3219298,CUST_360,Beverages,Tea,3.5,9,31.5,Mobile Money,In-Store,2024-09-01,False
TXN_3147709,CUST_037,Beverages,Soda,2.0,8,16.0,Digital Wallet,Online,2023-09-22,False
TXN_2705080,CUST_444,Food,Pasta,4.5,4,18.0,Mobile Money,Online,2024-03-31,False
TXN_7454689,CUST_468,Electronics,Keyboard,35.0,7,245.0,Digital Wallet,In-Store,2022-11-05,False
TXN_4226003,CUST_343,Patisserie,Muffin,4.5,10,45.0,Credit Card,Online,2022-08-02,False
TXN_2413940,CUST_036,Butchers,Beef,14.0,3,42.0,Cash,In-Store,2024-11-14,False
TXN_7680276,CUST_116,Food,Rice,5.5,6,33.0,Cash,In-Store,2023-01-14,False
TXN_4817580,CUST_072,Stationery,Stapler,6.0,4,24.0,Mobile Money,In-Store,2022-08-29,False
TXN_4196275,CUST_051,Furniture,Desk,120.0,8,960.0,Credit Card,Online,2023-03-29,
TXN_1283655,CUST_136,Electronics,Mouse,18.0,7,126.0,Credit Card,In-Store,2022-09-18,False
TXN_6202753,CUST_487,Stationery,Notebook,4.0,5,20.0,Cash,Online,2022-08-24,False
TXN_7192357,CUST_455,Electronics,Headphones,22.0,1,22.0,Mobile Money,In-Store,2024-04-22,False
TXN_5552425,CUST_089,Stationery,Notebook,4.0,5,20.0,Cash,Online,2023-12-28,False
TXN_8467279,CUST_037,Electronics,Keyboard,35.0,2,70.0,Mobile Money,Online,2022-12-09,True
TXN_2257949,CUST_087,Furniture,Table,80.0,8,640.0,Credit Card,Online,2023-06-10,
TXN_6610795,CUST_175,Patisserie,Croissant,5.0,6,30.0,Digital Wallet,In-Store,2023-08-31,False
TXN_5806085,CUST_123,Patisserie,Doughnut,3.5,10,35.0,Credit Card,Online,2023-11-11,True
TXN_9612694,CUST_123,Beverages,Coffee,2.5,6,15.0,Mobile Money,In-Store,2022-01-10,True
TXN_7275589,CUST_197,Butchers,Lamb,16.0,9,144.0,Credit Card,In-Store,2022-08-18,True
TXN_4410580,CUST_456,Electronics,Charger,25.0,6,150.0,Cash,Online,2024-07-26,False
TXN_9158119,CUST_058,Furniture,Desk,120.0,9,1080.0,Digital Wallet,In-Store,2024-04-23,False
TXN_9190262,CUST_417,Stationery,Pen,1.5,10,15.0,Cash,In-Store,2022-04-13,False
TXN_6532823,CUST_347,Butchers,Beef,14.0,8,112.0,Mobile Money,Online,2023-09-02,False
TXN_1294358,CUST_263,Patisserie,Muffin,4.5,8,36.0,Digital Wallet,In-Store,2023-03-31,True
TXN_6769764,CUST_272,Patisserie,Croissant,5.0,9,45.0,Cash,Online,2024-03-04,
TXN_7023932,CUST_271,Stationery,Pen,1.5,6,9.0,Cash,Online,2023-07-25,False
TXN_1101894,CUST_278,Food,Bread,3.0,10,30.0,Cash,Online,2024-10-05,True
TXN_8016939,CUST_357,Beverages,Tea,3.5,2,7.0,Mobile Money,In-Store,2024-01-22,False
TXN_2047346,CUST_216,Stationery,Stapler,6.0,9,54.0,Digital Wallet,In-Store,2023-07-27,True
TXN_2224744,CUST_307,Furniture,Shelf,55.0,2,110.0,Digital Wallet,Online,2024-08-10,False
TXN_9489573,CUST_013,Patisserie,Pie,12.0,1,12.0,Mobile Money,In-Store,2024-02-22,False
TXN_6617295,CUST_274,Butchers,Lamb,16.0,7,112.0,Digital Wallet,Online,2023-12-17,
TXN_8746512,CUST_076,Butchers,Beef,14.0,3,42.0,Cash,In-Store,2024-12-09,False
TXN_2932527,CUST_337,Furniture,Desk,120.0,10,1200.0,Credit Card,Online,2024-03-04,False
TXN_7047511,CUST_258,Butchers,Lamb,16.0,6,96.0,Credit Card,In-Store,2024-05-17,
TXN_1523136,CUST_492,Butchers,Chicken,9.0,3,27.0,Digital Wallet,Unknown,2024-12-06,
TXN_3638615,CUST_027,Food,Cereal,6.0,8,48.0,Cash,In-Store,2023-08-04,False
TXN_9911707,CUST_225,Stationery,Pen,1.5,4,6.0,Digital Wallet,In-Store,2023-09-20,True
TXN_3144386,CUST_122,Beverages,Coffee,2.5,8,20.0,Mobile Money,Online,2022-05-30,
TXN_7140654,CUST_275,Electronics,Headphones,22.0,5,110.0,Credit Card,In-Store,2024-04-03,False
TXN_2251344,CUST_051,Beverages,Tea,3.5,3,10.5,Mobile Money,Unknown,2023-10-31,False
TXN_3093274,CUST_463,Food,Pasta,4.5,5,22.5,Mobile Money,In-Store,2023-09-29,False
TXN_8862877,CUST_415,Butchers,Pork,12.0,2,24.0,Credit Card,Online,2024-10-18,False
TXN_1512719,CUST_480,Food,Pasta,4.5,3,13.5,Mobile Money,Online,2023-02-10,True
TXN_8454493,CUST_391,Butchers,Beef,14.0,2,28.0,Mobile Money,Online,2023-01-15,
TXN_3996495,CUST_246,Electronics,Charger,25.0,2,50.0,Digital Wallet,Online,2023-02-07,False
TXN_7454935,CUST_490,Patisserie,Cake,18.0,2,36.0,Mobile Money,Online,2023-08-12,False
TXN_3353100,CUST_097,Butchers,Sausage,7.5,3,22.5,Cash,In-Store,2022-02-16,
TXN_6687062,CUST_324,Patisserie,Croissant,5.0,2,10.0,Mobile Money,In-Store,2024-08-05,False
TXN_4010935,CUST_069,Beverages,Coffee,2.5,10,25.0,Digital Wallet,In-Store,2024-12-01,
TXN_4201473,CUST_418,Furniture,Desk,120.0,5,600.0,Digital Wallet,Online,2022-12-28,False
TXN_1975098,CUST_212,Furniture,Shelf,55.0,10,550.0,Credit Card,In-Store,2023-11-18,True
TXN_2173761,CUST_348,Furniture,Desk,120.0,4,480.0,Cash,In-Store,2024-01-13,False
TXN_7146685,CUST_316,Electronics,Mouse,18.0,7,126.0,Digital Wallet,Online,2023-07-29,False
TXN_9197295,CUST_090,Stationery,Marker,2.5,5,12.5,Credit Card,Online,2022-02-06,False
TXN_6827829,CUST_345,Patisserie,Muffin,4.5,2,9.0,Mobile Money,Online,2022-02-07,False
TXN_7474467,CUST_163,Furniture,Desk,120.0,7,840.0,Digital Wallet,Online,2022-07-14,True
TXN_6011799,CUST_205,Food,Cereal,6.0,4,24.0,Digital Wallet,In-Store,2022-03-26,False
TXN_1121284,CUST_259,Electronics,Keyboard,35.0,7,245.0,Credit Card,In-Store,2024-09-05,
TXN_4898837,CUST_460,Beverages,Coffee,2.5,1,2.5,Digital Wallet,Online,2024-11-15,False
TXN_4078684,CUST_256,Stationery,Folder,3.0,2,6.0,Cash,Online,2024-06-14,
TXN_1944789,CUST_277,Butchers,Beef,14.0,1,14.0,Credit Card,Online,2023-09-16,True
TXN_8406803,CUST_155,Patisserie,Doughnut,3.5,6,21.0,Unknown,In-Store,2022-05-21,False
TXN_1865356,CUST_068,Butchers,Pork,12.0,3,36.0,Credit Card,Online,2024-02-09,False
TXN_5188432,CUST_424,Beverages,Tea,3.5,8,28.0,Digital Wallet,In-Store,2023-06-04,
TXN_5973444,CUST_407,Butchers,Lamb,16.0,10,160.0,Credit Card,In-Store,2023-09-18,False
TXN_1011357,CUST_414,Patisserie,Croissant,5.0,2,10.0,Digital Wallet,In-Store,2023-09-09,False
TXN_6042285,CUST_338,Electronics,Keyboard,35.0,9,315.0,Digital Wallet,In-Store,2024-06-12,False
TXN_4354441,CUST_069,Butchers,Beef,14.0,6,84.0,Mobile Money,In-Store,2022-04-11,
TXN_4932138,CUST_388,Beverages,Tea,3.5,3,10.5,Cash,Online,2022-10-27,
TXN_7890801,CUST_114,Beverages,Soda,2.0,5,10.0,Mobile Money,In-Store,2023-04-07,False
TXN_2694567,CUST_277,Furniture,Desk,120.0,6,720.0,Digital Wallet,In-Store,2023-11-09,True
TXN_9717232,CUST_464,Stationery,Pen,1.5,3,4.5,Mobile Money,Online,2023-03-07,False
TXN_4811466,CUST_379,Patisserie,Doughnut,3.5,1,3.5,Credit Card,Unknown,2024-05-09,False
TXN_5304572,CUST_021,Electronics,USB Cable,8.0,8,64.0,Digital Wallet,Online,2023-04-12,True
TXN_6635499,CUST_351,Beverages,Tea,3.5,3,10.5,Digital Wallet,In-Store,2023-05-07,
TXN_1786750,CUST_386,Butchers,Sausage,7.5,10,75.0,Mobile Money,Online,2022-09-12,False
TXN_6772100,CUST_334,Furniture,Table,80.0,9,720.0,Digital Wallet,Online,2023-01-25,
TXN_1321243,CUST_430,Stationery,Stapler,6.0,3,18.0,Cash,Online,2024-08-24,False
TXN_6235129,CUST_266,Food,Rice,5.5,1,5.5,Credit Card,Online,2022-04-28,False
TXN_8463331,CUST_029,Food,Cereal,6.0,9,54.0,Mobile Money,Online,2023-10-23,False
TXN_7220686,CUST_243,Furniture,Table,80.0,4,320.0,Digital Wallet,Online,2023-11-01,False
TXN_5416728,CUST_223,Butchers,Sausage,7.5,,37.5,Digital Wallet,Online,2023-06-15,
TXN_6666227,CUST_232,Beverages,Coffee,2.5,3,7.5,Mobile Money,Online,2023-09-18,False
TXN_5808163,CUST_456,Electronics,Keyboard,35.0,10,350.0,Credit Card,Online,2023-10-22,False
TXN_4257269,CUST_373,Patisserie,Doughnut,3.5,5,17.5,Credit Card,In-Store,2023-03-07,False
TXN_8966473,CUST_382,Food,Cereal,6.0,5,30.0,Credit Card,In-Store,2022-05-22,False
TXN_7344836,CUST_207,Beverages,Juice,4.0,9,36.0,Digital Wallet,Online,2023-01-27,False
TXN_3804716,CUST_016,Electronics,USB Cable,8.0,6,48.0,Cash,Unknown,2022-12-22,False
TXN_3325452,CUST_497,Butchers,Pork,12.0,5,60.0,Digital Wallet,In-Store,2024-04-28,False
TXN_3756986,CUST_279,Furniture,Shelf,55.0,6,330.0,Digital Wallet,Online,2022-09-12,False
TXN_1470306,CUST_039,Patisserie,Cake,18.0,2,36.0,Credit Card,Online,2022-07-02,
TXN_6981377,CUST_462,Furniture,Cabinet,95.0,8,760.0,Mobile Money,Online,2023-05-04,False
TXN_8545496,CUST_223,Electronics,Headphones,22.0,9,198.0,Credit Card,In-Store,2023-10-25,False
TXN_2199529,CUST_277,Beverages,Water,1.5,3,4.5,Digital Wallet,In-Store,2023-07-06,True
TXN_8896419,CUST_013,Furniture,Desk,120.0,1,120.0,Digital Wallet,Online,2024-09-19,False
TXN_7403624,CUST_203,Butchers,Sausage,7.5,10,75.0,Mobile Money,Online,2022-05-22,False
TXN_7648067,CUST_333,Food,Cooking Oil,8.0,3,24.0,Credit Card,Online,2023-06-21,False
TXN_9107873,CUST_081,Patisserie,Doughnut,3.5,9,31.5,Credit Card,Online,2024-06-13,
TXN_8465106,CUST_154,Stationery,Notebook,4.0,3,12.0,Unknown,Online,2024-03-30,
TXN_3944064,CUST_235,Beverages,Juice,4.0,5,20.0,Digital Wallet,In-Store,2024-04-10,True
TXN_8258622,CUST_384,Patisserie,Croissant,5.0,4,20.0,Mobile Money,Online,2024-02-13,False
TXN_6188243,CUST_400,Stationery,Pen,1.5,7,10.5,Credit Card,In-Store,2023-06-14,False
TXN_6096810,CUST_367,Butchers,Sausage,7.5,7,52.5,Digital Wallet,Online,2022-10-04,False
TXN_9554328,CUST_208,Patisserie,Croissant,5.0,10,50.0,Credit Card,In-Store,2024-10-21,
TXN_2278790,CUST_240,Butchers,Beef,14.0,1,14.0,Credit Card,Online,2024-01-02,True
TXN_2086706,CUST_086,Furniture,Chair,35.0,5,175.0,Digital Wallet,In-Store,2024-03-08,False
TXN_8601554,CUST_342,Butchers,Chicken,9.0,8,72.0,Credit Card,In-Store,2023-11-09,
TXN_7892923,CUST_212,Food,Pasta,4.5,4,18.0,Digital Wallet,Online,2023-12-27,False
TXN_3190790,CUST_182,Stationery,Marker,2.5,10,25.0,Cash,In-Store,2023-08-13,False
TXN_2734428,CUST_080,Electronics,Keyboard,35.0,10,350.0,Mobile Money,Online,2024-06-04,False
TXN_9269649,CUST_078,Furniture,Table,80.0,8,640.0,Mobile Money,Online,2023-07-03,False
TXN_9817571,CUST_278,Patisserie,Croissant,5.0,4,20.0,Digital Wallet,In-Store,2023-01-12,False
TXN_2032499,CUST_345,Furniture,Cabinet,95.0,5,475.0,Digital Wallet,In-Store,2022-10-14,False
TXN_2330657,CUST_019,Beverages,Soda,2.0,6,12.0,Mobile Money,Online,2023-06-29,False
TXN_7395021,CUST_356,Electronics,Mouse,18.0,4,72.0,Cash,In-Store,2024-10-16,False
TXN_2649049,CUST_168,Food,Unknown,5.5,10,55.0,Credit Card,In-Store,2022-02-11,
TXN_4522618,CUST_351,Food,Rice,5.5,1,5.5,Credit Card,Online,2023-06-17,True
TXN_2646711,CUST_319,Stationery,Marker,2.5,1,2.5,Digital Wallet,Online,2024-12-17,True
TXN_4201297,CUST_027,Furniture,Desk,120.0,8,960.0,Credit Card,In-Store,2024-06-06,False
TXN_6267528,CUST_308,Butchers,Chicken,9.0,8,72.0,Digital Wallet,Online,2023-07-26,False
TXN_4730370,CUST_208,Stationery,Folder,3.0,1,3.0,Credit Card,Online,2023-05-15,False
TXN_4722248,CUST_413,Butchers,Sausage,7.5,9,67.5,Credit Card,Online,2024-04-09,
TXN_8498360,CUST_353,Stationery,Marker,2.5,6,15.0,Unknown,Online,2022-04-13,False
TXN_5889665,CUST_405,Butchers,Beef,14.0,4,56.0,Digital Wallet,Online,2023-07-29,False
TXN_2880164,CUST_176,Furniture,Table,80.0,9,720.0,Digital Wallet,In-Store,2022-02-10,True
TXN_6650997,CUST_240,Butchers,Lamb,16.0,2,32.0,Credit Card,Online,2022-06-14,
TXN_7800121,CUST_339,Furniture,Chair,35.0,4,140.0,Cash,In-Store,2022-04-21,False
TXN_2503148,CUST_491,Stationery,Notebook,4.0,8,32.0,Mobile Money,In-Store,2023-08-18,
TXN_6695265,CUST_351,Food,Pasta,4.5,5,22.5,Digital Wallet,In-Store,2024-05-19,False
TXN_9410184,CUST_249,Butchers,Beef,14.0,9,126.0,Digital Wallet,In-Store,2022-08-04,
TXN_9783376,CUST_073,Patisserie,Pie,12.0,2,24.0,Credit Card,In-Store,2022-06-06,False
TXN_2673783,CUST_078,Beverages,Tea,3.5,2,7.0,Credit Card,Online,2024-03-03,False
TXN_2950367,CUST_434,Beverages,Juice,4.0,3,12.0,Unknown,Online,2024-12-10,True
TXN_1180482,CUST_087,Stationery,Stapler,6.0,3,18.0,Credit Card,Online,2022-07-05,False
TXN_3863185,CUST_342,Butchers,Lamb,16.0,6,96.0,Credit Card,In-Store,2023-08-01,
TXN_2197961,CUST_151,Food,Rice,5.5,7,38.5,Digital Wallet,In-Store,2023-02-12,
TXN_8146789,CUST_237,Electronics,Charger,25.0,5,125.0,Digital Wallet,Online,2024-04-19,False
TXN_8403503,CUST_261,Butchers,Lamb,16.0,10,160.0,Mobile Money,Online,2023-01-13,False
TXN_2982667,CUST_287,Beverages,Soda,2.0,2,4.0,Mobile Money,Online,2023-05-12,False
TXN_5534062,CUST_479,Beverages,Juice,4.0,7,28.0,Mobile Money,In-Store,2024-10-08,False
TXN_2629618,CUST_184,Beverages,Juice,4.0,10,40.0,Digital Wallet,Online,2023-06-16,
TXN_5413359,CUST_055,Butchers,Chicken,9.0,8,72.0,Mobile Money,In-Store,2022-06-29,False
TXN_4052832,CUST_413,Stationery,Stapler,6.0,6,36.0,Unknown,Online,2023-11-25,
TXN_5995484,CUST_410,Stationery,Stapler,6.0,5,30.0,Credit Card,Online,2023-02-08,False
TXN_9768757,CUST_073,Furniture,Shelf,55.0,10,550.0,Unknown,In-Store,2024-12-28,False
TXN_4922874,CUST_273,Patisserie,Croissant,5.0,2,10.0,Credit Card,Online,2024-02-29,False
TXN_3054569,CUST_029,Butchers,Chicken,9.0,9,81.0,Mobile Money,In-Store,2022-11-09,True
TXN_6326127,CUST_275,Patisserie,Muffin,4.5,1,4.5,Digital Wallet,Online,2022-08-01,True
TXN_6687857,CUST_331,Stationery,Marker,2.5,7,17.5,Digital Wallet,Online,2024-12-07,False
TXN_6032295,CUST_257,Butchers,Sausage,7.5,10,75.0,Cash,Online,2022-06-14,False
TXN_8873692,CUST_249,Electronics,Keyboard,35.0,1,35.0,Cash,In-Store,2022-11-02,
TXN_9759838,CUST_050,Stationery,Pen,1.5,1,1.5,Digital Wallet,Online,2022-08-21,
TXN_3281578,CUST_194,Beverages,Water,1.5,6,9.0,Digital Wallet,Online,2023-10-06,True
TXN_2493950,CUST_461,Patisserie,Cake,18.0,8,144.0,Digital Wallet,In-Store,2023-11-10,
TXN_5384227,CUST_027,Stationery,Folder,3.0,6,18.0,Digital Wallet,In-Store,2022-09-06,False
TXN_4177902,CUST_424,Beverages,Water,1.5,7,10.5,Mobile Money,Online,2022-06-23,
TXN_3819127,CUST_474,Patisserie,Doughnut,3.5,5,17.5,Digital Wallet,Online,2022-06-28,False
TXN_8754910,CUST_011,Electronics,Keyboard,35.0,8,280.0,Cash,In-Store,2024-06-10,False
TXN_3339270,CUST_074,Furniture,Chair,35.0,1,35.0,Mobile Money,In-Store,2024-10-10,True
TXN_1933671,CUST_179,Beverages,Tea,3.5,6,21.0,Mobile Money,In-Store,2023-04-19,False
TXN_1272635,CUST_169,Patisserie,Doughnut,3.5,8,28.0,Unknown,Online,2024-06-27,True
TXN_2592173,CUST_436,Electronics,Keyboard,35.0,10,350.0,Digital Wallet,Online,2024-11-14,True
TXN_4917342,CUST_164,Furniture,Cabinet,95.0,8,760.0,Cash,In-Store,2022-10-19,True
TXN_6122783,CUST_272,Furniture,Shelf,55.0,10,550.0,Mobile Money,Online,2024-08-29,True
TXN_5640743,CUST_207,Furniture,Table,80.0,6,480.0,Digital Wallet,In-Store,2022-04-22,
TXN_6789790,CUST_356,Butchers,Sausage,7.5,3,22.5,Unknown,Online,2024-08-12,False
TXN_6160838,CUST_030,Stationery,Folder,3.0,7,21.0,Credit Card,In-Store,2023-09-28,
TXN_5432881,CUST_211,Electronics,Unknown,25.0,2,50.0,Mobile Money,In-Store,2023-03-29,
TXN_2837724,CUST_106,Butchers,Lamb,16.0,6,96.0,Digital Wallet,In-Store,2024-12-24,True
TXN_5453293,CUST_416,Furniture,Desk,120.0,3,360.0,Digital Wallet,Online,2024-02-10,
TXN_6984684,CUST_477,Furniture,Cabinet,95.0,1,95.0,Credit Card,Online,2024-11-08,True
TXN_3592670,CUST_082,Furniture,Unknown,95.0,7,665.0,Mobile Money,Online,2023-08-12,False
TXN_6559548,CUST_358,Stationery,Notebook,4.0,10,40.0,Credit Card,In-Store,2023-06-05,False
TXN_7164308,CUST_483,Furniture,Chair,35.0,8,280.0,Mobile Money,Online,2023-03-02,True
TXN_4463762,CUST_273,Beverages,Water,1.5,10,15.0,Cash,In-Store,2024-11-25,True
TXN_1340453,CUST_040,Furniture,Shelf,55.0,5,275.0,Mobile Money,Online,2024-06-23,False
TXN_4320938,CUST_173,Furniture,Chair,35.0,7,245.0,Credit Card,Online,2023-02-02,False
TXN_3581517,CUST_122,Butchers,Lamb,16.0,6,96.0,Digital Wallet,Online,2024-11-14,True
TXN_4198566,CUST_217,Electronics,Keyboard,35.0,6,210.0,Credit Card,In-Store,2023-11-05,False
TXN_2650671,CUST_276,Butchers,Pork,12.0,6,72.0,Credit Card,Online,2024-08-09,False
TXN_3774274,CUST_322,Stationery,Stapler,6.0,9,54.0,Cash,Online,2022-12-15,True
TXN_1906395,CUST_413,Furniture,Chair,35.0,2,70.0,Mobile Money,In-Store,2023-07-13,
TXN_8824132,CUST_381,Butchers,Pork,12.0,5,60.0,Digital Wallet,In-Store,2023-03-28,False
TXN_7808815,CUST_079,Food,Rice,5.5,2,11.0,Mobile Money,In-Store,2023-01-18,False
TXN_6091567,CUST_464,Stationery,Stapler,6.0,4,24.0,Unknown,In-Store,2023-04-24,
TXN_5319453,CUST_041,Butchers,Pork,12.0,9,108.0,Mobile Money,In-Store,2022-03-09,
TXN_4812205,CUST_082,Furniture,Desk,120.0,10,1200.0,Mobile Money,In-Store,2023-02-04,False
TXN_3402114,CUST_071,Stationery,Pen,1.5,2,3.0,Mobile Money,Online,2023-08-05,False
TXN_9787729,CUST_188,Furniture,Desk,120.0,9,1080.0,Cash,Online,2024-04-26,False
TXN_8451062,CUST_375,Beverages,Coffee,2.5,2,5.0,Mobile Money,In-Store,2023-10-26,
TXN_6674441,CUST_102,Patisserie,Doughnut,3.5,3,10.5,Mobile Money,Online,2023-02-27,
TXN_8765807,CUST_466,Patisserie,Cake,18.0,6,108.0,Digital Wallet,In-Store,2023-10-05,False
TXN_2498111,CUST_072,Stationery,Notebook,4.0,1,4.0,Digital Wallet,Online,2022-04-05,True
TXN_7404601,CUST_127,Food,Pasta,4.5,5,22.5,Digital Wallet,Online,2024-06-17,False
TXN_8992763,CUST_251,Food,Pasta,4.5,6,27.0,Credit Card,Online,2024-01-21,False
TXN_8342451,CUST_061,Stationery,Pen,1.5,4,6.0,Mobile Money,In-Store,2024-01-27,
TXN_2310142,CUST_157,Electronics,Charger,25.0,4,100.0,Mobile Money,Online,2023-02-28,
TXN_9651492,CUST_300,Beverages,Coffee,2.5,5,12.5,Digital Wallet,In-Store,2024-09-12,True
TXN_6097579,CUST_268,Stationery,Marker,2.5,2,5.0,Credit Card,Online,2023-11-24,False
TXN_6153786,CUST_117,Furniture,Cabinet,95.0,9,855.0,Mobile Money,In-Store,2024-03-13,False
TXN_6874893,CUST_140,Stationery,Marker,2.5,6,15.0,Credit Card,In-Store,2022-02-23,False
TXN_8002467,CUST_099,Patisserie,Pie,12.0,10,120.0,Cash,Online,2022-04-18,True
TXN_1625671,CUST_448,Stationery,Notebook,4.0,4,16.0,Digital Wallet,In-Store,2024-02-19,True
TXN_2815689,CUST_434,Patisserie,Cake,18.0,,36.0,Mobile Money,Online,2024-08-01,True
TXN_6872099,CUST_464,Butchers,Chicken,9.0,10,90.0,Digital Wallet,In-Store,2024-07-27,False
TXN_1934112,CUST_484,Beverages,Tea,3.5,2,7.0,Credit Card,Online,2022-02-26,False
TXN_4558042,CUST_241,Patisserie,Muffin,4.5,8,36.0,Mobile Money,Online,2022-02-14,False
TXN_3470294,CUST_018,Electronics,Keyboard,35.0,9,315.0,Credit Card,In-Store,2023-08-09,
TXN_8401628,CUST_454,Furniture,Desk,120.0,9,1080.0,Digital Wallet,In-Store,2024-11-13,True
TXN_4253372,CUST_105,Food,Bread,3.0,9,27.0,Cash,In-Store,2022-06-07,True
TXN_5156094,CUST_079,Beverages,Soda,2.0,9,18.0,Cash,Online,2023-06-28,False
TXN_2240294,CUST_150,Furniture,Desk,120.0,8,960.0,Mobile Money,Online,2023-01-16,False
TXN_2264330,CUST_398,Food,Pasta,4.5,10,45.0,Credit Card,In-Store,2024-11-19,False
TXN_5408249,CUST_492,Food,Cereal,6.0,9,54.0,Cash,In-Store,2022-06-19,False
TXN_8534682,CUST_037,Butchers,Pork,12.0,8,96.0,Digital Wallet,Online,2024-01-19,
TXN_3745378,CUST_495,Butchers,Chicken,9.0,10,90.0,Credit Card,In-Store,2022-11-24,False
TXN_1871815,CUST_246,Patisserie,Croissant,5.0,7,35.0,Unknown,In-Store,2023-01-07,False
TXN_4113534,CUST_062,Beverages,Coffee,2.5,2,5.0,Mobile Money,In-Store,2024-04-16,
TXN_3392001,CUST_390,Patisserie,Muffin,4.5,6,27.0,Digital Wallet,Online,2023-05-07,
TXN_2953368,CUST_465,Beverages,Water,1.5,2,3.0,Digital Wallet,Online,2024-07-22,True
TXN_6077817,CUST_077,Beverages,Juice,4.0,8,32.0,Digital Wallet,Online,2022-10-08,False
TXN_8604658,CUST_028,Stationery,Marker,2.5,1,2.5,Mobile Money,In-Store,2023-08-12,False
TXN_4137196,CUST_241,Butchers,Sausage,7.5,9,67.5,Cash,In-Store,2023-12-04,
TXN_1246669,CUST_368,Electronics,Mouse,18.0,8,144.0,Unknown,Online,2023-08-23,False
TXN_4101004,CUST_486,Beverages,Juice,4.0,1,4.0,Cash,Online,2022-02-24,
TXN_4898190,CUST_022,Stationery,Pen,1.5,4,6.0,Credit Card,In-Store,2022-09-17,True
TXN_7332560,CUST_075,Furniture,Cabinet,95.0,7,665.0,Digital Wallet,Online,2024-03-11,False
TXN_3934332,CUST_122,Stationery,Pen,1.5,8,12.0,Digital Wallet,Online,2024-03-01,False
TXN_4448788,CUST_332,Beverages,Soda,2.0,9,18.0,Digital Wallet,Online,2023-06-25,False
TXN_4410331,CUST_097,Electronics,USB Cable,8.0,10,80.0,Digital Wallet,Online,2024-11-16,False
TXN_4399458,CUST_163,Furniture,Table,80.0,9,720.0,Credit Card,In-Store,2023-12-16,False
TXN_4337013,CUST_389,Electronics,Charger,25.0,5,125.0,Cash,Online,2022-04-09,
TXN_1410275,CUST_013,Patisserie,Cake,18.0,8,144.0,Digital Wallet,Online,2023-12-13,False
TXN_1679405,CUST_197,Stationery,Stapler,6.0,2,12.0,Mobile Money,In-Store,2024-12-22,False
TXN_3332517,CUST_259,Beverages,Water,1.5,5,7.5,Cash,In-Store,2024-09-23,False
TXN_6718279,CUST_085,Butchers,Lamb,16.0,2,32.0,Digital Wallet,In-Store,2022-01-05,False
TXN_6966550,CUST_314,Electronics,Keyboard,35.0,7,245.0,Cash,In-Store,2023-07-30,True
TXN_2710456,CUST_033,Beverages,Coffee,2.5,1,2.5,Cash,Online,2023-05-19,False
TXN_4318375,CUST_454,Beverages,Unknown,1.5,3,4.5,Digital Wallet,In-Store,2024-05-09,True
TXN_2210953,CUST_052,Patisserie,Cake,18.0,6,108.0,Credit Card,In-Store,2022-02-12,False
TXN_4948401,CUST_005,Beverages,Coffee,2.5,2,5.0,Mobile Money,Online,2022-12-27,False
TXN_2379138,CUST_160,Patisserie,Cake,18.0,1,18.0,Mobile Money,Online,2022-11-01,False
TXN_6727288,CUST_349,Furniture,Table,80.0,1,80.0,Cash,In-Store,2024-09-11,False
TXN_9298493,CUST_369,Patisserie,Doughnut,3.5,7,24.5,Cash,Online,2023-08-20,True
TXN_1220075,CUST_026,Stationery,Folder,3.0,2,6.0,Credit Card,In-Store,2024-03-08,True
TXN_4341708,CUST_484,Patisserie,Cake,18.0,9,162.0,Cash,Online,2023-06-27,False
TXN_5277404,CUST_294,Stationery,Stapler,6.0,7,42.0,Cash,In-Store,2022-06-10,False
TXN_1627097,CUST_321,Patisserie,Doughnut,3.5,,24.5,Mobile Money,Online,2022-04-23,False
TXN_2435367,CUST_241,Furniture,Unknown,35.0,4,140.0,Digital Wallet,In-Store,2024-02-09,True
TXN_5911408,CUST_451,Beverages,Water,1.5,5,7.5,Digital Wallet,Online,2024-03-27,
TXN_4173584,CUST_014,Furniture,Chair,35.0,2,70.0,Cash,Online,2022-08-25,False
TXN_4144720,CUST_496,Beverages,Tea,3.5,6,21.0,Cash,In-Store,2024-08-26,False
TXN_7952721,CUST_094,Stationery,Stapler,6.0,3,18.0,Mobile Money,In-Store,2022-05-20,
TXN_6421622,CUST_153,Butchers,Lamb,16.0,9,144.0,Digital Wallet,In-Store,2023-08-31,False
TXN_5978234,CUST_492,Furniture,Cabinet,95.0,10,950.0,Cash,In-Store,2024-12-26,False
TXN_9326492,CUST_021,Butchers,Lamb,16.0,3,48.0,Mobile Money,In-Store,2023-12-02,
TXN_5575454,CUST_081,Butchers,Chicken,9.0,4,36.0,Credit Card,In-Store,2023-01-08,
TXN_9859464,CUST_036,Food,Rice,5.5,2,11.0,Digital Wallet,Online,2024-10-02,
TXN_7227952,CUST_229,Stationery,Stapler,6.0,1,6.0,Credit Card,In-Store,2024-10-13,False
TXN_7272368,CUST_465,Electronics,USB Cable,8.0,8,64.0,Cash,Online,2024-09-12,False
TXN_8937175,CUST_057,Electronics,Headphones,22.0,3,66.0,Credit Card,In-Store,2024-08-09,False
TXN_6320804,CUST_149,Beverages,Juice,4.0,3,12.0,Credit Card,Online,2024-08-25,False
TXN_1687703,CUST_271,Furniture,Table,80.0,5,400.0,Digital Wallet,Online,2024-06-26,False
TXN_8737777,CUST_112,Stationery,Pen,1.5,4,6.0,Cash,In-Store,2024-12-18,False
TXN_6118168,CUST_209,Beverages,Tea,3.5,3,10.5,Mobile Money,Unknown,2023-06-03,False
TXN_8125877,CUST_424,Beverages,Juice,4.0,2,8.0,Mobile Money,In-Store,2022-05-31,False
TXN_4709866,CUST_068,Electronics,Mouse,18.0,7,126.0,Digital Wallet,Online,2023-08-05,
TXN_1302891,CUST_216,Butchers,Lamb,16.0,10,160.0,Digital Wallet,In-Store,2023-03-27,False
TXN_5390741,CUST_146,Stationery,Notebook,4.0,9,36.0,Mobile Money,In-Store,2022-04-19,
TXN_6569451,CUST_343,Beverages,Coffee,2.5,4,10.0,Mobile Money,In-Store,2023-07-20,False
TXN_6080308,CUST_238,Beverages,Water,1.5,2,3.0,Credit Card,In-Store,2023-05-16,True
TXN_2881397,CUST_084,Furniture,Table,80.0,7,560.0,Credit Card,In-Store,2024-02-03,False
TXN_3873137,CUST_261,Patisserie,Croissant,5.0,6,30.0,Digital Wallet,In-Store,2023-12-24,False
TXN_8287703,CUST_009,Stationery,Folder,3.0,7,21.0,Mobile Money,Online,2024-05-20,False
TXN_4463587,CUST_096,Furniture,Chair,35.0,8,280.0,Credit Card,Online,2024-02-01,
TXN_6922435,CUST_223,Electronics,Charger,25.0,1,25.0,Mobile Money,In-Store,2023-06-08,False
TXN_8122989,CUST_212,Electronics,Keyboard,35.0,8,280.0,Mobile Money,In-Store,2024-03-13,False
TXN_3378837,CUST_250,Beverages,Tea,3.5,5,17.5,Digital Wallet,Online,2022-12-01,False
TXN_9968491,CUST_481,Patisserie,Croissant,5.0,7,35.0,Credit Card,Online,2023-09-04,False
TXN_4736361,CUST_143,Electronics,Headphones,22.0,7,154.0,Mobile Money,In-Store,2024-07-16,
TXN_2358454,CUST_067,Butchers,Sausage,7.5,5,37.5,Credit Card,In-Store,2022-04-11,
TXN_6442721,CUST_130,Furniture,Cabinet,95.0,5,475.0,Mobile Money,In-Store,2024-06-10,False
TXN_3991270,CUST_376,Electronics,USB Cable,8.0,4,32.0,Mobile Money,In-Store,2022-07-20,
TXN_3353847,CUST_003,Furniture,Cabinet,95.0,1,95.0,Digital Wallet,Online,2022-01-19,True
TXN_3348818,CUST_181,Food,Cooking Oil,8.0,4,32.0,Digital Wallet,Online,2023-08-12,
TXN_6484148,CUST_364,Food,Pasta,4.5,10,45.0,Mobile Money,In-Store,2023-06-24,False
TXN_1255672,CUST_449,Electronics,Headphones,22.0,3,66.0,Cash,In-Store,2024-02-26,
TXN_8307322,CUST_259,Furniture,Chair,35.0,8,280.0,Cash,In-Store,2024-04-25,False
TXN_6200441,CUST_255,Furniture,Desk,120.0,2,240.0,Mobile Money,Online,2024-02-10,True
TXN_1200660,CUST_259,Butchers,Sausage,7.5,6,45.0,Cash,In-Store,2022-11-05,False
TXN_7417060,CUST_463,Electronics,Headphones,22.0,5,110.0,Cash,Online,2022-03-25,True
TXN_1636125,CUST_271,Beverages,Soda,2.0,2,4.0,Credit Card,Online,2024-09-11,True
TXN_2571809,CUST_466,Food,Cereal,6.0,1,6.0,Digital Wallet,Online,2023-03-28,True
TXN_7656289,CUST_420,Food,Unknown,5.5,,11.0,Digital Wallet,In-Store,2023-12-12,True
TXN_3074920,CUST_340,Stationery,Marker,2.5,5,12.5,Digital Wallet,In-Store,2024-09-11,
TXN_2801798,CUST_413,Stationery,Marker,2.5,10,25.0,Mobile Money,Online,2024-09-08,False
TXN_3767676,CUST_447,Stationery,Pen,1.5,3,4.5,Mobile Money,Online,2024-12-13,
TXN_3487274,CUST_255,Butchers,Beef,14.0,2,28.0,Credit Card,In-Store,2022-05-14,True
TXN_2753313,CUST_230,Furniture,Shelf,55.0,3,165.0,Mobile Money,Online,2022-07-29,False
TXN_8402447,CUST_081,Stationery,Folder,3.0,3,9.0,Mobile Money,In-Store,2024-08-04,False
TXN_6083212,CUST_384,Beverages,Juice,4.0,,4.0,Cash,Online,2024-03-25,False
TXN_4914281,CUST_285,Butchers,Chicken,9.0,7,63.0,Mobile Money,In-Store,2023-01-23,False
TXN_7858732,CUST_489,Butchers,Sausage,7.5,1,7.5,Unknown,In-Store,2023-05-27,False
TXN_7634699,CUST_368,Furniture,Chair,35.0,1,35.0,Credit Card,Online,2024-01-22,False
TXN_7022822,CUST_042,Electronics,USB Cable,8.0,,48.0,Cash,Online,2024-03-08,False
TXN_1472008,CUST_001,Food,Bread,3.0,10,30.0,Credit Card,Online,2023-05-21,False
TXN_3268314,CUST_082,Electronics,Charger,25.0,5,125.0,Mobile Money,In-Store,2023-02-05,False
TXN_6421721,CUST_011,Electronics,Keyboard,35.0,2,70.0,Credit Card,In-Store,2023-07-28,False
TXN_2706076,CUST_137,Beverages,Soda,2.0,10,20.0,Cash,Online,2023-02-23,
TXN_4494403,CUST_128,Furniture,Unknown,80.0,,80.0,Digital Wallet,Online,2024-10-02,False
TXN_7516682,CUST_084,Electronics,Mouse,18.0,1,18.0,Credit Card,In-Store,2024-09-20,False
TXN_1052055,CUST_062,Electronics,Headphones,22.0,1,22.0,Mobile Money,In-Store,2024-08-12,
TXN_4243087,CUST_400,Stationery,Marker,2.5,7,17.5,Mobile Money,In-Store,2024-02-24,False
TXN_3292959,CUST_101,Beverages,Water,1.5,10,15.0,Mobile Money,Online,2023-04-17,False
TXN_4456800,CUST_153,Butchers,Lamb,16.0,1,16.0,Cash,In-Store,2022-02-26,False
TXN_7935581,CUST_146,Electronics,Mouse,18.0,9,162.0,Mobile Money,Online,2023-05-18,False
TXN_3074678,CUST_163,Butchers,Sausage,7.5,1,7.5,Credit Card,In-Store,2024-11-28,False
TXN_5228052,CUST_025,Furniture,Chair,35.0,9,315.0,Cash,In-Store,2022-12-03,False
TXN_6181057,CUST_444,Patisserie,Pie,12.0,1,12.0,Cash,Online,2022-06-09,False
TXN_1668235,CUST_260,Food,Pasta,4.5,7,31.5,Cash,Online,2023-04-08,False
TXN_3520022,CUST_333,Food,Bread,3.0,5,15.0,Digital Wallet,Online,2023-10-08,
TXN_4930226,CUST_010,Butchers,Sausage,7.5,10,75.0,Cash,In-Store,2024-03-14,False
TXN_8867311,CUST_394,Furniture,Chair,35.0,1,35.0,Cash,Online,2024-05-31,
TXN_7080898,CUST_380,Food,Cooking Oil,8.0,9,72.0,Cash,Online,2022-03-10,False
TXN_7382386,CUST_118,Furniture,Chair,35.0,1,35.0,Mobile Money,In-Store,2022-12-25,False
TXN_2685996,CUST_213,Butchers,Chicken,9.0,2,18.0,Cash,Online,2022-06-22,True
TXN_6582266,CUST_330,Butchers,Lamb,16.0,10,160.0,Digital Wallet,In-Store,2024-06-08,True
TXN_6085085,CUST_401,Butchers,Pork,12.0,1,12.0,Credit Card,Online,2023-03-23,
TXN_3331770,CUST_440,Food,Pasta,4.5,5,22.5,Digital Wallet,Online,2023-03-31,False
TXN_8573135,CUST_335,Butchers,Sausage,7.5,4,30.0,Cash,In-Store,2024-08-02,True
TXN_4171553,CUST_481,Food,Cooking Oil,8.0,3,24.0,Unknown,Online,2024-06-16,False
TXN_3802196,CUST_104,Patisserie,Muffin,4.5,3,13.5,Cash,Online,2024-08-24,
TXN_9752863,CUST_129,Patisserie,Muffin,4.5,6,27.0,Credit Card,Online,2024-11-05,True
TXN_5873745,CUST_191,Stationery,Folder,3.0,2,6.0,Mobile Money,Online,2024-12-01,False
TXN_9787654,CUST_462,Butchers,Lamb,16.0,2,32.0,Cash,Online,2024-06-02,False
TXN_9528580,CUST_206,Butchers,Lamb,16.0,7,112.0,Unknown,Online,2022-04-07,
TXN_6295552,CUST_473,Electronics,Headphones,22.0,5,110.0,Digital Wallet,Online,2024-05-23,True
TXN_7124277,CUST_056,Patisserie,Croissant,5.0,2,10.0,Digital Wallet,Online,2022-12-06,False
TXN_7514524,CUST_175,Food,Cereal,6.0,6,36.0,Mobile Money,In-Store,2024-07-14,False
TXN_1951054,CUST_097,Electronics,Mouse,18.0,3,54.0,Digital Wallet,Online,2023-06-02,False
TXN_3155972,CUST_358,Stationery,Pen,1.5,8,12.0,Credit Card,Online,2024-11-04,False
TXN_4045313,CUST_216,Food,Bread,3.0,6,18.0,Mobile Money,In-Store,2023-08-27,
TXN_8977128,CUST_149,Furniture,Shelf,55.0,7,385.0,Cash,Online,2024-09-08,False
TXN_5054613,CUST_035,Electronics,Mouse,18.0,7,126.0,Credit Card,Online,2023-03-13,True
TXN_6272864,CUST_164,Beverages,Water,1.5,6,9.0,Digital Wallet,Online,2024-04-12,False
TXN_5934990,CUST_252,Stationery,Folder,3.0,9,27.0,Cash,In-Store,2022-02-18,False
TXN_7305072,CUST_008,Patisserie,Croissant,5.0,5,25.0,Credit Card,In-Store,2023-02-15,False
TXN_8686906,CUST_021,Electronics,Unknown,8.0,4,32.0,Cash,Online,2023-08-01,False
TXN_2985196,CUST_154,Furniture,Table,80.0,1,80.0,Credit Card,In-Store,2022-03-04,False
TXN_7266283,CUST_109,Patisserie,Croissant,5.0,7,35.0,Digital Wallet,Online,2024-05-26,False
TXN_7252016,CUST_156,Furniture,Table,80.0,7,560.0,Cash,In-Store,2024-06-05,False
TXN_3898265,CUST_007,Electronics,USB Cable,8.0,5,40.0,Cash,Online,2024-11-02,True
TXN_5893091,CUST_114,Stationery,Pen,1.5,8,12.0,Mobile Money,In-Store,2022-04-02,False
TXN_5451774,CUST_384,Furniture,Table,80.0,9,720.0,Credit Card,Online,2024-10-17,False
TXN_9934971,CUST_034,Furniture,Table,80.0,4,320.0,Mobile Money,In-Store,2024-04-07,False
TXN_6812085,CUST_057,Food,Cooking Oil,8.0,3,24.0,Credit Card,Online,2023-10-04,False
TXN_3305413,CUST_054,Food,Cereal,6.0,2,12.0,Credit Card,Online,2023-12-04,
TXN_5705170,CUST_219,Food,Cooking Oil,8.0,1,8.0,Cash,In-Store,2022-07-07,
TXN_5749708,CUST_365,Food,Cooking Oil,8.0,1,8.0,Digital Wallet,In-Store,2022-08-03,False
TXN_7496776,CUST_030,Food,Cereal,6.0,1,6.0,Digital Wallet,In-Store,2022-01-04,False
TXN_2283173,CUST_479,Butchers,Lamb,16.0,9,144.0,Digital Wallet,Online,2024-10-11,True
TXN_8379758,CUST_090,Patisserie,Pie,12.0,5,60.0,Mobile Money,In-Store,2022-08-26,True
TXN_7226659,CUST_010,Food,Rice,5.5,5,27.5,Cash,Online,2024-10-28,
TXN_2350093,CUST_012,Furniture,Desk,120.0,1,120.0,Mobile Money,Online,2023-04-22,
TXN_7465393,CUST_226,Food,Cooking Oil,8.0,7,56.0,Mobile Money,Online,2024-04-19,False
TXN_1183195,CUST_133,Electronics,Keyboard,35.0,4,140.0,Digital Wallet,Online,2023-05-24,False
TXN_2040397,CUST_347,Patisserie,Muffin,4.5,10,45.0,Credit Card,Online,2024-11-03,True
TXN_4764040,CUST_074,Stationery,Marker,2.5,4,10.0,Mobile Money,In-Store,2024-02-19,
TXN_6116191,CUST_353,Food,Cooking Oil,8.0,10,80.0,Mobile Money,Online,2023-02-04,False
TXN_5327790,CUST_273,Stationery,Notebook,4.0,4,16.0,Mobile Money,Online,2023-03-09,False
TXN_7330034,CUST_342,Stationery,Stapler,6.0,4,24.0,Digital Wallet,Online,2024-04-23,False
TXN_6768212,CUST_100,Butchers,Chicken,9.0,2,18.0,Mobile Money,Online,2022-02-08,True
TXN_8044229,CUST_272,Food,Rice,5.5,8,44.0,Mobile Money,Online,2022-04-10,False
TXN_3553589,CUST_402,Furniture,Desk,120.0,2,240.0,Credit Card,Online,2022-03-29,False
TXN_2759268,CUST_186,Beverages,Tea,3.5,9,31.5,Cash,In-Store,2022-09-11,
TXN_9329687,CUST_237,Butchers,Beef,14.0,8,112.0,Digital Wallet,Online,2024-03-21,True
TXN_7834454,CUST_237,Furniture,Shelf,55.0,,495.0,Digital Wallet,In-Store,2024-12-19,False
TXN_7993018,CUST_229,Food,Pasta,4.5,9,40.5,Credit Card,Online,2022-05-20,False
TXN_2411504,CUST_057,Patisserie,Muffin,4.5,10,45.0,Mobile Money,Online,2024-04-22,False
TXN_2726681,CUST_222,Patisserie,Muffin,4.5,10,45.0,Cash,Online,2022-10-05,False
TXN_6675410,CUST_464,Furniture,Shelf,55.0,7,385.0,Cash,Online,2024-12-07,True
TXN_5473447,CUST_460,Beverages,Soda,2.0,1,2.0,Credit Card,Online,2024-07-31,False
TXN_4914988,CUST_234,Food,Cooking Oil,8.0,1,8.0,Cash,In-Store,2022-11-23,False
TXN_7817872,CUST_100,Stationery,Stapler,6.0,1,6.0,Digital Wallet,Online,2024-06-02,False
TXN_7980042,CUST_413,Patisserie,Croissant,5.0,3,15.0,Cash,Online,2024-08-20,False
TXN_4832733,CUST_335,Beverages,Juice,4.0,7,28.0,Mobile Money,In-Store,2024-12-03,False
TXN_5914150,CUST_246,Electronics,Keyboard,35.0,,140.0,Credit Card,Online,2024-04-06,False
TXN_7853878,CUST_188,Beverages,Coffee,2.5,4,10.0,Credit Card,In-Store,2022-09-09,False
TXN_3675102,CUST_339,Food,Bread,3.0,2,6.0,Mobile Money,Online,2023-01-27,True
TXN_5713549,CUST_301,Stationery,Notebook,4.0,8,32.0,Mobile Money,In-Store,2024-04-11,
TXN_8204776,CUST_120,Food,Bread,3.0,6,18.0,Digital Wallet,In-Store,2023-11-26,False
TXN_3779736,CUST_273,Butchers,Beef,14.0,10,140.0,Credit Card,In-Store,2023-08-30,False
TXN_3771685,CUST_137,Butchers,Lamb,16.0,1,16.0,Digital Wallet,In-Store,2023-12-20,False
TXN_1479083,CUST_141,Beverages,Water,1.5,3,4.5,Cash,Online,2024-01-10,False
TXN_8619709,CUST_063,Patisserie,Muffin,4.5,4,18.0,Mobile Money,Online,2024-10-05,True
TXN_3383856,CUST_112,Furniture,Table,80.0,4,320.0,Credit Card,In-Store,2024-03-26,
TXN_8889602,CUST_049,Furniture,Chair,35.0,1,35.0,Mobile Money,In-Store,2022-05-01,
TXN_3091526,CUST_393,Electronics,Mouse,18.0,5,90.0,Mobile Money,In-Store,2024-06-29,False
TXN_4082207,CUST_241,Electronics,USB Cable,8.0,6,48.0,Digital Wallet,Online,2024-03-04,False
TXN_9523917,CUST_231,Butchers,Lamb,16.0,7,112.0,Credit Card,Online,2024-08-11,True
TXN_7795829,CUST_220,Food,Cooking Oil,8.0,7,56.0,Credit Card,Online,2024-02-11,False
TXN_3333180,CUST_164,Butchers,Beef,14.0,10,140.0,Cash,In-Store,2023-04-07,True
TXN_1667538,CUST_480,Stationery,Folder,3.0,8,24.0,Digital Wallet,In-Store,2022-08-23,False
TXN_7046768,CUST_307,Patisserie,Muffin,4.5,3,13.5,Digital Wallet,Online,2024-06-06,
TXN_8100052,CUST_268,Butchers,Pork,12.0,5,60.0,Credit Card,Online,2022-06-19,False
TXN_2730228,CUST_170,Furniture,Chair,35.0,9,315.0,Mobile Money,In-Store,2023-02-26,False
TXN_6649776,CUST_362,Butchers,Sausage,7.5,5,37.5,Credit Card,In-Store,2023-03-12,False
TXN_9931358,CUST_022,Electronics,USB Cable,8.0,10,80.0,Cash,Online,2023-01-27,True
TXN_2602595,CUST_258,Food,Rice,5.5,,11.0,Cash,Online,2022-01-14,False
TXN_8336302,CUST_400,Patisserie,Doughnut,3.5,9,31.5,Mobile Money,Online,2023-04-17,False
TXN_5776194,CUST_356,Furniture,Desk,120.0,,240.0,Digital Wallet,In-Store,2023-08-19,
TXN_8021680,CUST_103,Food,Cereal,6.0,9,54.0,Credit Card,In-Store,2022-04-16,False
TXN_4992720,CUST_002,Stationery,Notebook,4.0,3,12.0,Mobile Money,Online,2024-08-11,False
TXN_7171003,CUST_421,Food,Cereal,6.0,4,24.0,Credit Card,In-Store,2023-03-26,False
TXN_5910691,CUST_338,Patisserie,Doughnut,3.5,8,28.0,Digital Wallet,In-Store,2022-07-20,False
TXN_3113685,CUST_243,Beverages,Water,1.5,10,15.0,Credit Card,In-Store,2023-06-11,False
TXN_1506911,CUST_467,Stationery,Marker,2.5,5,12.5,Cash,In-Store,2022-07-01,False
TXN_1497502,CUST_424,Butchers,Beef,14.0,8,112.0,Cash,Online,2022-10-13,True
TXN_2162189,CUST_219,Furniture,Chair,35.0,3,105.0,Credit Card,Online,2024-02-11,
TXN_4182132,CUST_399,Butchers,Sausage,7.5,2,15.0,Mobile Money,Online,2023-07-14,True
TXN_2407296,CUST_010,Patisserie,Doughnut,3.5,1,3.5,Credit Card,In-Store,2024-07-05,
TXN_6217092,CUST_414,Beverages,Water,1.5,2,3.0,Mobile Money,Online,2023-03-19,False
TXN_4500671,CUST_148,Stationery,Marker,2.5,5,12.5,Credit Card,In-Store,2024-08-11,True
TXN_7018322,CUST_470,Patisserie,Cake,18.0,10,180.0,Mobile Money,In-Store,2024-05-27,True
TXN_1878835,CUST_327,Beverages,Soda,2.0,5,10.0,Digital Wallet,In-Store,2024-01-31,
TXN_6697627,CUST_339,Beverages,Juice,4.0,5,20.0,Cash,Online,2023-04-11,
TXN_8367711,CUST_124,Food,Rice,5.5,10,55.0,Credit Card,In-Store,2024-08-15,False
TXN_8367241,CUST_256,Butchers,Unknown,12.0,8,96.0,Mobile Money,Online,2024-04-20,
TXN_9452082,CUST_368,Electronics,Keyboard,35.0,1,35.0,Credit Card,In-Store,2024-12-26,False
TXN_2342850,CUST_461,Electronics,Mouse,18.0,10,180.0,Cash,In-Store,2024-03-05,False
TXN_8537335,CUST_157,Butchers,Beef,14.0,1,14.0,Cash,Online,2022-07-21,False
TXN_9664966,CUST_087,Patisserie,Cake,18.0,2,36.0,Mobile Money,In-Store,2023-01-24,
TXN_1453104,CUST_336,Patisserie,Croissant,5.0,7,35.0,Mobile Money,Online,2022-04-23,False
TXN_8812573,CUST_191,Electronics,USB Cable,8.0,8,64.0,Cash,Online,2023-10-03,False
TXN_5017763,CUST_049,Butchers,Beef,14.0,7,98.0,Cash,Online,2022-09-15,
TXN_4055029,CUST_309,Patisserie,Croissant,5.0,9,45.0,Mobile Money,Online,2023-10-27,
TXN_9802459,CUST_385,Food,Cereal,6.0,5,30.0,Credit Card,Online,2024-01-26,
TXN_7470181,CUST_357,Stationery,Stapler,6.0,4,24.0,Mobile Money,Online,2024-12-07,
TXN_7623278,CUST_199,Electronics,Headphones,22.0,6,132.0,Mobile Money,Online,2024-03-14,False
TXN_6979085,CUST_091,Furniture,Cabinet,95.0,6,570.0,Credit Card,Online,2023-01-19,False
TXN_3905319,CUST_030,Electronics,Charger,25.0,1,25.0,Unknown,In-Store,2022-06-22,
TXN_1642032,CUST_159,Food,Cereal,6.0,8,48.0,Mobile Money,In-Store,2024-01-18,True
TXN_3845376,CUST_335,Furniture,Chair,35.0,2,70.0,Credit Card,In-Store,2023-02-01,
TXN_9663330,CUST_458,Stationery,Stapler,6.0,6,36.0,Mobile Money,Online,2023-07-20,False
TXN_1274170,CUST_020,Food,Cereal,6.0,4,24.0,Digital Wallet,In-Store,2022-01-07,False
TXN_2648958,CUST_304,Butchers,Sausage,7.5,8,60.0,Digital Wallet,Online,2024-06-10,False
TXN_1197170,CUST_491,Beverages,Coffee,2.5,8,20.0,Cash,Online,2022-09-06,True
TXN_8186850,CUST_194,Beverages,Coffee,2.5,4,10.0,Mobile Money,Online,2023-12-23,False
TXN_2045851,CUST_171,Patisserie,Croissant,5.0,4,20.0,Digital Wallet,Online,2023-06-18,False
TXN_7242573,CUST_476,Stationery,Folder,3.0,8,24.0,Mobile Money,Online,2022-03-05,True
TXN_5642681,CUST_237,Beverages,Juice,4.0,5,20.0,Cash,In-Store,2023-07-03,True
TXN_2390281,CUST_243,Butchers,Beef,14.0,3,42.0,Digital Wallet,In-Store,2022-04-03,False
TXN_4585435,CUST_366,Patisserie,Doughnut,3.5,7,24.5,Cash,Online,2023-04-19,True
TXN_3472512,CUST_134,Butchers,Pork,12.0,8,96.0,Digital Wallet,Online,2023-05-25,False
TXN_6580427,CUST_099,Stationery,Pen,1.5,7,10.5,Credit Card,Online,2024-08-01,False
TXN_5788109,CUST_162,Stationery,Unknown,6.0,2,12.0,Mobile Money,Online,2022-11-28,True
TXN_5290569,CUST_403,Electronics,Keyboard,35.0,4,140.0,Digital Wallet,Online,2022-09-10,False
TXN_6312003,CUST_328,Electronics,Keyboard,35.0,2,70.0,Credit Card,Online,2023-04-08,False
TXN_8969693,CUST_409,Butchers,Beef,14.0,5,70.0,Digital Wallet,In-Store,2022-12-06,False
TXN_6392922,CUST_492,Furniture,Chair,35.0,7,245.0,Digital Wallet,In-Store,2024-08-13,False
TXN_1760669,CUST_422,Electronics,Keyboard,35.0,2,70.0,Mobile Money,In-Store,2023-12-06,
TXN_6526853,CUST_356,Patisserie,Cake,18.0,4,72.0,Cash,In-Store,2024-11-07,
TXN_2770403,CUST_329,Patisserie,Doughnut,3.5,4,14.0,Digital Wallet,In-Store,2023-08-05,
TXN_4254449,CUST_215,Food,Rice,5.5,7,38.5,Digital Wallet,In-Store,2024-11-28,
TXN_6990842,CUST_089,Stationery,Marker,2.5,4,10.0,Cash,Online,2022-05-11,True
TXN_6907726,CUST_463,Patisserie,Cake,18.0,10,180.0,Digital Wallet,In-Store,2023-11-10,False
TXN_7798266,CUST_123,Patisserie,Pie,12.0,9,108.0,Credit Card,In-Store,2022-05-26,True
TXN_5357461,CUST_215,Butchers,Lamb,16.0,8,128.0,Mobile Money,In-Store,2024-08-17,
TXN_3535155,CUST_409,Food,Rice,5.5,8,44.0,Mobile Money,In-Store,2023-04-04,False
TXN_9955530,CUST_334,Butchers,Sausage,7.5,5,37.5,Mobile Money,In-Store,2024-06-16,True
TXN_6472177,CUST_207,Electronics,Charger,25.0,1,25.0,Digital Wallet,In-Store,2024-02-22,
TXN_2171113,CUST_406,Butchers,Lamb,16.0,10,160.0,Digital Wallet,Online,2024-02-06,False
TXN_9746732,CUST_105,Patisserie,Muffin,4.5,7,31.5,Credit Card,Unknown,2022-03-23,True
TXN_5389696,CUST_482,Stationery,Folder,3.0,10,30.0,Digital Wallet,In-Store,2023-10-07,False
TXN_3977299,CUST_046,Butchers,Chicken,9.0,3,27.0,Digital Wallet,In-Store,2022-02-27,False
TXN_6353640,CUST_139,Electronics,Headphones,22.0,3,66.0,Cash,Online,2024-02-19,False
TXN_9226036,CUST_287,Stationery,Marker,2.5,1,2.5,Digital Wallet,In-Store,2023-04-21,False
TXN_5427752,CUST_241,Furniture,Chair,35.0,10,350.0,Credit Card,In-Store,2022-10-21,False
TXN_9906136,CUST_479,Patisserie,Muffin,4.5,4,18.0,Credit Card,In-Store,2022-09-13,
TXN_2014940,CUST_250,Patisserie,Cake,18.0,2,36.0,Cash,Online,2022-10-01,False
TXN_6809281,CUST_331,Food,Cereal,6.0,9,54.0,Cash,Online,2022-10-22,False
TXN_2798795,CUST_019,Electronics,USB Cable,8.0,6,48.0,Mobile Money,Unknown,2022-08-18,False
TXN_4037631,CUST_468,Food,Pasta,4.5,9,40.5,Credit Card,Online,2022-06-22,True
TXN_9078114,CUST_463,Patisserie,Croissant,5.0,7,35.0,Digital Wallet,In-Store,2023-06-15,False
TXN_2114683,CUST_179,Electronics,Keyboard,35.0,1,35.0,Mobile Money,In-Store,2024-07-18,
TXN_4932613,CUST_169,Beverages,Tea,3.5,9,31.5,Cash,In-Store,2024-01-07,False
TXN_3742455,CUST_226,Electronics,Keyboard,35.0,5,175.0,Unknown,Online,2023-11-19,False
TXN_5447684,CUST_257,Beverages,Soda,2.0,6,12.0,Credit Card,In-Store,2022-05-17,
TXN_4189948,CUST_012,Patisserie,Cake,18.0,7,126.0,Digital Wallet,Online,2023-03-29,False
TXN_5028054,CUST_084,Food,Cereal,6.0,2,12.0,Credit Card,In-Store,2024-03-20,
TXN_1132508,CUST_415,Electronics,Mouse,18.0,9,162.0,Cash,Online,2023-10-20,True
TXN_4229198,CUST_431,Patisserie,Pie,12.0,8,96.0,Digital Wallet,Online,2024-06-13,
TXN_7768326,CUST_318,Furniture,Chair,35.0,1,35.0,Mobile Money,Online,2024-12-28,
TXN_6553634,CUST_187,Butchers,Sausage,7.5,6,45.0,Mobile Money,In-Store,2024-01-17,True
TXN_3746455,CUST_413,Butchers,Chicken,9.0,7,63.0,Mobile Money,In-Store,2023-08-07,
TXN_9047673,CUST_406,Patisserie,Doughnut,3.5,3,10.5,Mobile Money,Online,2024-04-10,True
TXN_5809055,CUST_013,Electronics,Unknown,8.0,10,80.0,Cash,In-Store,2022-08-22,False
TXN_1563667,CUST_283,Beverages,Soda,2.0,3,6.0,Cash,Online,2024-01-26,False
TXN_5243780,CUST_480,Beverages,Soda,2.0,6,12.0,Credit Card,In-Store,2023-12-18,False
TXN_1545726,CUST_452,Furniture,Chair,35.0,4,140.0,Cash,In-Store,2024-09-05,False
TXN_9280774,CUST_488,Food,Cooking Oil,8.0,9,72.0,Digital Wallet,Online,2022-05-19,False
TXN_1839737,CUST_434,Food,Pasta,4.5,4,18.0,Digital Wallet,Online,2024-02-07,True
TXN_9109826,CUST_360,Furniture,Desk,120.0,5,600.0,Cash,Online,2024-05-18,False
TXN_2759718,CUST_036,Stationery,Folder,3.0,8,24.0,Digital Wallet,In-Store,2024-09-12,False
TXN_4795788,CUST_054,Patisserie,Pie,12.0,1,12.0,Cash,In-Store,2023-04-07,
TXN_5299432,CUST_055,Beverages,Juice,4.0,4,16.0,Digital Wallet,Online,2024-10-26,False
TXN_3255899,CUST_336,Patisserie,Pie,12.0,8,96.0,Credit Card,Online,2023-10-17,False
TXN_9153467,CUST_168,Food,Cereal,6.0,5,30.0,Cash,In-Store,2022-03-28,True
TXN_6234748,CUST_345,Beverages,Coffee,2.5,9,22.5,Mobile Money,Online,2022-09-03,True
TXN_7455334,CUST_252,Food,Bread,3.0,8,24.0,Digital Wallet,Online,2024-02-01,False
TXN_9887189,CUST_374,Beverages,Juice,4.0,4,16.0,Cash,In-Store,2022-07-11,False
TXN_7964587,CUST_179,Patisserie,Pie,12.0,9,108.0,Unknown,In-Store,2024-05-26,True
TXN_2714500,CUST_407,Butchers,Beef,14.0,3,42.0,Mobile Money,In-Store,2024-06-14,False
TXN_8819625,CUST_367,Food,Pasta,4.5,7,31.5,Cash,In-Store,2024-09-14,False
TXN_6280619,CUST_450,Patisserie,Muffin,4.5,1,4.5,Unknown,In-Store,2023-10-31,
TXN_3979664,CUST_322,Stationery,Folder,3.0,3,9.0,Credit Card,Online,2022-06-16,
TXN_9776510,CUST_203,Electronics,Headphones,22.0,8,176.0,Digital Wallet,In-Store,2023-09-20,False
TXN_3236711,CUST_298,Food,Pasta,4.5,2,9.0,Mobile Money,Online,2023-05-27,False
TXN_9085491,CUST_243,Stationery,Marker,2.5,5,12.5,Mobile Money,Online,2023-06-06,True
TXN_3088062,CUST_409,Furniture,Table,80.0,3,240.0,Mobile Money,In-Store,2023-10-06,False
TXN_2223901,CUST_229,Stationery,Notebook,4.0,4,16.0,Credit Card,Unknown,2024-09-24,False
TXN_5254567,CUST_213,Furniture,Cabinet,95.0,5,475.0,Cash,In-Store,2022-07-11,False
TXN_9986745,CUST_124,Food,Cooking Oil,8.0,2,16.0,Cash,Online,2022-01-28,False
TXN_5230207,CUST_230,Electronics,Mouse,18.0,10,180.0,Digital Wallet,In-Store,2023-06-26,
TXN_5555827,CUST_240,Patisserie,Croissant,5.0,5,25.0,Digital Wallet,In-Store,2024-11-02,False
TXN_2653816,CUST_009,Furniture,Chair,35.0,1,35.0,Cash,In-Store,2024-02-16,False
TXN_6218354,CUST_445,Butchers,Chicken,9.0,3,27.0,Digital Wallet,Online,2023-01-12,
TXN_7157703,CUST_412,Patisserie,Doughnut,3.5,6,21.0,Cash,In-Store,2022-07-20,False
TXN_7481093,CUST_211,Stationery,Stapler,6.0,10,60.0,Credit Card,Online,2022-02-14,False
TXN_9833462,CUST_150,Electronics,Headphones,22.0,7,154.0,Credit Card,In-Store,2024-09-04,
TXN_9949965,CUST_396,Patisserie,Pie,12.0,9,108.0,Cash,Online,2024-03-01,False
TXN_3791338,CUST_476,Butchers,Pork,12.0,1,12.0,Mobile Money,Online,2023-12-28,False
TXN_4936642,CUST_471,Food,Pasta,4.5,1,4.5,Cash,In-Store,2023-10-25,True
TXN_8717753,CUST_280,Stationery,Notebook,4.0,7,28.0,Digital Wallet,In-Store,2024-11-01,False
TXN_2434636,CUST_213,Patisserie,Croissant,5.0,9,45.0,Digital Wallet,Online,2024-03-13,False
TXN_4989284,CUST_126,Butchers,Sausage,7.5,3,22.5,Cash,Online,2023-08-07,False
TXN_5204099,CUST_044,Patisserie,Croissant,5.0,1,5.0,Cash,In-Store,2022-05-03,
TXN_1483791,CUST_275,Electronics,Charger,25.0,5,125.0,Cash,In-Store,2022-05-14,False
TXN_9855290,CUST_123,Furniture,Cabinet,95.0,4,380.0,Digital Wallet,Online,2024-07-03,False
TXN_5508651,CUST_487,Beverages,Soda,2.0,10,20.0,Mobile Money,Online,2024-09-25,False
TXN_7664036,CUST_407,Butchers,Chicken,9.0,9,81.0,Cash,In-Store,2023-03-17,True
TXN_3314472,CUST_005,Beverages,Coffee,2.5,8,20.0,Cash,Online,2024-07-01,False
TXN_4353597,CUST_418,Butchers,Chicken,9.0,10,90.0,Digital Wallet,In-Store,2024-04-05,False
TXN_3598230,CUST_427,Stationery,Pen,1.5,1,1.5,Credit Card,Online,2024-10-19,False
TXN_9899292,CUST_216,Patisserie,Pie,12.0,10,120.0,Digital Wallet,In-Store,2022-11-25,False
TXN_6449720,CUST_368,Electronics,Charger,25.0,8,200.0,Digital Wallet,In-Store,2024-09-19,False
TXN_7123255,CUST_249,Electronics,USB Cable,8.0,8,64.0,Credit Card,Online,2024-06-30,False
TXN_4066461,CUST_492,Butchers,Sausage,7.5,2,15.0,Mobile Money,In-Store,2023-06-21,
TXN_3854841,CUST_465,Patisserie,Pie,12.0,4,48.0,Cash,In-Store,2022-08-15,True
TXN_8182637,CUST_126,Furniture,Table,80.0,8,640.0,Credit Card,In-Store,2022-06-21,True
TXN_2247652,CUST_381,Butchers,Beef,14.0,7,98.0,Cash,In-Store,2023-10-10,
TXN_9910005,CUST_362,Patisserie,Muffin,4.5,8,36.0,Credit Card,In-Store,2024-07-14,True
TXN_6600068,CUST_389,Beverages,Coffee,2.5,8,20.0,Cash,In-Store,2022-05-27,False
TXN_4340216,CUST_453,Butchers,Pork,12.0,4,48.0,Digital Wallet,In-Store,2023-07-24,
TXN_3674638,CUST_238,Stationery,Marker,2.5,6,15.0,Mobile Money,Online,2023-12-17,False
TXN_6676448,CUST_143,Beverages,Coffee,2.5,3,7.5,Cash,In-Store,2022-10-04,False
TXN_6743470,CUST_133,Stationery,Folder,3.0,3,9.0,Mobile Money,Online,2022-12-22,False
TXN_3773676,CUST_372,Food,Bread,3.0,2,6.0,Mobile Money,Online,2023-07-14,False
TXN_2777346,CUST_293,Food,Bread,3.0,3,9.0,Cash,In-Store,2024-01-26,False
TXN_9042434,CUST_269,Beverages,Coffee,2.5,1,2.5,Mobile Money,Online,2022-04-10,False
TXN_1099919,CUST_215,Stationery,Stapler,6.0,6,36.0,Digital Wallet,In-Store,2022-11-25,False
TXN_4833919,CUST_252,Stationery,Notebook,4.0,2,8.0,Mobile Money,In-Store,2022-11-16,False
TXN_4390742,CUST_339,Food,Cooking Oil,8.0,9,72.0,Cash,In-Store,2024-04-01,False
TXN_6889609,CUST_179,Food,Cereal,6.0,7,42.0,Mobile Money,Online,2023-11-02,False
TXN_5837650,CUST_154,Furniture,Cabinet,95.0,8,760.0,Cash,In-Store,2022-05-17,False
TXN_5980235,CUST_244,Food,Cereal,6.0,7,42.0,Credit Card,Online,2024-10-17,False
TXN_1109530,CUST_428,Furniture,Table,80.0,2,160.0,Cash,Online,2022-07-18,
TXN_3726427,CUST_062,Stationery,Stapler,6.0,8,48.0,Digital Wallet,In-Store,2022-08-17,False
TXN_3865264,CUST_425,Furniture,Table,80.0,10,800.0,Credit Card,Online,2024-07-05,False
TXN_7387958,CUST_261,Beverages,Soda,2.0,5,10.0,Mobile Money,In-Store,2023-09-15,False
TXN_8499043,CUST_438,Patisserie,Cake,18.0,4,72.0,Credit Card,In-Store,2023-01-18,False
TXN_9928047,CUST_091,Furniture,Shelf,55.0,5,275.0,Digital Wallet,In-Store,2024-06-18,
TXN_8266609,CUST_209,Patisserie,Cake,18.0,10,180.0,Digital Wallet,Online,2023-10-09,False
TXN_8312499,CUST_192,Electronics,Mouse,18.0,5,90.0,Mobile Money,In-Store,2022-01-30,False
TXN_4445924,CUST_226,Food,Cooking Oil,8.0,7,56.0,Mobile Money,In-Store,2023-11-08,True
TXN_2133243,CUST_070,Beverages,Coffee,2.5,,7.5,Cash,In-Store,2024-09-20,
TXN_8449298,CUST_055,Stationery,Folder,3.0,6,18.0,Digital Wallet,In-Store,2022-03-29,False
TXN_8085929,CUST_132,Beverages,Water,1.5,5,7.5,Mobile Money,In-Store,2023-01-08,
TXN_1688725,CUST_289,Food,Bread,3.0,7,21.0,Cash,Online,2023-07-27,
TXN_2216396,CUST_093,Food,Rice,5.5,2,11.0,Mobile Money,Online,2024-04-07,True
TXN_4537553,CUST_159,Stationery,Folder,3.0,5,15.0,Mobile Money,In-Store,2023-07-03,False
TXN_4976808,CUST_390,Electronics,USB Cable,8.0,9,72.0,Digital Wallet,Online,2024-10-29,False
TXN_6868992,CUST_265,Patisserie,Muffin,4.5,8,36.0,Mobile Money,Online,2024-06-27,False
TXN_8928031,CUST_224,Food,Cooking Oil,8.0,8,64.0,Cash,In-Store,2024-04-12,True
TXN_3766884,CUST_064,Food,Cereal,6.0,6,36.0,Digital Wallet,Online,2024-10-07,False
TXN_9913472,CUST_306,Patisserie,Pie,12.0,6,72.0,Mobile Money,Online,2022-07-19,False
TXN_6375088,CUST_172,Furniture,Table,80.0,,720.0,Digital Wallet,In-Store,2024-06-12,False
TXN_7091544,CUST_369,Electronics,Mouse,18.0,3,54.0,Digital Wallet,In-Store,2023-05-04,
TXN_8623750,CUST_205,Electronics,Charger,25.0,9,225.0,Cash,In-Store,2022-01-08,False
TXN_9828029,CUST_329,Electronics,Keyboard,35.0,1,35.0,Credit Card,In-Store,2022-02-21,False
TXN_4230794,CUST_435,Butchers,Lamb,16.0,1,16.0,Credit Card,Online,2024-04-21,False
TXN_3794937,CUST_172,Butchers,Pork,12.0,4,48.0,Cash,Online,2024-08-18,False
TXN_3284533,CUST_380,Furniture,Cabinet,95.0,6,570.0,Mobile Money,Online,2022-12-16,False
TXN_9274125,CUST_185,Butchers,Beef,14.0,3,42.0,Credit Card,Online,2024-12-06,
TXN_8689402,CUST_013,Food,Pasta,4.5,6,27.0,Digital Wallet,In-Store,2023-02-23,False
TXN_8843701,CUST_163,Beverages,Tea,3.5,2,7.0,Cash,Online,2024-12-22,False
TXN_9797594,CUST_412,Furniture,Table,80.0,7,560.0,Unknown,Online,2023-04-24,False
TXN_9494630,CUST_028,Butchers,Chicken,9.0,2,18.0,Digital Wallet,Online,2023-03-30,True
TXN_4096818,CUST_367,Furniture,Table,80.0,9,720.0,Mobile Money,Online,2024-04-17,
TXN_9237881,CUST_216,Furniture,Shelf,55.0,3,165.0,Digital Wallet,In-Store,2023-10-19,True
TXN_1469456,CUST_311,Electronics,Charger,25.0,7,175.0,Digital Wallet,In-Store,2024-08-22,False
TXN_3148191,CUST_168,Electronics,Mouse,18.0,6,108.0,Cash,Online,2022-05-10,False
TXN_9623145,CUST_365,Furniture,Cabinet,95.0,4,380.0,Digital Wallet,Online,2024-09-08,False
TXN_5768424,CUST_484,Furniture,Table,80.0,10,800.0,Digital Wallet,In-Store,2023-06-09,False
TXN_9342961,CUST_061,Food,Rice,5.5,10,55.0,Cash,In-Store,2022-07-17,False
TXN_8734102,CUST_485,Food,Cereal,6.0,6,36.0,Unknown,In-Store,2023-01-20,False
TXN_8777382,CUST_202,Patisserie,Muffin,4.5,9,40.5,Mobile Money,In-Store,2023-06-02,False
TXN_9708706,CUST_350,Beverages,Water,1.5,5,7.5,Mobile Money,Online,2022-05-23,
TXN_2468073,CUST_010,Patisserie,Doughnut,3.5,10,35.0,Mobile Money,Online,2022-12-24,
TXN_4647016,CUST_259,Patisserie,Pie,12.0,9,108.0,Cash,In-Store,2022-04-05,False
TXN_3175483,CUST_222,Butchers,Sausage,7.5,4,30.0,Credit Card,Online,2024-12-25,False
TXN_1867414,CUST_409,Butchers,Lamb,16.0,1,16.0,Mobile Money,Online,2023-12-01,
TXN_2120494,CUST_215,Electronics,Keyboard,35.0,5,175.0,Mobile Money,Online,2022-10-02,False
TXN_3487111,CUST_007,Food,Pasta,4.5,9,40.5,Credit Card,Online,2023-01-10,False
TXN_1386354,CUST_246,Stationery,Marker,2.5,1,2.5,Cash,Online,2024-08-12,
TXN_1327359,CUST_252,Furniture,Desk,120.0,7,840.0,Credit Card,Online,2022-04-08,False
TXN_9025828,CUST_389,Furniture,Cabinet,95.0,9,855.0,Cash,Online,2024-12-29,False
TXN_6069060,CUST_231,Butchers,Chicken,9.0,9,81.0,Cash,Online,2022-01-16,
TXN_4293705,CUST_271,Butchers,Sausage,7.5,2,15.0,Cash,Online,2022-07-02,True
TXN_4192301,CUST_489,Furniture,Desk,120.0,4,480.0,Cash,In-Store,2022-05-04,True
TXN_6995802,CUST_140,Butchers,Pork,12.0,5,60.0,Cash,Online,2023-06-01,False
TXN_1152999,CUST_460,Butchers,Lamb,16.0,1,16.0,Mobile Money,Online,2022-10-28,False
TXN_4202578,CUST_207,Furniture,Cabinet,95.0,7,665.0,Credit Card,Online,2022-08-02,False
TXN_2270242,CUST_430,Patisserie,Doughnut,3.5,9,31.5,Credit Card,In-Store,2024-11-29,False
TXN_5117923,CUST_158,Electronics,USB Cable,8.0,3,24.0,Credit Card,Online,2023-08-12,False
TXN_6041376,CUST_075,Stationery,Marker,2.5,9,22.5,Credit Card,Online,2022-07-03,True
TXN_3333647,CUST_483,Furniture,Table,80.0,9,720.0,Credit Card,Online,2023-10-20,True
TXN_5299070,CUST_265,Butchers,Lamb,16.0,9,144.0,Digital Wallet,Online,2024-09-06,False
TXN_8977101,CUST_073,Food,Rice,5.5,10,55.0,Credit Card,Online,2024-12-24,False
TXN_1088106,CUST_138,Stationery,Pen,1.5,10,15.0,Cash,In-Store,2023-09-30,False
TXN_7034589,CUST_245,Beverages,Soda,2.0,6,12.0,Mobile Money,Online,2024-05-07,False
TXN_4354513,CUST_095,Stationery,Marker,2.5,5,12.5,Credit Card,In-Store,2022-02-02,True
TXN_8280459,CUST_174,Patisserie,Muffin,4.5,9,40.5,Mobile Money,Online,2022-09-02,True
TXN_6412044,CUST_364,Patisserie,Pie,12.0,9,108.0,Mobile Money,Online,2022-08-27,False
TXN_3431700,CUST_394,Furniture,Table,80.0,7,560.0,Credit Card,Online,2022-11-20,False
TXN_1485679,CUST_115,Beverages,Tea,3.5,10,35.0,Mobile Money,In-Store,2024-01-13,
TXN_9581029,CUST_043,Stationery,Notebook,4.0,3,12.0,Digital Wallet,In-Store,2023-07-19,True
TXN_4214919,CUST_293,Beverages,Juice,4.0,9,36.0,Cash,Online,2022-07-17,False
TXN_6604065,CUST_057,Beverages,Juice,4.0,7,28.0,Mobile Money,Online,2022-12-09,True
TXN_1091975,CUST_306,Patisserie,Cake,18.0,1,18.0,Mobile Money,In-Store,2024-01-02,False
TXN_7826045,CUST_388,Butchers,Chicken,9.0,10,90.0,Digital Wallet,Online,2023-06-12,False
TXN_9589742,CUST_278,Stationery,Notebook,4.0,6,24.0,Credit Card,Online,2022-06-20,True
TXN_6061537,CUST_408,Beverages,Soda,2.0,2,4.0,Credit Card,Online,2023-09-21,
TXN_7858735,CUST_444,Food,Bread,3.0,9,27.0,Cash,Unknown,2023-01-04,False
TXN_7471530,CUST_407,Beverages,Juice,4.0,7,28.0,Mobile Money,Online,2023-05-06,False
TXN_1860717,CUST_474,Stationery,Folder,3.0,3,9.0,Credit Card,Online,2022-01-24,False
TXN_6007321,CUST_416,Beverages,Water,1.5,4,6.0,Credit Card,In-Store,2024-07-10,
TXN_9949160,CUST_181,Stationery,Stapler,6.0,9,54.0,Mobile Money,Online,2024-05-16,True
TXN_6569038,CUST_144,Beverages,Soda,2.0,10,20.0,Cash,In-Store,2023-03-16,True
TXN_7604858,CUST_053,Electronics,Headphones,22.0,7,154.0,Mobile Money,In-Store,2022-10-13,False
TXN_8986988,CUST_383,Electronics,Mouse,18.0,6,108.0,Credit Card,Unknown,2023-11-10,
TXN_6867504,CUST_202,Stationery,Stapler,6.0,5,30.0,Mobile Money,In-Store,2022-08-30,
TXN_9241730,CUST_062,Furniture,Table,80.0,7,560.0,Digital Wallet,Online,2022-06-02,True
TXN_8552750,CUST_476,Patisserie,Pie,12.0,6,72.0,Mobile Money,Online,2022-05-07,
TXN_6807039,CUST_446,Beverages,Coffee,2.5,5,12.5,Cash,In-Store,2022-03-28,False
TXN_1840720,CUST_453,Stationery,Notebook,4.0,8,32.0,Mobile Money,Online,2022-05-26,False
TXN_8895945,CUST_343,Stationery,Folder,3.0,5,15.0,Mobile Money,In-Store,2022-05-19,
TXN_9207623,CUST_331,Stationery,Pen,1.5,2,3.0,Cash,Online,2024-06-11,True
TXN_8783874,CUST_365,Furniture,Shelf,55.0,10,550.0,Digital Wallet,In-Store,2022-12-17,True
TXN_2727548,CUST_243,Furniture,Chair,35.0,1,35.0,Cash,Online,2023-08-20,True
TXN_7647857,CUST_446,Stationery,Stapler,6.0,5,30.0,Digital Wallet,Online,2023-10-12,
TXN_4234055,CUST_295,Food,Pasta,4.5,5,22.5,Digital Wallet,In-Store,2024-04-29,False
TXN_5858355,CUST_029,Electronics,USB Cable,8.0,9,72.0,Digital Wallet,In-Store,2023-08-15,True
TXN_4693165,CUST_377,Patisserie,Croissant,5.0,2,10.0,Credit Card,In-Store,2023-03-08,False
TXN_7243559,CUST_366,Furniture,Desk,120.0,7,840.0,Cash,In-Store,2024-11-08,False
TXN_3529026,CUST_422,Butchers,Lamb,16.0,5,80.0,Credit Card,In-Store,2022-05-16,
TXN_6132447,CUST_306,Food,Bread,3.0,2,6.0,Cash,In-Store,2022-05-18,False
TXN_9356295,CUST_127,Stationery,Stapler,6.0,2,12.0,Cash,In-Store,2024-08-23,False
TXN_7812814,CUST_419,Electronics,Headphones,22.0,2,44.0,Mobile Money,Online,2024-09-14,False
TXN_9093212,CUST_467,Patisserie,Muffin,4.5,9,40.5,Cash,Online,2024-02-21,True
TXN_9641596,CUST_103,Electronics,Headphones,22.0,4,88.0,Mobile Money,In-Store,2023-06-13,False
TXN_1198742,CUST_130,Butchers,Sausage,7.5,9,67.5,Mobile Money,Online,2024-02-26,False
TXN_6637025,CUST_176,Beverages,Water,1.5,8,12.0,Mobile Money,Online,2024-04-12,True
TXN_8352882,CUST_314,Stationery,Marker,2.5,1,2.5,Credit Card,In-Store,2022-01-21,
TXN_6813365,CUST_294,Food,Cooking Oil,8.0,10,80.0,Cash,In-Store,2024-03-25,
TXN_4611950,CUST_390,Butchers,Chicken,9.0,6,54.0,Digital Wallet,Online,2022-09-09,False
TXN_7563503,CUST_232,Furniture,Table,80.0,10,800.0,Credit Card,Online,2022-08-25,False
TXN_6039522,CUST_472,Stationery,Notebook,4.0,,12.0,Credit Card,Online,2024-02-10,False
TXN_1962810,CUST_357,Food,Bread,3.0,4,12.0,Digital Wallet,In-Store,2024-05-17,False
TXN_7281102,CUST_134,Patisserie,Pie,12.0,10,120.0,Digital Wallet,Online,2022-03-26,False
TXN_2843681,CUST_312,Stationery,Unknown,6.0,8,48.0,Mobile Money,In-Store,2024-10-22,False
TXN_5732369,CUST_459,Furniture,Desk,120.0,5,600.0,Mobile Money,Online,2023-12-17,
TXN_3276164,CUST_059,Butchers,Chicken,9.0,10,90.0,Mobile Money,Online,2022-06-29,False
TXN_5640334,CUST_114,Beverages,Coffee,2.5,8,20.0,Cash,In-Store,2022-07-19,False
TXN_5234430,CUST_252,Electronics,Headphones,22.0,2,44.0,Credit Card,Unknown,2023-06-02,True
TXN_5084003,CUST_373,Butchers,Sausage,7.5,2,15.0,Digital Wallet,Online,2024-02-03,False
TXN_7479500,CUST_443,Stationery,Unknown,2.5,1,2.5,Cash,Online,2022-05-21,
TXN_5332823,CUST_401,Stationery,Notebook,4.0,10,40.0,Mobile Money,Online,2023-12-27,
TXN_9791935,CUST_006,Stationery,Folder,3.0,2,6.0,Credit Card,Online,2024-12-15,False
TXN_6811287,CUST_500,Furniture,Cabinet,95.0,2,190.0,Mobile Money,In-Store,2023-06-01,
TXN_9193168,CUST_416,Beverages,Juice,4.0,7,28.0,Credit Card,In-Store,2022-05-30,
TXN_5435638,CUST_034,Food,Cooking Oil,8.0,2,16.0,Cash,Online,2022-08-10,True
TXN_1668975,CUST_397,Stationery,Stapler,6.0,8,48.0,Mobile Money,In-Store,2023-12-06,False
TXN_9426257,CUST_455,Food,Cooking Oil,8.0,8,64.0,Cash,Online,2024-02-14,False
TXN_3650503,CUST_125,Food,Rice,5.5,6,33.0,Digital Wallet,In-Store,2024-06-13,False
TXN_9744047,CUST_251,Furniture,Desk,120.0,4,480.0,Mobile Money,Online,2024-10-15,False
TXN_2526754,CUST_161,Food,Cereal,6.0,2,12.0,Cash,Online,2024-01-11,
TXN_6394495,CUST_332,Stationery,Pen,1.5,4,6.0,Digital Wallet,Online,2023-09-11,False
TXN_8060023,CUST_255,Butchers,Lamb,16.0,4,64.0,Mobile Money,In-Store,2023-07-14,
TXN_5172975,CUST_195,Patisserie,Doughnut,3.5,7,24.5,Credit Card,Online,2023-09-11,True
TXN_2512185,CUST_343,Beverages,Coffee,2.5,4,10.0,Credit Card,In-Store,2024-07-17,False
TXN_4253908,CUST_105,Beverages,Water,1.5,3,4.5,Digital Wallet,Online,2022-03-06,
TXN_5584946,CUST_129,Electronics,Headphones,22.0,2,44.0,Mobile Money,In-Store,2023-08-28,False
TXN_5097304,CUST_466,Furniture,Desk,120.0,8,960.0,Digital Wallet,Online,2023-06-06,False
TXN_2897501,CUST_188,Electronics,Mouse,18.0,5,90.0,Mobile Money,Online,2022-07-14,
TXN_3680376,CUST_097,Beverages,Soda,2.0,9,18.0,Digital Wallet,In-Store,2024-11-01,False
TXN_3086213,CUST_302,Patisserie,Doughnut,3.5,7,24.5,Credit Card,Online,2024-06-09,False
TXN_7763320,CUST_222,Stationery,Stapler,6.0,10,60.0,Mobile Money,Online,2024-12-15,False
TXN_2059622,CUST_232,Furniture,Shelf,55.0,1,55.0,Digital Wallet,Online,2022-04-08,False
TXN_2831837,CUST_125,Furniture,Chair,35.0,7,245.0,Digital Wallet,Online,2022-09-17,False
TXN_6370807,CUST_470,Beverages,Juice,4.0,6,24.0,Cash,Online,2023-09-13,
TXN_4370116,CUST_139,Food,Pasta,4.5,10,45.0,Cash,In-Store,2024-04-26,False
TXN_6165679,CUST_255,Furniture,Chair,35.0,1,35.0,Digital Wallet,In-Store,2024-05-02,False
TXN_2650375,CUST_031,Butchers,Chicken,9.0,10,90.0,Digital Wallet,In-Store,2024-04-18,False
TXN_6619236,CUST_487,Butchers,Beef,14.0,3,42.0,Digital Wallet,Online,2022-06-14,True
TXN_5718839,CUST_283,Patisserie,Pie,12.0,1,12.0,Digital Wallet,Online,2022-02-01,True
TXN_7522600,CUST_376,Butchers,Lamb,16.0,8,128.0,Mobile Money,Online,2022-03-24,True
TXN_9890162,CUST_306,Furniture,Chair,35.0,8,280.0,Digital Wallet,Online,2023-04-08,
TXN_6992337,CUST_311,Butchers,Lamb,16.0,10,160.0,Digital Wallet,Online,2022-08-04,
TXN_7881667,CUST_300,Electronics,Mouse,18.0,3,54.0,Credit Card,In-Store,2024-10-28,False
TXN_7557642,CUST_111,Stationery,Pen,1.5,4,6.0,Credit Card,In-Store,2023-03-23,True
TXN_3496081,CUST_371,Butchers,Lamb,16.0,3,48.0,Unknown,In-Store,2023-03-26,True
TXN_9030976,CUST_075,Food,Pasta,4.5,10,45.0,Mobile Money,Unknown,2022-05-22,
TXN_3008463,CUST_485,Stationery,Stapler,6.0,2,12.0,Credit Card,In-Store,2022-11-24,False
TXN_2900332,CUST_049,Stationery,Pen,1.5,2,3.0,Cash,Online,2022-11-16,False
TXN_7691632,CUST_200,Electronics,Headphones,22.0,6,132.0,Mobile Money,In-Store,2022-05-16,False
TXN_5206696,CUST_209,Stationery,Marker,2.5,6,15.0,Credit Card,Online,2023-04-19,False
TXN_5833439,CUST_076,Food,Rice,5.5,7,38.5,Digital Wallet,Online,2023-10-01,False
TXN_8054118,CUST_302,Beverages,Tea,3.5,2,7.0,Mobile Money,In-Store,2023-05-23,False
TXN_3662752,CUST_160,Butchers,Sausage,7.5,5,37.5,Mobile Money,In-Store,2022-05-25,False
TXN_4329903,CUST_101,Patisserie,Muffin,4.5,10,45.0,Digital Wallet,Online,2024-06-17,False
TXN_6371271,CUST_320,Electronics,Headphones,22.0,1,22.0,Mobile Money,In-Store,2022-02-01,True
TXN_4322678,CUST_338,Furniture,Cabinet,95.0,9,855.0,Digital Wallet,Online,2024-07-28,
TXN_5876709,CUST_411,Stationery,Notebook,4.0,2,8.0,Credit Card,In-Store,2024-01-06,False
TXN_8545189,CUST_016,Butchers,Chicken,9.0,3,27.0,Credit Card,Online,2023-01-10,
TXN_5009507,CUST_271,Butchers,Chicken,9.0,2,18.0,Cash,In-Store,2023-04-08,False
TXN_7702688,CUST_500,Food,Cooking Oil,8.0,9,72.0,Credit Card,Online,2022-04-25,False
TXN_4094235,CUST_075,Electronics,Keyboard,35.0,4,140.0,Mobile Money,In-Store,2023-10-08,
TXN_1819901,CUST_277,Patisserie,Doughnut,3.5,3,10.5,Unknown,Online,2023-11-24,False
TXN_9458793,CUST_285,Food,Bread,3.0,3,9.0,Credit Card,Unknown,2022-04-19,False
TXN_9002974,CUST_258,Patisserie,Doughnut,3.5,9,31.5,Mobile Money,Online,2024-10-08,False
TXN_1802735,CUST_167,Patisserie,Unknown,3.5,3,10.5,Mobile Money,In-Store,2022-05-10,False
TXN_5622410,CUST_106,Furniture,Desk,120.0,9,1080.0,Mobile Money,In-Store,2022-03-15,False
TXN_3553188,CUST_313,Food,Cereal,6.0,2,12.0,Cash,Online,2024-09-09,
TXN_2744308,CUST_473,Electronics,USB Cable,8.0,10,80.0,Credit Card,In-Store,2024-01-24,
TXN_1791893,CUST_384,Patisserie,Muffin,4.5,7,31.5,Credit Card,In-Store,2024-10-17,True
TXN_1766032,CUST_103,Furniture,Desk,120.0,6,720.0,Digital Wallet,In-Store,2023-08-15,False
TXN_2057809,CUST_064,Food,Rice,5.5,9,49.5,Unknown,Online,2022-03-20,True
TXN_9725696,CUST_055,Food,Rice,5.5,4,22.0,Mobile Money,In-Store,2024-08-31,
TXN_5511681,CUST_044,Electronics,USB Cable,8.0,10,80.0,Mobile Money,In-Store,2022-10-12,
TXN_3248753,CUST_207,Electronics,USB Cable,8.0,2,16.0,Mobile Money,Online,2024-06-01,False
TXN_1196562,CUST_242,Butchers,Lamb,16.0,4,64.0,Mobile Money,In-Store,2024-11-06,True
TXN_8801081,CUST_084,Stationery,Folder,3.0,2,6.0,Digital Wallet,Online,2024-06-28,False
TXN_6991063,CUST_114,Beverages,Water,1.5,6,9.0,Mobile Money,Online,2024-12-14,True
TXN_2152417,CUST_474,Food,Bread,3.0,2,6.0,Digital Wallet,In-Store,2022-12-16,False
TXN_7621586,CUST_485,Beverages,Coffee,2.5,10,25.0,Credit Card,In-Store,2022-08-21,False
TXN_4470966,CUST_437,Butchers,Chicken,9.0,9,81.0,Cash,Online,2023-11-22,
TXN_8778512,CUST_493,Patisserie,Doughnut,3.5,7,24.5,Credit Card,In-Store,2024-11-02,False
TXN_2548303,CUST_277,Furniture,Shelf,55.0,3,165.0,Cash,In-Store,2023-07-20,False
TXN_7622907,CUST_026,Butchers,Lamb,16.0,4,64.0,Digital Wallet,In-Store,2022-04-13,False
TXN_7622766,CUST_246,Beverages,Tea,3.5,7,24.5,Digital Wallet,In-Store,2022-04-28,False
TXN_7789408,CUST_141,Furniture,Cabinet,95.0,2,190.0,Mobile Money,Online,2023-01-26,False
TXN_2682118,CUST_010,Patisserie,Croissant,5.0,6,30.0,Cash,Online,2022-01-24,
TXN_7638318,CUST_456,Patisserie,Doughnut,3.5,4,14.0,Credit Card,In-Store,2023-09-23,False
TXN_9168984,CUST_261,Food,Bread,3.0,8,24.0,Digital Wallet,In-Store,2024-09-10,False
TXN_5022640,CUST_027,Electronics,USB Cable,8.0,3,24.0,Mobile Money,Online,2024-01-01,False
TXN_9583045,CUST_258,Stationery,Stapler,6.0,5,30.0,Digital Wallet,In-Store,2023-06-10,
TXN_6818824,CUST_183,Food,Pasta,4.5,4,18.0,Credit Card,In-Store,2024-04-28,False
TXN_8819927,CUST_131,Electronics,Keyboard,35.0,4,140.0,Credit Card,In-Store,2022-10-08,
TXN_9210723,CUST_335,Butchers,Beef,14.0,4,56.0,Digital Wallet,In-Store,2022-11-03,True
TXN_9213555,CUST_103,Electronics,Charger,25.0,2,50.0,Cash,Online,2023-12-14,False
TXN_9987606,CUST_089,Food,Rice,5.5,7,38.5,Cash,In-Store,2024-06-15,
TXN_6529554,CUST_229,Patisserie,Cake,18.0,1,18.0,Digital Wallet,In-Store,2023-01-02,
TXN_2009589,CUST_304,Butchers,Sausage,7.5,6,45.0,Mobile Money,Online,2024-10-26,True
TXN_4258759,CUST_008,Electronics,Headphones,22.0,5,110.0,Cash,In-Store,2023-08-21,True
TXN_3465596,CUST_130,Electronics,Headphones,22.0,9,198.0,Digital Wallet,Online,2024-04-27,
TXN_4457134,CUST_145,Patisserie,Cake,18.0,7,126.0,Cash,Online,2022-03-05,False
TXN_7442845,CUST_225,Stationery,Pen,1.5,4,6.0,Digital Wallet,Online,2023-01-10,
TXN_8327135,CUST_340,Electronics,Keyboard,35.0,7,245.0,Mobile Money,Online,2024-02-15,False
TXN_7032290,CUST_400,Furniture,Cabinet,95.0,6,570.0,Digital Wallet,In-Store,2024-05-28,False
TXN_7632142,CUST_048,Beverages,Coffee,2.5,2,5.0,Cash,Online,2022-09-07,False
TXN_1089643,CUST_372,Furniture,Chair,35.0,2,70.0,Credit Card,Online,2024-08-01,False
TXN_1665664,CUST_054,Electronics,Headphones,22.0,10,220.0,Mobile Money,Online,2023-04-11,False
TXN_4001441,CUST_383,Beverages,Coffee,2.5,3,7.5,Digital Wallet,In-Store,2022-11-05,False
TXN_1892966,CUST_176,Electronics,Headphones,22.0,8,176.0,Credit Card,Online,2022-01-20,True
TXN_6407214,CUST_436,Stationery,Folder,3.0,6,18.0,Digital Wallet,In-Store,2023-07-12,False
TXN_3195986,CUST_205,Beverages,Soda,2.0,6,12.0,Digital Wallet,Online,2024-11-22,
TXN_7005079,CUST_176,Electronics,Charger,25.0,10,250.0,Cash,In-Store,2022-01-11,
TXN_2945640,CUST_048,Beverages,Water,1.5,1,1.5,Credit Card,Online,2023-05-05,
TXN_9058597,CUST_303,Patisserie,Cake,18.0,4,72.0,Credit Card,Unknown,2024-06-21,False
TXN_9933863,CUST_106,Stationery,Stapler,6.0,7,42.0,Cash,In-Store,2024-10-01,
TXN_1822564,CUST_009,Food,Cooking Oil,8.0,7,56.0,Digital Wallet,In-Store,2022-04-03,False
TXN_1787899,CUST_245,Beverages,Coffee,2.5,4,10.0,Credit Card,Online,2023-12-14,
TXN_7386951,CUST_414,Stationery,Pen,1.5,2,3.0,Cash,Online,2024-02-07,True
TXN_6087692,CUST_181,Beverages,Tea,3.5,3,10.5,Mobile Money,Online,2024-12-27,False
TXN_9887324,CUST_462,Patisserie,Croissant,5.0,9,45.0,Mobile Money,In-Store,2024-02-18,False
TXN_6197387,CUST_259,Patisserie,Cake,18.0,1,18.0,Mobile Money,Online,2022-08-16,False
TXN_4501651,CUST_214,Electronics,Headphones,22.0,1,22.0,Credit Card,Online,2022-09-15,False
TXN_7365062,CUST_118,Furniture,Desk,120.0,8,960.0,Digital Wallet,Online,2022-02-11,
TXN_2371242,CUST_328,Furniture,Cabinet,95.0,10,950.0,Cash,In-Store,2024-03-31,False
TXN_4472108,CUST_306,Butchers,Sausage,7.5,10,75.0,Mobile Money,Online,2023-10-24,False
TXN_1792539,CUST_161,Stationery,Notebook,4.0,3,12.0,Credit Card,Unknown,2023-03-29,
TXN_8265584,CUST_234,Food,Pasta,4.5,4,18.0,Cash,In-Store,2023-05-17,False
TXN_7416679,CUST_135,Electronics,USB Cable,8.0,7,56.0,Credit Card,In-Store,2024-09-27,
TXN_5941461,CUST_330,Furniture,Chair,35.0,7,245.0,Digital Wallet,In-Store,2024-05-11,False
TXN_6874659,CUST_090,Stationery,Pen,1.5,9,13.5,Cash,Online,2024-07-17,
TXN_8587676,CUST_154,Electronics,Mouse,18.0,1,18.0,Credit Card,Online,2022-10-21,
TXN_2092643,CUST_034,Electronics,Keyboard,35.0,7,245.0,Mobile Money,Online,2022-01-16,True
TXN_9839008,CUST_099,Butchers,Chicken,9.0,4,36.0,Credit Card,In-Store,2023-05-10,
TXN_3675238,CUST_424,Butchers,Sausage,7.5,1,7.5,Mobile Money,In-Store,2024-09-04,False
TXN_1824255,CUST_333,Stationery,Pen,1.5,7,10.5,Cash,Online,2022-09-02,True
TXN_9293452,CUST_223,Food,Bread,3.0,3,9.0,Cash,Online,2022-11-23,True
TXN_4055962,CUST_253,Beverages,Juice,4.0,8,32.0,Cash,In-Store,2023-06-04,True
TXN_5707583,CUST_403,Furniture,Table,80.0,9,720.0,Mobile Money,Online,2022-03-06,
TXN_9181311,CUST_123,Patisserie,Croissant,5.0,1,5.0,Credit Card,In-Store,2022-01-20,
TXN_4956778,CUST_372,Food,Bread,3.0,3,9.0,Digital Wallet,Online,2022-03-19,False
TXN_7715114,CUST_319,Stationery,Notebook,4.0,5,20.0,Credit Card,Online,2024-08-30,False
TXN_1867838,CUST_089,Beverages,Juice,4.0,9,36.0,Digital Wallet,Online,2023-11-20,
TXN_9108789,CUST_081,Stationery,Pen,1.5,10,15.0,Digital Wallet,In-Store,2023-01-04,False
TXN_4570235,CUST_128,Furniture,Table,80.0,10,800.0,Cash,Online,2024-10-04,False
TXN_9543144,CUST_450,Stationery,Stapler,6.0,1,6.0,Cash,Online,2022-10-24,False
TXN_9465793,CUST_194,Patisserie,Croissant,5.0,1,5.0,Digital Wallet,In-Store,2022-10-14,False
TXN_3715548,CUST_340,Beverages,Coffee,2.5,2,5.0,Credit Card,Online,2022-01-29,False
TXN_2165872,CUST_428,Food,Bread,3.0,6,18.0,Digital Wallet,In-Store,2023-03-31,
TXN_4555090,CUST_322,Furniture,Table,80.0,9,720.0,Mobile Money,In-Store,2024-08-19,False
TXN_1678794,CUST_379,Patisserie,Doughnut,3.5,7,24.5,Credit Card,In-Store,2022-08-30,
TXN_6723300,CUST_031,Butchers,Beef,14.0,8,112.0,Mobile Money,In-Store,2024-05-26,False
TXN_3661234,CUST_054,Furniture,Chair,35.0,2,70.0,Digital Wallet,In-Store,2023-02-28,False
TXN_9731150,CUST_022,Patisserie,Pie,12.0,10,120.0,Cash,In-Store,2024-02-02,False
TXN_2587701,CUST_377,Furniture,Desk,120.0,8,960.0,Mobile Money,Online,2023-09-24,False
TXN_2978596,CUST_217,Patisserie,Cake,18.0,5,90.0,Unknown,Online,2023-07-15,False
TXN_7049655,CUST_218,Butchers,Chicken,9.0,10,90.0,Digital Wallet,In-Store,2024-02-25,False
TXN_1402980,CUST_001,Beverages,Soda,2.0,9,18.0,Digital Wallet,In-Store,2022-05-21,
TXN_5387703,CUST_389,Stationery,Pen,1.5,10,15.0,Digital Wallet,In-Store,2023-04-07,False
TXN_5182585,CUST_215,Beverages,Water,1.5,2,3.0,Mobile Money,Online,2022-10-30,
TXN_3145966,CUST_262,Electronics,Charger,25.0,4,100.0,Digital Wallet,Online,2022-06-04,
TXN_9325857,CUST_434,Stationery,Notebook,4.0,4,16.0,Mobile Money,In-Store,2023-01-31,True
TXN_5109404,CUST_350,Electronics,Headphones,22.0,8,176.0,Mobile Money,Online,2023-10-12,False
TXN_9001482,CUST_374,Food,Cooking Oil,8.0,3,24.0,Mobile Money,Online,2024-06-18,False
TXN_2546033,CUST_411,Electronics,Headphones,22.0,5,110.0,Credit Card,In-Store,2024-05-07,True
TXN_1042351,CUST_076,Stationery,Folder,3.0,9,27.0,Cash,Online,2023-05-11,True
TXN_5034348,CUST_173,Electronics,Headphones,22.0,7,154.0,Cash,In-Store,2022-01-19,False
TXN_3844397,CUST_200,Food,Cereal,6.0,4,24.0,Digital Wallet,Online,2024-07-19,False
TXN_6968597,CUST_239,Furniture,Desk,120.0,9,1080.0,Digital Wallet,In-Store,2023-03-06,False
TXN_1257061,CUST_463,Electronics,Headphones,22.0,7,154.0,Digital Wallet,Online,2022-04-14,False
TXN_6728790,CUST_106,Beverages,Tea,3.5,3,10.5,Cash,Online,2022-08-15,
TXN_3374151,CUST_330,Butchers,Chicken,9.0,5,45.0,Credit Card,In-Store,2022-05-27,False
TXN_4810004,CUST_376,Food,Cooking Oil,8.0,7,56.0,Credit Card,Online,2022-10-30,False
TXN_8329160,CUST_208,Furniture,Cabinet,95.0,6,570.0,Mobile Money,Online,2022-09-20,False
TXN_7516616,CUST_026,Electronics,Charger,25.0,6,150.0,Cash,In-Store,2022-01-10,True
TXN_5786681,CUST_370,Electronics,Keyboard,35.0,5,175.0,Mobile Money,In-Store,2023-04-28,
TXN_8109474,CUST_336,Stationery,Folder,3.0,10,30.0,Mobile Money,In-Store,2022-10-23,False
TXN_9998934,CUST_054,Beverages,Tea,3.5,1,3.5,Credit Card,Online,2024-08-22,False
TXN_3307396,CUST_336,Beverages,Tea,3.5,1,3.5,Digital Wallet,Online,2023-05-09,True
TXN_4837071,CUST_350,Beverages,Coffee,2.5,1,2.5,Unknown,Online,2022-10-29,
TXN_1549239,CUST_158,Stationery,Notebook,4.0,3,12.0,Credit Card,Online,2022-05-26,False
TXN_6587509,CUST_484,Stationery,Pen,1.5,8,12.0,Cash,In-Store,2024-06-19,False
TXN_3879826,CUST_057,Electronics,Keyboard,35.0,10,350.0,Mobile Money,In-Store,2024-01-16,True
TXN_1123569,CUST_344,Stationery,Marker,2.5,6,15.0,Digital Wallet,In-Store,2023-12-13,False
TXN_6978318,CUST_213,Stationery,Folder,3.0,9,27.0,Digital Wallet,In-Store,2022-05-13,
TXN_1613595,CUST_225,Stationery,Marker,2.5,5,12.5,Cash,In-Store,2024-05-03,False
TXN_3548333,CUST_130,Butchers,Beef,14.0,2,28.0,Digital Wallet,In-Store,2023-09-20,True
TXN_2790666,CUST_118,Furniture,Table,80.0,4,320.0,Cash,In-Store,2023-03-27,
TXN_7464062,CUST_029,Butchers,Sausage,7.5,6,45.0,Digital Wallet,In-Store,2022-10-12,False
TXN_1991072,CUST_452,Butchers,Sausage,7.5,10,75.0,Credit Card,Unknown,2023-05-02,False
TXN_7986595,CUST_400,Patisserie,Doughnut,3.5,5,17.5,Mobile Money,In-Store,2024-04-01,False
TXN_8999317,CUST_272,Furniture,Cabinet,95.0,4,380.0,Credit Card,In-Store,2023-08-16,
TXN_4467549,CUST_240,Butchers,Sausage,7.5,2,15.0,Digital Wallet,Online,2022-08-08,
TXN_6756635,CUST_099,Patisserie,Doughnut,3.5,5,17.5,Mobile Money,In-Store,2022-07-18,False
TXN_3795323,CUST_061,Furniture,Cabinet,95.0,5,475.0,Digital Wallet,Online,2023-08-02,False
TXN_4611076,CUST_304,Food,Cooking Oil,8.0,2,16.0,Cash,Online,2024-07-19,
TXN_4226314,CUST_459,Butchers,Pork,12.0,2,24.0,Digital Wallet,Online,2022-07-10,False
TXN_6437131,CUST_011,Beverages,Juice,4.0,8,32.0,Credit Card,Online,2024-07-31,False
TXN_1172507,CUST_266,Beverages,Tea,3.5,10,35.0,Cash,In-Store,2023-03-14,False
TXN_4534150,CUST_363,Butchers,Lamb,16.0,1,16.0,Credit Card,In-Store,2022-12-21,False
TXN_7966333,CUST_268,Food,Rice,5.5,1,5.5,Credit Card,Online,2022-02-18,True
TXN_8782937,CUST_355,Butchers,Chicken,9.0,7,63.0,Credit Card,In-Store,2023-02-12,
TXN_6044829,CUST_149,Butchers,Pork,12.0,5,60.0,Mobile Money,In-Store,2024-04-28,False
TXN_9234791,CUST_182,Electronics,Keyboard,35.0,9,315.0,Digital Wallet,In-Store,2024-09-16,False
TXN_9482626,CUST_042,Furniture,Cabinet,95.0,2,190.0,Credit Card,Unknown,2023-04-04,
TXN_8859371,CUST_485,Electronics,Headphones,22.0,2,44.0,Mobile Money,Online,2022-11-30,
TXN_3421267,CUST_492,Furniture,Cabinet,95.0,2,190.0,Mobile Money,Online,2022-12-05,False
TXN_6089275,CUST_099,Beverages,Tea,3.5,6,21.0,Digital Wallet,Online,2024-01-29,True
TXN_2156220,CUST_038,Butchers,Chicken,9.0,10,90.0,Cash,Online,2022-04-16,False
TXN_3741894,CUST_029,Beverages,Coffee,2.5,10,25.0,Mobile Money,In-Store,2022-09-26,False
TXN_9640145,CUST_477,Patisserie,Pie,12.0,4,48.0,Mobile Money,In-Store,2023-01-25,True
TXN_9689434,CUST_040,Patisserie,Muffin,4.5,1,4.5,Credit Card,In-Store,2022-06-22,False
TXN_4104632,CUST_335,Food,Cooking Oil,8.0,6,48.0,Digital Wallet,Online,2023-05-15,False
TXN_9292005,CUST_305,Butchers,Pork,12.0,6,72.0,Digital Wallet,In-Store,2022-08-21,
TXN_2579889,CUST_146,Patisserie,Doughnut,3.5,10,35.0,Mobile Money,In-Store,2022-05-15,False
TXN_1270001,CUST_357,Stationery,Pen,1.5,6,9.0,Credit Card,Online,2023-05-30,True
TXN_5036454,CUST_056,Stationery,Pen,1.5,6,9.0,Digital Wallet,Online,2023-09-09,False
TXN_3656163,CUST_075,Beverages,Tea,3.5,2,7.0,Cash,Online,2024-04-05,False
TXN_7042242,CUST_238,Beverages,Coffee,2.5,10,25.0,Mobile Money,In-Store,2022-05-18,False
TXN_8130030,CUST_500,Beverages,Soda,2.0,3,6.0,Credit Card,Online,2024-07-22,True
TXN_9761862,CUST_398,Patisserie,Muffin,4.5,10,45.0,Cash,In-Store,2023-07-17,False
TXN_7105183,CUST_262,Butchers,Chicken,9.0,6,54.0,Credit Card,Online,2024-08-24,False
TXN_2330349,CUST_331,Stationery,Folder,3.0,9,27.0,Mobile Money,In-Store,2023-09-12,
TXN_2469123,CUST_465,Electronics,Headphones,22.0,10,220.0,Credit Card,Online,2022-12-06,False
TXN_2730085,CUST_127,Electronics,Keyboard,35.0,2,70.0,Digital Wallet,Online,2022-11-15,False
TXN_8818594,CUST_017,Stationery,Stapler,6.0,1,6.0,Credit Card,In-Store,2022-11-13,False
TXN_1498559,CUST_026,Butchers,Beef,14.0,5,70.0,Mobile Money,Online,2024-11-01,True
TXN_4440868,CUST_267,Stationery,Notebook,4.0,10,40.0,Digital Wallet,Online,2024-09-11,
TXN_4560251,CUST_382,Food,Cooking Oil,8.0,2,16.0,Cash,Online,2022-11-18,False
TXN_2019925,CUST_327,Beverages,Tea,3.5,10,35.0,Mobile Money,Online,2024-09-07,False
TXN_1410743,CUST_493,Stationery,Marker,2.5,1,2.5,Credit Card,Online,2023-02-17,False
TXN_3786278,CUST_071,Stationery,Folder,3.0,3,9.0,Mobile Money,In-Store,2023-02-25,
TXN_9948106,CUST_472,Food,Cooking Oil,8.0,7,56.0,Mobile Money,Online,2024-07-07,True
TXN_3065512,CUST_337,Stationery,Notebook,4.0,9,36.0,Credit Card,In-Store,2023-08-01,False
TXN_2577101,CUST_492,Patisserie,Cake,18.0,9,162.0,Credit Card,In-Store,2023-07-23,False
TXN_1648478,CUST_046,Stationery,Marker,2.5,5,12.5,Mobile Money,In-Store,2024-11-03,
TXN_5726494,CUST_002,Electronics,Unknown,35.0,9,315.0,Credit Card,In-Store,2023-08-25,False
TXN_5197058,CUST_449,Beverages,Water,1.5,1,1.5,Digital Wallet,In-Store,2023-10-08,False
TXN_6109626,CUST_176,Furniture,Shelf,55.0,1,55.0,Mobile Money,Online,2024-11-15,True
TXN_8846540,CUST_314,Electronics,Keyboard,35.0,2,70.0,Credit Card,In-Store,2022-05-02,
TXN_1089359,CUST_017,Beverages,Soda,2.0,2,4.0,Mobile Money,Online,2023-03-28,True
TXN_6384533,CUST_440,Butchers,Lamb,16.0,7,112.0,Digital Wallet,Online,2023-07-11,False
TXN_9347535,CUST_386,Electronics,Mouse,18.0,1,18.0,Digital Wallet,In-Store,2024-04-27,
TXN_5739286,CUST_489,Patisserie,Muffin,4.5,10,45.0,Mobile Money,Online,2023-10-05,False
TXN_4273523,CUST_093,Beverages,Juice,4.0,10,40.0,Credit Card,Online,2023-06-17,False
TXN_3935763,CUST_053,Electronics,Charger,25.0,5,125.0,Credit Card,In-Store,2024-09-30,False
TXN_8951419,CUST_455,Patisserie,Muffin,4.5,9,40.5,Mobile Money,Online,2022-01-14,False
TXN_2801708,CUST_253,Furniture,Chair,35.0,5,175.0,Cash,Online,2024-11-07,False
TXN_5363032,CUST_162,Food,Bread,3.0,6,18.0,Mobile Money,Online,2024-04-15,False
TXN_8585321,CUST_255,Patisserie,Pie,12.0,4,48.0,Mobile Money,Online,2023-02-01,False
TXN_8729578,CUST_218,Patisserie,Pie,12.0,2,24.0,Mobile Money,In-Store,2022-03-12,False
TXN_3517850,CUST_466,Furniture,Shelf,55.0,2,110.0,Mobile Money,Online,2022-09-02,False
TXN_2186837,CUST_206,Stationery,Folder,3.0,4,12.0,Digital Wallet,Online,2023-03-16,
TXN_4923505,CUST_224,Electronics,Mouse,18.0,9,162.0,Mobile Money,Online,2022-06-30,True
TXN_2200439,CUST_224,Butchers,Chicken,9.0,10,90.0,Cash,In-Store,2023-06-09,False
TXN_1554236,CUST_108,Beverages,Tea,3.5,9,31.5,Cash,Online,2024-02-26,
TXN_5232486,CUST_198,Stationery,Folder,3.0,10,30.0,Digital Wallet,Online,2023-07-05,False
TXN_5041114,CUST_213,Patisserie,Pie,12.0,6,72.0,Mobile Money,Online,2023-07-12,False
TXN_3023306,CUST_323,Stationery,Notebook,4.0,5,20.0,Mobile Money,Online,2023-05-02,
TXN_1828849,CUST_009,Butchers,Lamb,16.0,3,48.0,Digital Wallet,Online,2024-05-13,
TXN_8868958,CUST_307,Butchers,Lamb,16.0,7,112.0,Cash,Online,2024-01-27,False
TXN_1057172,CUST_026,Beverages,Water,1.5,8,12.0,Digital Wallet,In-Store,2022-02-19,True
TXN_1352935,CUST_193,Food,Rice,5.5,4,22.0,Digital Wallet,In-Store,2022-04-24,
TXN_4574688,CUST_448,Patisserie,Cake,18.0,8,144.0,Mobile Money,In-Store,2023-03-28,False
TXN_1953959,CUST_104,Beverages,Tea,3.5,5,17.5,Digital Wallet,In-Store,2022-07-17,
TXN_7459312,CUST_357,Food,Cereal,6.0,3,18.0,Credit Card,Online,2024-01-18,True
TXN_5350851,CUST_130,Beverages,Soda,2.0,5,10.0,Digital Wallet,Online,2023-03-27,False
TXN_7168442,CUST_393,Food,Pasta,4.5,4,18.0,Credit Card,Online,2024-04-28,False
TXN_2611589,CUST_136,Electronics,USB Cable,8.0,1,8.0,Mobile Money,In-Store,2022-03-27,False
TXN_8297439,CUST_051,Patisserie,Cake,18.0,7,126.0,Mobile Money,Online,2024-12-22,True
TXN_3321630,CUST_372,Patisserie,Muffin,4.5,1,4.5,Mobile Money,Online,2022-12-20,True
TXN_9137203,CUST_317,Food,Rice,5.5,5,27.5,Credit Card,Online,2023-03-28,False
TXN_9744249,CUST_341,Patisserie,Muffin,4.5,8,36.0,Digital Wallet,In-Store,2022-09-21,False
TXN_9272686,CUST_406,Electronics,Charger,25.0,3,75.0,Digital Wallet,In-Store,2023-02-20,False
TXN_3534424,CUST_070,Stationery,Notebook,4.0,1,4.0,Mobile Money,Online,2022-08-07,False
TXN_6246880,CUST_445,Food,Pasta,4.5,1,4.5,Digital Wallet,Unknown,2024-12-02,False
TXN_8543547,CUST_417,Patisserie,Muffin,4.5,6,27.0,Digital Wallet,In-Store,2023-12-22,False
TXN_8703283,CUST_066,Beverages,Tea,3.5,4,14.0,Credit Card,Online,2023-07-26,False
TXN_3832249,CUST_220,Beverages,Tea,3.5,5,17.5,Cash,Online,2024-12-18,False
TXN_2169715,CUST_399,Food,Pasta,4.5,,4.5,Digital Wallet,In-Store,2024-04-13,
TXN_9239718,CUST_336,Beverages,Water,1.5,2,3.0,Digital Wallet,In-Store,2022-10-12,False
TXN_6921507,CUST_088,Furniture,Desk,120.0,8,960.0,Credit Card,Online,2023-03-10,False
TXN_2533808,CUST_154,Electronics,Mouse,18.0,7,126.0,Cash,Online,2024-03-01,False
TXN_6324331,CUST_143,Patisserie,Doughnut,3.5,7,24.5,Credit Card,Online,2024-02-18,False
TXN_8426732,CUST_230,Butchers,Unknown,14.0,5,70.0,Credit Card,In-Store,2022-08-31,False
TXN_7871629,CUST_111,Food,Rice,5.5,4,22.0,Credit Card,Online,2024-08-22,False
TXN_4122951,CUST_416,Patisserie,Croissant,5.0,9,45.0,Credit Card,Online,2024-05-22,False
TXN_8074964,CUST_127,Stationery,Stapler,6.0,5,30.0,Credit Card,In-Store,2024-11-27,
TXN_8568538,CUST_010,Electronics,Charger,25.0,7,175.0,Unknown,Online,2023-06-02,False
TXN_8679323,CUST_476,Electronics,Keyboard,35.0,9,315.0,Cash,Online,2023-08-07,True
TXN_6408520,CUST_287,Electronics,Keyboard,35.0,9,315.0,Digital Wallet,In-Store,2023-11-29,
TXN_6985189,CUST_428,Beverages,Tea,3.5,4,14.0,Cash,Online,2023-10-06,
TXN_2342643,CUST_058,Butchers,Beef,14.0,8,112.0,Mobile Money,In-Store,2023-04-05,False
TXN_6416842,CUST_177,Electronics,Keyboard,35.0,1,35.0,Credit Card,Online,2022-10-05,True
TXN_4693976,CUST_312,Patisserie,Cake,18.0,1,18.0,Cash,Online,2022-05-14,
TXN_9471212,CUST_245,Butchers,Sausage,7.5,5,37.5,Mobile Money,In-Store,2023-08-19,
TXN_3726727,CUST_130,Food,Cereal,6.0,5,30.0,Credit Card,In-Store,2024-12-01,
TXN_4326254,CUST_438,Patisserie,Doughnut,3.5,,14.0,Unknown,Online,2022-07-05,
TXN_2861663,CUST_287,Electronics,Headphones,22.0,10,220.0,Credit Card,In-Store,2023-09-09,False
TXN_3719025,CUST_191,Patisserie,Muffin,4.5,2,9.0,Cash,In-Store,2023-03-25,True
TXN_8020480,CUST_052,Furniture,Chair,35.0,1,35.0,Digital Wallet,Online,2023-12-19,False
TXN_9680508,CUST_311,Patisserie,Cake,18.0,8,144.0,Cash,Online,2022-08-13,False
TXN_8185180,CUST_048,Stationery,Stapler,6.0,6,36.0,Cash,Online,2023-04-12,False
TXN_9733878,CUST_410,Beverages,Soda,2.0,8,16.0,Credit Card,Online,2024-01-22,False
TXN_4905566,CUST_330,Stationery,Folder,3.0,4,12.0,Cash,Unknown,2022-09-23,False
TXN_9740245,CUST_117,Furniture,Desk,120.0,9,1080.0,Digital Wallet,Online,2022-04-25,False
TXN_9536341,CUST_324,Furniture,Table,80.0,1,80.0,Digital Wallet,Online,2022-06-16,False
TXN_8652542,CUST_176,Patisserie,Croissant,5.0,3,15.0,Credit Card,Online,2023-06-01,
TXN_7369647,CUST_486,Electronics,Unknown,22.0,3,66.0,Digital Wallet,In-Store,2022-06-17,False
TXN_4158546,CUST_013,Stationery,Marker,2.5,4,10.0,Cash,Online,2024-11-19,False
TXN_9596108,CUST_023,Patisserie,Unknown,3.5,9,31.5,Digital Wallet,Online,2022-08-17,True
TXN_9173832,CUST_183,Butchers,Pork,12.0,9,108.0,Mobile Money,In-Store,2024-06-26,False
TXN_7507104,CUST_219,Butchers,Lamb,16.0,1,16.0,Cash,In-Store,2023-08-06,False
TXN_4197526,CUST_267,Stationery,Folder,3.0,6,18.0,Digital Wallet,Online,2024-10-19,False
TXN_1034421,CUST_079,Furniture,Table,80.0,3,240.0,Cash,In-Store,2022-09-01,False
TXN_1124283,CUST_229,Stationery,Folder,3.0,5,15.0,Mobile Money,Online,2023-07-24,True
TXN_6026533,CUST_395,Beverages,Soda,2.0,1,2.0,Mobile Money,In-Store,2024-11-21,False
TXN_7062165,CUST_188,Patisserie,Doughnut,3.5,4,14.0,Cash,Online,2022-03-21,False
TXN_5139289,CUST_371,Furniture,Cabinet,95.0,3,285.0,Digital Wallet,In-Store,2023-12-01,False
TXN_9429172,CUST_124,Butchers,Beef,14.0,1,14.0,Mobile Money,In-Store,2024-07-12,
TXN_1011009,CUST_089,Food,Bread,3.0,3,9.0,Cash,Online,2024-03-04,
TXN_3030886,CUST_296,Stationery,Folder,3.0,5,15.0,Digital Wallet,Online,2022-02-02,False
TXN_4149537,CUST_299,Furniture,Shelf,55.0,1,55.0,Mobile Money,Online,2024-08-16,False
TXN_4875416,CUST_381,Butchers,Lamb,16.0,5,80.0,Credit Card,Online,2022-04-26,False
TXN_3554131,CUST_371,Stationery,Notebook,4.0,2,8.0,Credit Card,In-Store,2024-11-28,True
TXN_3727029,CUST_005,Butchers,Beef,14.0,2,28.0,Digital Wallet,In-Store,2022-12-11,False
TXN_3627926,CUST_447,Butchers,Lamb,16.0,10,160.0,Credit Card,Online,2024-05-04,True
TXN_4603270,CUST_419,Food,Cereal,6.0,5,30.0,Credit Card,Online,2022-01-20,False
TXN_3227199,CUST_482,Furniture,Chair,35.0,3,105.0,Digital Wallet,Online,2023-06-08,True
TXN_7653623,CUST_137,Patisserie,Doughnut,3.5,10,35.0,Digital Wallet,Online,2024-09-01,False
TXN_8896403,CUST_125,Beverages,Tea,3.5,5,17.5,Digital Wallet,Online,2024-07-05,True
TXN_4621420,CUST_136,Patisserie,Muffin,4.5,5,22.5,Digital Wallet,Online,2022-01-09,False
TXN_3030888,CUST_081,Food,Bread,3.0,1,3.0,Digital Wallet,Online,2022-02-23,True
TXN_7766886,CUST_369,Furniture,Table,80.0,1,80.0,Mobile Money,Online,2024-05-14,
TXN_7801693,CUST_386,Stationery,Folder,3.0,10,30.0,Digital Wallet,In-Store,2023-09-12,
TXN_8707825,CUST_012,Furniture,Chair,35.0,6,210.0,Digital Wallet,In-Store,2024-01-11,False
TXN_7103586,CUST_415,Patisserie,Croissant,5.0,1,5.0,Mobile Money,Online,2023-02-02,False
TXN_3572034,CUST_425,Electronics,USB Cable,8.0,2,16.0,Credit Card,Online,2022-12-23,True
TXN_6680935,CUST_019,Electronics,Keyboard,35.0,10,350.0,Digital Wallet,In-Store,2024-08-20,False
TXN_8294641,CUST_067,Food,Cereal,6.0,7,42.0,Cash,In-Store,2022-03-18,False
TXN_1378803,CUST_343,Butchers,Beef,14.0,3,42.0,Cash,In-Store,2024-06-10,True
TXN_9351175,CUST_209,Stationery,Stapler,6.0,8,48.0,Credit Card,In-Store,2022-02-27,False
TXN_1058827,CUST_110,Furniture,Shelf,55.0,5,275.0,Digital Wallet,In-Store,2024-03-20,
TXN_1183062,CUST_127,Butchers,Chicken,9.0,5,45.0,Cash,Online,2024-10-09,True
TXN_6592474,CUST_083,Beverages,Soda,2.0,6,12.0,Credit Card,In-Store,2022-01-26,True
TXN_3980822,CUST_210,Beverages,Tea,3.5,4,14.0,Mobile Money,Online,2022-06-29,False
TXN_9077813,CUST_085,Food,Rice,5.5,4,22.0,Cash,In-Store,2024-04-17,
TXN_3266598,CUST_111,Furniture,Table,80.0,1,80.0,Cash,In-Store,2024-03-05,False
TXN_8215409,CUST_122,Butchers,Pork,12.0,5,60.0,Mobile Money,In-Store,2024-07-27,False
TXN_5638023,CUST_021,Food,Pasta,4.5,7,31.5,Cash,In-Store,2023-05-28,False
TXN_3352080,CUST_237,Butchers,Sausage,7.5,2,15.0,Mobile Money,Online,2023-08-21,False
TXN_6936337,CUST_036,Food,Cereal,6.0,3,18.0,Credit Card,Online,2022-01-21,True
TXN_1248595,CUST_106,Electronics,Charger,25.0,5,125.0,Credit Card,Online,2022-11-03,
TXN_8971391,CUST_325,Food,Cooking Oil,8.0,9,72.0,Mobile Money,In-Store,2022-11-14,False
TXN_5217047,CUST_420,Furniture,Shelf,55.0,6,330.0,Cash,In-Store,2024-08-23,True
TXN_1891703,CUST_085,Furniture,Shelf,55.0,2,110.0,Mobile Money,In-Store,2024-01-15,True
TXN_5249813,CUST_017,Electronics,Mouse,18.0,6,108.0,Mobile Money,In-Store,2022-01-03,True
TXN_6433577,CUST_416,Electronics,Mouse,18.0,3,54.0,Digital Wallet,In-Store,2022-01-28,False
TXN_4914080,CUST_248,Food,Rice,5.5,8,44.0,Credit Card,Online,2024-07-12,
TXN_7318363,CUST_486,Electronics,Charger,25.0,3,75.0,Mobile Money,In-Store,2023-09-25,True
TXN_7341154,CUST_046,Furniture,Chair,35.0,2,70.0,Cash,In-Store,2022-09-23,False
TXN_3600142,CUST_062,Furniture,Cabinet,95.0,10,950.0,Digital Wallet,Online,2023-07-05,False
TXN_4254730,CUST_221,Stationery,Pen,1.5,8,12.0,Credit Card,In-Store,2024-10-14,False
TXN_5623527,CUST_119,Electronics,Headphones,22.0,2,44.0,Digital Wallet,In-Store,2024-01-27,
TXN_9880449,CUST_459,Electronics,Mouse,18.0,1,18.0,Cash,Online,2022-12-27,False
TXN_4019332,CUST_458,Patisserie,Croissant,5.0,10,50.0,Credit Card,In-Store,2024-06-17,False
TXN_2863032,CUST_231,Furniture,Desk,120.0,10,1200.0,Cash,In-Store,2022-08-13,False
TXN_6131547,CUST_377,Electronics,USB Cable,8.0,10,80.0,Credit Card,Online,2022-09-05,False
TXN_5006696,CUST_319,Patisserie,Croissant,5.0,10,50.0,Credit Card,Online,2022-03-20,False
TXN_6917884,CUST_476,Butchers,Sausage,7.5,10,75.0,Digital Wallet,Online,2024-08-16,False
TXN_4041658,CUST_324,Furniture,Desk,120.0,6,720.0,Cash,Online,2022-03-05,False
TXN_6819106,CUST_045,Furniture,Cabinet,95.0,2,190.0,Cash,Online,2024-02-24,
TXN_7105525,CUST_264,Stationery,Stapler,6.0,3,18.0,Digital Wallet,In-Store,2022-08-14,False
TXN_2712705,CUST_068,Beverages,Juice,4.0,7,28.0,Mobile Money,Online,2022-01-01,False
TXN_3995050,CUST_362,Butchers,Unknown,14.0,3,42.0,Cash,Online,2023-09-17,False
TXN_1617854,CUST_299,Food,Unknown,4.5,4,18.0,Cash,In-Store,2023-09-03,False
TXN_3036966,CUST_247,Beverages,Tea,3.5,10,35.0,Mobile Money,In-Store,2022-07-05,False
TXN_5079399,CUST_089,Butchers,Pork,12.0,2,24.0,Digital Wallet,Online,2022-08-26,False
TXN_2753300,CUST_318,Butchers,Sausage,7.5,4,30.0,Credit Card,Online,2024-10-02,False
TXN_9828452,CUST_053,Electronics,Charger,25.0,4,100.0,Credit Card,In-Store,2023-05-07,False
TXN_5109803,CUST_194,Butchers,Pork,12.0,6,72.0,Unknown,Online,2022-12-13,False
TXN_2028512,CUST_126,Beverages,Water,1.5,8,12.0,Cash,In-Store,2022-10-24,False
TXN_2791599,CUST_135,Stationery,Folder,3.0,7,21.0,Digital Wallet,In-Store,2024-02-24,
TXN_9961286,CUST_426,Stationery,Pen,1.5,7,10.5,Credit Card,Online,2023-06-02,
TXN_6273346,CUST_440,Food,Pasta,4.5,7,31.5,Mobile Money,Online,2024-10-14,False
TXN_4625153,CUST_018,Food,Rice,5.5,4,22.0,Cash,In-Store,2023-10-01,
TXN_5406553,CUST_035,Patisserie,Muffin,4.5,3,13.5,Mobile Money,Online,2022-02-26,False
TXN_5154238,CUST_032,Stationery,Stapler,6.0,7,42.0,Cash,In-Store,2023-02-18,True
TXN_8295313,CUST_351,Electronics,Charger,25.0,7,175.0,Credit Card,Online,2024-07-01,
TXN_9445288,CUST_241,Furniture,Shelf,55.0,1,55.0,Credit Card,Online,2024-04-29,True
TXN_9461714,CUST_496,Furniture,Cabinet,95.0,10,950.0,Credit Card,In-Store,2023-04-03,
TXN_2410124,CUST_161,Food,Cereal,6.0,1,6.0,Cash,In-Store,2024-02-21,False
TXN_1819746,CUST_339,Furniture,Desk,120.0,9,1080.0,Digital Wallet,Online,2024-09-20,False
TXN_2802572,CUST_220,Patisserie,Doughnut,3.5,6,21.0,Credit Card,Online,2023-05-27,False
TXN_7617643,CUST_454,Furniture,Shelf,55.0,9,495.0,Credit Card,Unknown,2022-04-04,False
TXN_8068132,CUST_122,Electronics,Charger,25.0,10,250.0,Cash,In-Store,2022-06-19,False
TXN_8865105,CUST_228,Patisserie,Pie,12.0,7,84.0,Mobile Money,Online,2024-04-07,False
TXN_6888203,CUST_112,Stationery,Folder,3.0,7,21.0,Cash,In-Store,2024-08-07,
TXN_1130878,CUST_328,Food,Cereal,6.0,5,30.0,Digital Wallet,Online,2022-06-06,False
TXN_2226642,CUST_435,Butchers,Lamb,16.0,10,160.0,Digital Wallet,Online,2023-12-27,False
TXN_3681722,CUST_186,Furniture,Table,80.0,8,640.0,Credit Card,In-Store,2024-06-16,True
TXN_9280083,CUST_475,Furniture,Desk,120.0,6,720.0,Cash,Unknown,2022-05-28,False
TXN_9121849,CUST_342,Patisserie,Unknown,4.5,4,18.0,Mobile Money,Online,2023-08-16,
TXN_1368893,CUST_188,Food,Cereal,6.0,7,42.0,Cash,Online,2024-02-22,
TXN_2256715,CUST_386,Food,Cereal,6.0,4,24.0,Digital Wallet,Online,2023-01-22,False
TXN_7468703,CUST_126,Food,Bread,3.0,2,6.0,Credit Card,Online,2023-05-03,
TXN_1171277,CUST_447,Electronics,Headphones,22.0,4,88.0,Mobile Money,In-Store,2023-02-19,True
TXN_7877035,CUST_425,Stationery,Notebook,4.0,5,20.0,Digital Wallet,In-Store,2024-01-01,False
TXN_5406455,CUST_364,Furniture,Table,80.0,7,560.0,Cash,Online,2022-04-23,
TXN_1097807,CUST_198,Food,Cereal,6.0,10,60.0,Cash,Online,2023-06-19,
TXN_6692831,CUST_455,Furniture,Cabinet,95.0,10,950.0,Credit Card,Online,2024-11-10,True
TXN_1137733,CUST_198,Beverages,Juice,4.0,7,28.0,Mobile Money,Online,2024-11-07,
TXN_8967802,CUST_497,Beverages,Juice,4.0,6,24.0,Mobile Money,Unknown,2024-03-11,False
TXN_5714331,CUST_352,Furniture,Chair,35.0,2,70.0,Credit Card,In-Store,2023-06-12,
TXN_9359341,CUST_219,Food,Bread,3.0,10,30.0,Digital Wallet,Online,2024-07-04,
TXN_6532388,CUST_397,Patisserie,Cake,18.0,2,36.0,Mobile Money,In-Store,2024-06-16,False
TXN_7388626,CUST_463,Patisserie,Doughnut,3.5,7,24.5,Cash,Online,2023-12-17,
TXN_5509408,CUST_127,Stationery,Notebook,4.0,9,36.0,Cash,In-Store,2023-06-14,False
TXN_6413865,CUST_007,Electronics,Headphones,22.0,2,44.0,Digital Wallet,Online,2022-08-29,False
TXN_3057244,CUST_131,Butchers,Lamb,16.0,9,144.0,Credit Card,In-Store,2022-09-10,True
TXN_3856804,CUST_342,Electronics,Headphones,22.0,10,220.0,Cash,Online,2024-04-11,False
TXN_4915160,CUST_031,Beverages,Tea,3.5,4,14.0,Cash,In-Store,2023-01-06,True
TXN_2980285,CUST_229,Food,Bread,3.0,6,18.0,Mobile Money,Online,2022-05-30,False
TXN_7294237,CUST_435,Furniture,Table,80.0,10,800.0,Credit Card,In-Store,2024-09-28,True
TXN_4159740,CUST_495,Beverages,Juice,4.0,7,28.0,Digital Wallet,In-Store,2022-04-17,False
TXN_7099628,CUST_020,Food,Bread,3.0,4,12.0,Cash,Online,2023-05-27,False
TXN_8265872,CUST_356,Stationery,Marker,2.5,4,10.0,Digital Wallet,In-Store,2022-12-29,
TXN_1612277,CUST_426,Stationery,Folder,3.0,10,30.0,Cash,Online,2023-06-27,True
TXN_3326133,CUST_493,Food,Pasta,4.5,1,4.5,Credit Card,In-Store,2023-07-17,
TXN_6110743,CUST_211,Furniture,Table,80.0,8,640.0,Cash,Online,2023-01-14,False
TXN_3889190,CUST_373,Electronics,Keyboard,35.0,4,140.0,Mobile Money,Online,2022-10-01,False
TXN_7664677,CUST_296,Electronics,Keyboard,35.0,1,35.0,Cash,In-Store,2022-11-26,False
TXN_3521969,CUST_442,Furniture,Desk,120.0,1,120.0,Credit Card,Online,2024-05-27,False
TXN_3817422,CUST_446,Food,Cereal,6.0,9,54.0,Cash,Online,2023-08-07,
TXN_3239776,CUST_379,Patisserie,Doughnut,3.5,10,35.0,Mobile Money,Online,2022-11-25,
TXN_4748688,CUST_357,Furniture,Chair,35.0,2,70.0,Credit Card,Online,2023-02-26,True
TXN_8967596,CUST_182,Butchers,Pork,12.0,2,24.0,Mobile Money,In-Store,2023-05-10,True
TXN_4509159,CUST_480,Furniture,Cabinet,95.0,2,190.0,Cash,Online,2024-12-22,
TXN_5020362,CUST_418,Butchers,Lamb,16.0,6,96.0,Cash,In-Store,2023-05-24,False
TXN_9905865,CUST_187,Electronics,Keyboard,35.0,3,105.0,Credit Card,Online,2023-12-17,False
TXN_6311738,CUST_137,Food,Cooking Oil,8.0,3,24.0,Credit Card,In-Store,2022-06-28,False
TXN_9871058,CUST_255,Furniture,Table,80.0,4,320.0,Mobile Money,In-Store,2024-07-17,
TXN_1057943,CUST_299,Beverages,Tea,3.5,4,14.0,Cash,Online,2022-07-30,False
TXN_8169006,CUST_049,Furniture,Cabinet,95.0,2,190.0,Digital Wallet,Online,2024-02-06,False
TXN_3143678,CUST_102,Butchers,Chicken,9.0,1,9.0,Digital Wallet,In-Store,2022-07-18,
TXN_1648431,CUST_257,Food,Rice,5.5,9,49.5,Credit Card,In-Store,2023-03-20,
TXN_5331517,CUST_469,Butchers,Beef,14.0,1,14.0,Mobile Money,In-Store,2024-08-27,False
TXN_1315050,CUST_156,Electronics,Mouse,18.0,9,162.0,Credit Card,In-Store,2023-03-02,False
TXN_4175400,CUST_074,Food,Rice,5.5,9,49.5,Digital Wallet,Online,2024-08-29,
TXN_8028722,CUST_069,Food,Pasta,4.5,10,45.0,Cash,Online,2022-02-18,False
TXN_1560643,CUST_088,Stationery,Notebook,4.0,6,24.0,Digital Wallet,Online,2023-12-24,False
TXN_4501174,CUST_041,Beverages,Juice,4.0,7,28.0,Digital Wallet,Online,2022-11-27,False
TXN_3755433,CUST_345,Electronics,Charger,25.0,1,25.0,Digital Wallet,Online,2023-09-03,False
TXN_9395930,CUST_072,Butchers,Lamb,16.0,8,128.0,Cash,In-Store,2024-06-01,False
TXN_7490750,CUST_379,Patisserie,Doughnut,3.5,1,3.5,Unknown,Online,2024-06-17,
TXN_9126056,CUST_286,Electronics,Charger,25.0,2,50.0,Cash,In-Store,2024-08-13,False
TXN_4206283,CUST_466,Electronics,Mouse,18.0,10,180.0,Credit Card,Online,2023-08-17,
TXN_2306159,CUST_318,Butchers,Pork,12.0,2,24.0,Credit Card,Online,2024-02-03,
TXN_7118313,CUST_300,Beverages,Soda,2.0,5,10.0,Cash,In-Store,2024-05-16,
TXN_7261589,CUST_171,Beverages,Water,1.5,9,13.5,Digital Wallet,Online,2024-08-08,True
TXN_9905808,CUST_039,Butchers,Pork,12.0,7,84.0,Mobile Money,Online,2023-03-05,True
TXN_2318866,CUST_061,Patisserie,Muffin,4.5,1,4.5,Digital Wallet,In-Store,2022-07-26,
TXN_2285801,CUST_274,Food,Cooking Oil,8.0,3,24.0,Credit Card,In-Store,2024-11-21,True
TXN_2369218,CUST_030,Stationery,Notebook,4.0,10,40.0,Digital Wallet,Online,2023-03-06,False
TXN_7524367,CUST_315,Food,Cooking Oil,8.0,9,72.0,Cash,In-Store,2022-06-30,True
TXN_4696458,CUST_029,Electronics,Mouse,18.0,2,36.0,Credit Card,In-Store,2022-01-16,False
TXN_1476352,CUST_361,Beverages,Soda,2.0,5,10.0,Mobile Money,In-Store,2024-09-10,False
TXN_2575557,CUST_284,Stationery,Notebook,4.0,5,20.0,Mobile Money,Online,2022-07-09,True
TXN_7307676,CUST_081,Beverages,Juice,4.0,8,32.0,Mobile Money,In-Store,2024-02-14,False
TXN_5609231,CUST_465,Food,Rice,5.5,2,11.0,Digital Wallet,Online,2024-09-20,
TXN_9551795,CUST_495,Butchers,Lamb,16.0,7,112.0,Mobile Money,In-Store,2024-12-04,True
TXN_2363307,CUST_103,Furniture,Shelf,55.0,8,440.0,Credit Card,Online,2023-09-14,
TXN_6659199,CUST_457,Electronics,Headphones,22.0,1,22.0,Credit Card,In-Store,2023-11-19,False
TXN_1250898,CUST_453,Electronics,Charger,25.0,5,125.0,Mobile Money,Online,2022-11-18,False
TXN_3383999,CUST_440,Butchers,Pork,12.0,4,48.0,Cash,In-Store,2022-01-20,False
TXN_4244360,CUST_282,Beverages,Juice,4.0,4,16.0,Credit Card,Unknown,2023-01-05,False
TXN_3774324,CUST_470,Stationery,Stapler,6.0,10,60.0,Credit Card,In-Store,2024-10-13,False
TXN_1518490,CUST_134,Electronics,Keyboard,35.0,4,140.0,Digital Wallet,In-Store,2022-09-02,False
TXN_7869577,CUST_472,Stationery,Pen,1.5,5,7.5,Cash,In-Store,2023-02-27,
TXN_9820939,CUST_042,Furniture,Table,80.0,8,640.0,Cash,Online,2022-02-20,True
TXN_6363998,CUST_197,Stationery,Folder,3.0,8,24.0,Cash,In-Store,2023-08-09,
TXN_5610194,CUST_344,Electronics,USB Cable,8.0,4,32.0,Cash,In-Store,2023-07-06,True
TXN_9399122,CUST_353,Stationery,Folder,3.0,8,24.0,Credit Card,In-Store,2023-08-21,True
TXN_2330295,CUST_216,Butchers,Sausage,7.5,4,30.0,Mobile Money,Online,2023-07-27,False
TXN_7087494,CUST_242,Stationery,Pen,1.5,2,3.0,Credit Card,Online,2024-04-17,False
TXN_8980571,CUST_026,Butchers,Chicken,9.0,3,27.0,Credit Card,In-Store,2022-11-18,True
TXN_8978503,CUST_424,Butchers,Sausage,7.5,7,52.5,Digital Wallet,Online,2022-02-01,
TXN_2368906,CUST_436,Beverages,Soda,2.0,7,14.0,Cash,Online,2023-01-27,False
TXN_7094899,CUST_319,Furniture,Cabinet,95.0,9,855.0,Cash,In-Store,2024-05-24,False
TXN_2034448,CUST_099,Patisserie,Doughnut,3.5,9,31.5,Mobile Money,Online,2022-06-24,False
TXN_2228391,CUST_016,Furniture,Table,80.0,8,640.0,Mobile Money,In-Store,2023-02-08,True
TXN_2417547,CUST_400,Food,Cereal,6.0,10,60.0,Digital Wallet,Online,2023-10-07,False
TXN_1422381,CUST_050,Stationery,Notebook,4.0,3,12.0,Cash,In-Store,2023-10-23,True
TXN_6216582,CUST_480,Food,Bread,3.0,2,6.0,Digital Wallet,In-Store,2024-02-27,
TXN_2661342,CUST_491,Beverages,Tea,3.5,4,14.0,Credit Card,Online,2024-04-23,True
TXN_5087040,CUST_495,Butchers,Beef,14.0,5,70.0,Digital Wallet,Online,2022-09-03,False
TXN_5749394,CUST_464,Patisserie,Croissant,5.0,4,20.0,Credit Card,Online,2023-01-31,
TXN_6342997,CUST_052,Stationery,Pen,1.5,6,9.0,Cash,In-Store,2022-11-23,False
TXN_5076637,CUST_415,Patisserie,Doughnut,3.5,4,14.0,Credit Card,In-Store,2023-07-04,False
TXN_6511482,CUST_307,Electronics,Keyboard,35.0,10,350.0,Mobile Money,In-Store,2022-01-07,True
TXN_4406248,CUST_386,Butchers,Pork,12.0,6,72.0,Digital Wallet,Online,2022-10-02,False
TXN_1749045,CUST_147,Beverages,Water,1.5,7,10.5,Credit Card,In-Store,2024-02-29,False
TXN_7185055,CUST_361,Patisserie,Pie,12.0,10,120.0,Cash,In-Store,2022-06-04,False
TXN_5792030,CUST_388,Patisserie,Cake,18.0,4,72.0,Credit Card,Online,2024-10-09,True
TXN_3658571,CUST_449,Stationery,Marker,2.5,2,5.0,Credit Card,Online,2023-01-24,True
TXN_4671013,CUST_451,Butchers,Chicken,9.0,9,81.0,Credit Card,In-Store,2022-11-06,False
TXN_2258624,CUST_478,Electronics,Headphones,22.0,6,132.0,Cash,Online,2022-06-05,False
TXN_3466993,CUST_436,Stationery,Stapler,6.0,7,42.0,Credit Card,Online,2024-01-28,False
TXN_3080708,CUST_462,Patisserie,Doughnut,3.5,5,17.5,Credit Card,In-Store,2022-06-30,False
TXN_3096939,CUST_383,Furniture,Cabinet,95.0,1,95.0,Credit Card,Online,2024-08-29,
TXN_6087365,CUST_321,Food,Bread,3.0,5,15.0,Credit Card,Online,2024-11-11,False
TXN_7231219,CUST_198,Furniture,Chair,35.0,7,245.0,Cash,Online,2022-06-26,
TXN_9685116,CUST_480,Food,Bread,3.0,9,27.0,Mobile Money,Unknown,2022-01-13,False
TXN_1632600,CUST_293,Patisserie,Pie,12.0,1,12.0,Credit Card,Online,2023-12-16,
TXN_8318012,CUST_482,Furniture,Table,80.0,7,560.0,Cash,In-Store,2022-08-03,
TXN_4338669,CUST_068,Food,Rice,5.5,3,16.5,Cash,In-Store,2024-01-13,
TXN_9860982,CUST_204,Electronics,Keyboard,35.0,3,105.0,Digital Wallet,In-Store,2024-11-19,False
TXN_7101663,CUST_041,Beverages,Water,1.5,7,10.5,Credit Card,Online,2024-08-26,False
TXN_7476137,CUST_345,Electronics,Keyboard,35.0,1,35.0,Cash,In-Store,2022-01-16,False
TXN_5024733,CUST_342,Stationery,Folder,3.0,10,30.0,Mobile Money,In-Store,2022-06-12,False
TXN_3816300,CUST_041,Food,Bread,3.0,10,30.0,Credit Card,In-Store,2023-02-03,False
TXN_6229907,CUST_004,Food,Cereal,6.0,8,48.0,Credit Card,Online,2022-09-18,
TXN_2937316,CUST_071,Food,Cooking Oil,8.0,7,56.0,Credit Card,Online,2022-05-16,
TXN_6990266,CUST_105,Patisserie,Cake,18.0,6,108.0,Mobile Money,In-Store,2022-11-26,
TXN_5682557,CUST_279,Patisserie,Croissant,5.0,5,25.0,Cash,In-Store,2023-05-05,True
TXN_7796548,CUST_134,Patisserie,Doughnut,3.5,3,10.5,Cash,In-Store,2023-07-22,False
TXN_9144380,CUST_441,Furniture,Cabinet,95.0,3,285.0,Cash,Online,2022-05-30,
TXN_5968901,CUST_191,Stationery,Notebook,4.0,5,20.0,Digital Wallet,Online,2024-04-10,False
TXN_3885579,CUST_399,Electronics,Charger,25.0,6,150.0,Cash,Online,2024-09-28,False
TXN_4622138,CUST_445,Patisserie,Doughnut,3.5,6,21.0,Mobile Money,Online,2022-11-30,True
TXN_9034602,CUST_222,Butchers,Sausage,7.5,6,45.0,Mobile Money,In-Store,2022-06-06,False
TXN_8384592,CUST_302,Patisserie,Pie,12.0,6,72.0,Cash,Online,2024-06-04,
TXN_6472587,CUST_398,Patisserie,Muffin,4.5,10,45.0,Cash,Online,2024-01-17,
TXN_1659012,CUST_186,Electronics,USB Cable,8.0,1,8.0,Digital Wallet,In-Store,2022-06-13,True
TXN_9555169,CUST_149,Butchers,Pork,12.0,6,72.0,Digital Wallet,In-Store,2024-07-09,False
TXN_3320484,CUST_008,Patisserie,Cake,18.0,7,126.0,Cash,Online,2022-03-28,False
TXN_5191896,CUST_277,Furniture,Table,80.0,7,560.0,Cash,In-Store,2022-02-21,
TXN_8061944,CUST_325,Butchers,Beef,14.0,3,42.0,Cash,Online,2024-07-06,False
TXN_7079422,CUST_021,Beverages,Water,1.5,9,13.5,Credit Card,In-Store,2022-03-23,False
TXN_5540098,CUST_357,Beverages,Soda,2.0,4,8.0,Cash,In-Store,2024-09-23,True
TXN_9411603,CUST_161,Electronics,Mouse,18.0,10,180.0,Credit Card,Online,2022-08-16,False
TXN_4101122,CUST_082,Butchers,Sausage,7.5,6,45.0,Cash,Unknown,2024-07-09,False
TXN_8718127,CUST_291,Beverages,Soda,2.0,1,2.0,Digital Wallet,In-Store,2024-12-25,True
TXN_4469068,CUST_007,Patisserie,Pie,12.0,8,96.0,Cash,In-Store,2023-07-03,False
TXN_4432693,CUST_266,Butchers,Beef,14.0,8,112.0,Cash,In-Store,2023-06-14,False
TXN_4922746,CUST_280,Beverages,Soda,2.0,10,20.0,Mobile Money,Online,2024-09-11,False
TXN_9677177,CUST_104,Food,Bread,3.0,6,18.0,Credit Card,Online,2022-09-10,False
TXN_6591845,CUST_208,Food,Cooking Oil,8.0,9,72.0,Digital Wallet,In-Store,2024-08-06,
TXN_9844834,CUST_012,Butchers,Pork,12.0,5,60.0,Digital Wallet,Online,2022-11-21,
TXN_4085997,CUST_144,Electronics,Charger,25.0,9,225.0,Credit Card,In-Store,2024-05-18,True
TXN_8899284,CUST_164,Electronics,Keyboard,35.0,10,350.0,Mobile Money,In-Store,2024-02-09,False
TXN_7939776,CUST_310,Food,Bread,3.0,10,30.0,Cash,Online,2023-07-24,False
TXN_5248949,CUST_065,Butchers,Beef,14.0,9,126.0,Digital Wallet,In-Store,2024-11-19,True
TXN_1655423,CUST_377,Furniture,Chair,35.0,6,210.0,Cash,Online,2023-09-16,True
TXN_8188106,CUST_176,Stationery,Pen,1.5,6,9.0,Mobile Money,In-Store,2022-08-23,False
TXN_6983336,CUST_109,Stationery,Pen,1.5,5,7.5,Cash,In-Store,2024-12-02,
TXN_1258775,CUST_462,Electronics,Charger,25.0,10,250.0,Digital Wallet,In-Store,2023-12-14,False
TXN_8620901,CUST_368,Stationery,Marker,2.5,9,22.5,Digital Wallet,In-Store,2023-01-10,False
TXN_8815880,CUST_072,Stationery,Folder,3.0,9,27.0,Digital Wallet,In-Store,2023-04-26,False
TXN_5778972,CUST_300,Furniture,Cabinet,95.0,6,570.0,Credit Card,In-Store,2023-10-11,True
TXN_7102942,CUST_436,Electronics,Headphones,22.0,10,220.0,Cash,In-Store,2022-02-11,False
TXN_8916163,CUST_495,Food,Rice,5.5,2,11.0,Digital Wallet,Online,2023-01-22,False
TXN_1115064,CUST_461,Electronics,Keyboard,35.0,5,175.0,Credit Card,In-Store,2023-03-20,False
TXN_4889785,CUST_169,Beverages,Water,1.5,5,7.5,Cash,Online,2023-01-26,
TXN_9280934,CUST_190,Butchers,Chicken,9.0,3,27.0,Credit Card,Online,2023-04-02,False
TXN_9252926,CUST_451,Electronics,Headphones,22.0,8,176.0,Credit Card,Online,2024-04-13,False
TXN_6851605,CUST_298,Furniture,Desk,120.0,9,1080.0,Credit Card,Online,2022-03-25,
TXN_2218710,CUST_074,Stationery,Notebook,4.0,7,28.0,Cash,Online,2022-12-01,
TXN_9872631,CUST_359,Furniture,Table,80.0,8,640.0,Digital Wallet,Online,2022-02-01,False
TXN_2827916,CUST_325,Furniture,Desk,120.0,7,840.0,Mobile Money,Online,2022-11-14,True
TXN_7444067,CUST_227,Beverages,Coffee,2.5,5,12.5,Digital Wallet,In-Store,2022-02-16,False
TXN_6706419,CUST_163,Beverages,Coffee,2.5,1,2.5,Digital Wallet,In-Store,2024-06-19,
TXN_9643155,CUST_034,Beverages,Tea,3.5,4,14.0,Mobile Money,In-Store,2024-07-04,False
TXN_3604878,CUST_134,Food,Cooking Oil,8.0,2,16.0,Digital Wallet,In-Store,2022-01-28,False
TXN_8901944,CUST_114,Patisserie,Croissant,5.0,3,15.0,Mobile Money,Online,2022-05-29,False
TXN_5472089,CUST_175,Furniture,Shelf,55.0,9,495.0,Credit Card,In-Store,2022-12-17,False
TXN_7047770,CUST_246,Food,Pasta,4.5,6,27.0,Digital Wallet,In-Store,2022-07-21,
TXN_9032657,CUST_308,Food,Cereal,6.0,1,6.0,Mobile Money,In-Store,2022-03-08,False
TXN_7166034,CUST_130,Furniture,Table,80.0,3,240.0,Cash,In-Store,2023-10-04,False
TXN_4024320,CUST_076,Furniture,Cabinet,95.0,6,570.0,Credit Card,Online,2023-01-25,False
TXN_2121315,CUST_101,Furniture,Table,80.0,2,160.0,Credit Card,In-Store,2022-02-08,False
TXN_9782665,CUST_300,Furniture,Desk,120.0,3,360.0,Credit Card,Online,2022-01-24,
TXN_8490526,CUST_286,Stationery,Marker,2.5,1,2.5,Cash,In-Store,2023-04-11,False
TXN_5066981,CUST_090,Electronics,Headphones,22.0,5,110.0,Credit Card,Online,2022-12-24,
TXN_5375953,CUST_182,Electronics,USB Cable,8.0,3,24.0,Digital Wallet,In-Store,2022-12-24,False
TXN_8792432,CUST_321,Stationery,Marker,2.5,3,7.5,Credit Card,In-Store,2023-06-17,True
TXN_4393416,CUST_101,Electronics,Unknown,25.0,3,75.0,Cash,In-Store,2022-04-02,False
TXN_7399177,CUST_376,Beverages,Tea,3.5,3,10.5,Credit Card,Online,2024-08-11,
TXN_3792199,CUST_474,Stationery,Pen,1.5,5,7.5,Mobile Money,In-Store,2024-10-06,False
TXN_5657851,CUST_395,Beverages,Juice,4.0,1,4.0,Digital Wallet,In-Store,2022-11-04,False
TXN_6455483,CUST_164,Food,Bread,3.0,3,9.0,Mobile Money,Online,2024-07-11,False
TXN_3599392,CUST_473,Food,Cooking Oil,8.0,10,80.0,Cash,Online,2024-08-09,
TXN_8774892,CUST_435,Stationery,Stapler,6.0,5,30.0,Credit Card,Online,2023-06-11,True
TXN_2725874,CUST_107,Furniture,Shelf,55.0,4,220.0,Mobile Money,Online,2022-02-10,False
TXN_7367712,CUST_146,Patisserie,Cake,18.0,7,126.0,Digital Wallet,Online,2024-02-02,
TXN_9686283,CUST_080,Stationery,Marker,2.5,,7.5,Digital Wallet,In-Store,2023-03-28,False
TXN_1569503,CUST_154,Stationery,Folder,3.0,9,27.0,Credit Card,In-Store,2023-01-12,False
TXN_3123120,CUST_045,Patisserie,Croissant,5.0,7,35.0,Mobile Money,In-Store,2024-03-06,False
TXN_2236236,CUST_019,Beverages,Soda,2.0,10,20.0,Credit Card,Online,2024-12-08,False
TXN_3755762,CUST_256,Food,Cooking Oil,8.0,1,8.0,Digital Wallet,In-Store,2024-06-29,True
TXN_3725729,CUST_032,Patisserie,Cake,18.0,2,36.0,Cash,Online,2023-12-17,True
TXN_7449720,CUST_322,Beverages,Tea,3.5,9,31.5,Digital Wallet,Online,2023-06-11,
TXN_4445376,CUST_267,Electronics,Keyboard,35.0,8,280.0,Mobile Money,In-Store,2023-04-18,False
TXN_1196019,CUST_011,Beverages,Coffee,2.5,3,7.5,Credit Card,In-Store,2023-03-20,False
TXN_7294106,CUST_398,Patisserie,Pie,12.0,1,12.0,Digital Wallet,Online,2022-01-17,False
TXN_7620090,CUST_483,Stationery,Folder,3.0,8,24.0,Digital Wallet,Online,2024-10-13,False
TXN_8973469,CUST_082,Patisserie,Cake,18.0,1,18.0,Mobile Money,Online,2024-01-19,False
TXN_5887823,CUST_280,Stationery,Notebook,4.0,6,24.0,Digital Wallet,In-Store,2023-05-24,False
TXN_3764481,CUST_084,Butchers,Pork,12.0,4,48.0,Credit Card,In-Store,2022-07-26,False
TXN_9175002,CUST_308,Electronics,Mouse,18.0,5,90.0,Credit Card,Online,2024-07-05,
TXN_2514101,CUST_233,Beverages,Juice,4.0,3,12.0,Digital Wallet,Online,2022-12-05,
TXN_9078945,CUST_210,Butchers,Beef,14.0,8,112.0,Digital Wallet,Online,2024-08-02,
TXN_5140651,CUST_080,Stationery,Notebook,4.0,1,4.0,Cash,Online,2022-08-14,
TXN_6333968,CUST_184,Furniture,Shelf,55.0,5,275.0,Mobile Money,In-Store,2023-07-12,True
TXN_8972439,CUST_318,Furniture,Shelf,55.0,4,220.0,Credit Card,Online,2024-11-29,True
TXN_4048558,CUST_094,Patisserie,Croissant,5.0,2,10.0,Credit Card,In-Store,2024-12-06,False
TXN_3193581,CUST_462,Furniture,Chair,35.0,4,140.0,Credit Card,Online,2023-11-09,False
TXN_1306160,CUST_114,Furniture,Desk,120.0,4,480.0,Credit Card,Online,2022-03-18,
TXN_6207404,CUST_324,Patisserie,Cake,18.0,4,72.0,Mobile Money,In-Store,2023-02-09,False
TXN_4719900,CUST_281,Patisserie,Pie,12.0,3,36.0,Cash,Online,2023-05-28,False
TXN_9675489,CUST_351,Patisserie,Cake,18.0,10,180.0,Cash,In-Store,2023-01-30,False
TXN_8736484,CUST_489,Stationery,Folder,3.0,5,15.0,Cash,Unknown,2023-11-05,True
TXN_7569727,CUST_191,Beverages,Unknown,2.5,6,15.0,Credit Card,Online,2022-08-20,True
TXN_6271617,CUST_303,Patisserie,Pie,12.0,4,48.0,Credit Card,In-Store,2024-06-20,False
TXN_6242042,CUST_288,Butchers,Pork,12.0,9,108.0,Mobile Money,Online,2024-11-26,False
TXN_4941550,CUST_498,Food,Cereal,6.0,7,42.0,Cash,Online,2024-11-23,False
TXN_6931967,CUST_304,Beverages,Juice,4.0,2,8.0,Credit Card,Online,2022-05-05,
TXN_8555764,CUST_430,Food,Cereal,6.0,1,6.0,Digital Wallet,Online,2024-03-16,True
TXN_9220402,CUST_166,Stationery,Stapler,6.0,5,30.0,Mobile Money,Online,2023-07-27,False
TXN_3318762,CUST_135,Electronics,Mouse,18.0,8,144.0,Digital Wallet,Online,2022-10-11,
TXN_5205879,CUST_084,Stationery,Stapler,6.0,9,54.0,Cash,Online,2023-01-25,False
TXN_1967261,CUST_343,Patisserie,Muffin,4.5,7,31.5,Digital Wallet,Online,2022-12-05,
TXN_7125759,CUST_467,Electronics,Headphones,22.0,6,132.0,Cash,In-Store,2024-05-27,True
TXN_8517750,CUST_182,Beverages,Juice,4.0,2,8.0,Credit Card,Online,2023-04-16,
TXN_5045118,CUST_195,Butchers,Sausage,7.5,1,7.5,Cash,Online,2024-01-22,False
TXN_9038508,CUST_283,Patisserie,Croissant,5.0,5,25.0,Mobile Money,In-Store,2023-09-08,False
TXN_3177890,CUST_381,Butchers,Lamb,16.0,10,160.0,Mobile Money,Online,2022-05-17,False
TXN_8906166,CUST_285,Beverages,Juice,4.0,9,36.0,Cash,In-Store,2024-06-02,
TXN_2888414,CUST_312,Patisserie,Muffin,4.5,1,4.5,Digital Wallet,Online,2022-07-27,
TXN_2774348,CUST_171,Patisserie,Doughnut,3.5,6,21.0,Credit Card,Online,2024-12-22,False
TXN_4560874,CUST_453,Stationery,Marker,2.5,9,22.5,Digital Wallet,Online,2023-05-14,
TXN_2760352,CUST_377,Patisserie,Croissant,5.0,9,45.0,Digital Wallet,Online,2024-09-20,False
TXN_3024108,CUST_393,Butchers,Pork,12.0,10,120.0,Cash,In-Store,2022-11-15,True
TXN_4763632,CUST_470,Furniture,Desk,120.0,1,120.0,Credit Card,Online,2022-11-06,False
TXN_6648400,CUST_369,Butchers,Beef,14.0,3,42.0,Mobile Money,Online,2024-06-26,False
TXN_7877815,CUST_249,Furniture,Chair,35.0,8,280.0,Digital Wallet,Online,2022-07-07,True
TXN_7939191,CUST_038,Stationery,Marker,2.5,,5.0,Cash,In-Store,2023-01-29,True
TXN_8400626,CUST_278,Stationery,Stapler,6.0,4,24.0,Digital Wallet,In-Store,2022-12-05,False
TXN_4607137,CUST_434,Butchers,Chicken,9.0,9,81.0,Mobile Money,In-Store,2023-11-21,
TXN_5680018,CUST_437,Beverages,Water,1.5,5,7.5,Unknown,Online,2022-02-09,False
TXN_9434979,CUST_240,Patisserie,Croissant,5.0,7,35.0,Mobile Money,Online,2024-08-14,False
TXN_9737452,CUST_391,Food,Pasta,4.5,5,22.5,Digital Wallet,In-Store,2024-06-12,
TXN_4978602,CUST_386,Beverages,Coffee,2.5,10,25.0,Digital Wallet,Online,2022-02-28,
TXN_8364308,CUST_051,Furniture,Table,80.0,8,640.0,Mobile Money,In-Store,2023-03-18,
TXN_7124341,CUST_047,Beverages,Soda,2.0,10,20.0,Cash,In-Store,2024-09-21,
TXN_1846462,CUST_424,Butchers,Unknown,9.0,7,63.0,Mobile Money,In-Store,2023-04-21,True
TXN_8406605,CUST_359,Beverages,Coffee,2.5,2,5.0,Cash,In-Store,2024-09-19,False
TXN_3524772,CUST_087,Beverages,Juice,4.0,8,32.0,Cash,In-Store,2022-03-25,True
TXN_4990962,CUST_401,Furniture,Desk,120.0,6,720.0,Credit Card,In-Store,2024-03-27,False
TXN_3358404,CUST_168,Electronics,Headphones,22.0,4,88.0,Credit Card,In-Store,2022-10-04,
TXN_7888903,CUST_474,Electronics,Charger,25.0,8,200.0,Mobile Money,In-Store,2024-09-08,False
TXN_3195690,CUST_013,Electronics,Charger,25.0,5,125.0,Cash,In-Store,2023-06-07,
TXN_1590246,CUST_044,Food,Pasta,4.5,6,27.0,Credit Card,Online,2022-02-05,
TXN_5010859,CUST_361,Stationery,Folder,3.0,3,9.0,Cash,In-Store,2022-12-24,True
TXN_3457806,CUST_436,Food,Bread,3.0,3,9.0,Credit Card,In-Store,2023-12-19,True
TXN_5193060,CUST_171,Butchers,Chicken,9.0,3,27.0,Mobile Money,Online,2022-07-02,False
TXN_9216974,CUST_410,Stationery,Folder,3.0,7,21.0,Digital Wallet,In-Store,2022-05-28,False
TXN_3493033,CUST_476,Beverages,Juice,4.0,3,12.0,Mobile Money,Online,2023-12-09,False
TXN_5761133,CUST_413,Patisserie,Cake,18.0,7,126.0,Mobile Money,Online,2022-11-01,False
TXN_9269841,CUST_242,Patisserie,Cake,18.0,7,126.0,Cash,Online,2023-07-05,False
TXN_5396720,CUST_141,Furniture,Cabinet,95.0,4,380.0,Cash,Online,2022-02-18,True
TXN_4228409,CUST_114,Stationery,Pen,1.5,7,10.5,Credit Card,In-Store,2023-05-23,False
TXN_5768387,CUST_296,Butchers,Unknown,14.0,4,56.0,Mobile Money,In-Store,2024-01-01,True
TXN_9565905,CUST_233,Stationery,Pen,1.5,4,6.0,Digital Wallet,Online,2022-08-22,False
TXN_1147745,CUST_441,Butchers,Chicken,9.0,4,36.0,Cash,In-Store,2023-09-20,False
TXN_7854321,CUST_494,Furniture,Desk,120.0,5,600.0,Credit Card,In-Store,2022-01-24,False
TXN_7580470,CUST_019,Furniture,Shelf,55.0,5,275.0,Credit Card,Online,2023-06-22,False
TXN_6806191,CUST_413,Stationery,Marker,2.5,1,2.5,Mobile Money,In-Store,2023-10-30,False
TXN_3827585,CUST_418,Patisserie,Pie,12.0,4,48.0,Digital Wallet,Online,2022-01-09,False
TXN_3367051,CUST_073,Butchers,Pork,12.0,10,120.0,Cash,In-Store,2024-06-19,False
TXN_7888684,CUST_268,Food,Cereal,6.0,1,6.0,Digital Wallet,Online,2022-04-25,False
TXN_2512760,CUST_165,Food,Rice,5.5,8,44.0,Credit Card,In-Store,2024-09-10,False
TXN_5772945,CUST_333,Beverages,Soda,2.0,10,20.0,Mobile Money,In-Store,2023-03-23,False
TXN_7296665,CUST_237,Butchers,Beef,14.0,10,140.0,Credit Card,Online,2024-12-03,True
TXN_7584219,CUST_416,Patisserie,Cake,18.0,1,18.0,Cash,In-Store,2024-06-30,False
TXN_3994677,CUST_065,Patisserie,Pie,12.0,6,72.0,Cash,In-Store,2022-05-11,False
TXN_4651387,CUST_364,Patisserie,Cake,18.0,6,108.0,Mobile Money,In-Store,2024-09-11,
TXN_5738168,CUST_346,Electronics,Charger,25.0,4,100.0,Mobile Money,In-Store,2022-06-29,True
TXN_2916796,CUST_045,Patisserie,Croissant,5.0,2,10.0,Credit Card,In-Store,2024-12-29,False
TXN_5325168,CUST_091,Beverages,Coffee,2.5,6,15.0,Cash,Online,2022-12-26,False
TXN_8561011,CUST_286,Butchers,Beef,14.0,3,42.0,Credit Card,Online,2024-08-22,
TXN_1233462,CUST_214,Stationery,Folder,3.0,7,21.0,Cash,Unknown,2022-03-26,
TXN_5854487,CUST_229,Stationery,Notebook,4.0,1,4.0,Cash,Online,2024-06-07,False
TXN_9835282,CUST_202,Food,Bread,3.0,4,12.0,Cash,In-Store,2023-07-19,
TXN_2611262,CUST_297,Stationery,Marker,2.5,8,20.0,Digital Wallet,In-Store,2023-01-05,False
TXN_9259282,CUST_184,Beverages,Soda,2.0,10,20.0,Digital Wallet,In-Store,2023-10-11,False
TXN_4095038,CUST_084,Patisserie,Croissant,5.0,4,20.0,Digital Wallet,In-Store,2024-09-02,False
TXN_6670677,CUST_145,Furniture,Cabinet,95.0,5,475.0,Credit Card,In-Store,2023-12-09,False
TXN_9275711,CUST_248,Electronics,USB Cable,8.0,10,80.0,Mobile Money,Online,2023-04-15,False
TXN_2176641,CUST_429,Patisserie,Doughnut,3.5,4,14.0,Mobile Money,Online,2022-11-07,False
TXN_8208182,CUST_463,Stationery,Pen,1.5,10,15.0,Credit Card,In-Store,2022-06-02,False
TXN_2161360,CUST_454,Beverages,Juice,4.0,7,28.0,Digital Wallet,In-Store,2023-12-21,
TXN_1458696,CUST_032,Electronics,Headphones,22.0,10,220.0,Credit Card,In-Store,2022-01-17,False
TXN_4772380,CUST_205,Butchers,Beef,14.0,1,14.0,Cash,Online,2024-05-02,True
TXN_7245035,CUST_360,Electronics,Charger,25.0,3,75.0,Credit Card,In-Store,2024-08-18,False
TXN_3660891,CUST_484,Electronics,Keyboard,35.0,3,105.0,Mobile Money,Online,2022-01-16,
TXN_1708669,CUST_420,Furniture,Cabinet,95.0,2,190.0,Mobile Money,Online,2024-03-30,
TXN_6204954,CUST_046,Beverages,Soda,2.0,3,6.0,Unknown,In-Store,2022-08-17,False
TXN_2805518,CUST_336,Stationery,Folder,3.0,10,30.0,Cash,Online,2023-05-29,True
TXN_9780350,CUST_194,Electronics,Keyboard,35.0,7,245.0,Digital Wallet,Online,2024-03-24,
TXN_5510784,CUST_356,Patisserie,Doughnut,3.5,5,17.5,Cash,Online,2022-08-23,False
TXN_1327605,CUST_495,Furniture,Cabinet,95.0,2,190.0,Credit Card,Online,2024-01-08,False
TXN_7031765,CUST_027,Furniture,Shelf,55.0,6,330.0,Mobile Money,Online,2022-09-13,
TXN_5790691,CUST_250,Beverages,Juice,4.0,9,36.0,Cash,Online,2023-08-01,False
TXN_1810713,CUST_319,Stationery,Marker,2.5,8,20.0,Cash,Online,2023-03-17,True
TXN_4819712,CUST_453,Beverages,Juice,4.0,5,20.0,Digital Wallet,Online,2023-01-25,True
TXN_2066476,CUST_491,Food,Rice,5.5,8,44.0,Credit Card,Online,2023-05-13,False
TXN_7169111,CUST_461,Furniture,Unknown,80.0,5,400.0,Mobile Money,Online,2024-03-19,True
TXN_1786667,CUST_434,Electronics,Headphones,22.0,1,22.0,Credit Card,In-Store,2023-01-11,
TXN_7828752,CUST_384,Patisserie,Muffin,4.5,7,31.5,Mobile Money,Online,2023-04-18,False
TXN_5241244,CUST_103,Beverages,Tea,3.5,1,3.5,Mobile Money,Online,2023-06-27,False
TXN_4321453,CUST_099,Patisserie,Croissant,5.0,6,30.0,Cash,In-Store,2022-07-21,False
TXN_6244412,CUST_351,Electronics,USB Cable,8.0,10,80.0,Digital Wallet,Online,2024-06-11,True
TXN_9438719,CUST_207,Beverages,Water,1.5,7,10.5,Mobile Money,In-Store,2022-06-15,False
TXN_4039257,CUST_157,Food,Pasta,4.5,2,9.0,Mobile Money,Online,2023-01-15,
TXN_2317621,CUST_226,Patisserie,Pie,12.0,3,36.0,Mobile Money,Online,2023-08-31,
TXN_1826580,CUST_181,Furniture,Cabinet,95.0,,950.0,Credit Card,In-Store,2023-11-28,False
TXN_8809332,CUST_119,Beverages,Tea,3.5,2,7.0,Digital Wallet,In-Store,2024-09-22,False
TXN_7613466,CUST_012,Food,Rice,5.5,5,27.5,Mobile Money,In-Store,2023-08-13,
TXN_9789215,CUST_152,Beverages,Coffee,2.5,10,25.0,Mobile Money,In-Store,2022-05-27,False
TXN_6742140,CUST_217,Electronics,Keyboard,35.0,4,140.0,Mobile Money,In-Store,2022-04-02,False
TXN_2471602,CUST_383,Patisserie,Cake,18.0,5,90.0,Cash,Online,2022-01-26,False
TXN_8208387,CUST_149,Furniture,Desk,120.0,5,600.0,Mobile Money,In-Store,2023-12-11,False
TXN_5632261,CUST_177,Furniture,Shelf,55.0,2,110.0,Mobile Money,In-Store,2023-08-17,False
TXN_7550091,CUST_344,Food,Pasta,4.5,7,31.5,Digital Wallet,Online,2023-07-25,False
TXN_2849684,CUST_224,Patisserie,Croissant,5.0,3,15.0,Mobile Money,Online,2022-08-13,False
TXN_6922756,CUST_269,Patisserie,Doughnut,3.5,4,14.0,Digital Wallet,Online,2022-03-22,False
TXN_2734802,CUST_485,Electronics,Keyboard,35.0,3,105.0,Digital Wallet,Online,2022-11-29,
TXN_6296990,CUST_156,Beverages,Coffee,2.5,2,5.0,Mobile Money,Online,2022-09-29,False
TXN_8656788,CUST_110,Butchers,Pork,12.0,3,36.0,Credit Card,In-Store,2022-01-09,False
TXN_9913742,CUST_203,Stationery,Marker,2.5,9,22.5,Mobile Money,Online,2022-06-22,
TXN_1325262,CUST_272,Beverages,Juice,4.0,1,4.0,Mobile Money,Online,2023-02-24,False
TXN_2014929,CUST_128,Beverages,Juice,4.0,4,16.0,Cash,Online,2022-02-10,False
TXN_2162320,CUST_322,Patisserie,Pie,12.0,2,24.0,Digital Wallet,In-Store,2024-12-02,True
TXN_1707689,CUST_051,Electronics,USB Cable,8.0,7,56.0,Cash,In-Store,2024-03-07,True
TXN_1711658,CUST_401,Butchers,Sausage,7.5,4,30.0,Credit Card,Online,2024-03-14,True
TXN_3674932,CUST_066,Butchers,Beef,14.0,7,98.0,Credit Card,Online,2024-05-31,False
TXN_7995801,CUST_013,Butchers,Lamb,16.0,7,112.0,Mobile Money,Online,2023-11-02,False
TXN_6783986,CUST_493,Beverages,Water,1.5,1,1.5,Cash,In-Store,2022-12-23,False
TXN_2276327,CUST_363,Electronics,Keyboard,35.0,8,280.0,Cash,Online,2022-11-10,
TXN_4347950,CUST_100,Furniture,Desk,120.0,5,600.0,Digital Wallet,Online,2023-05-02,False
TXN_2954575,CUST_499,Beverages,Coffee,2.5,3,7.5,Cash,In-Store,2024-12-02,False
TXN_2649383,CUST_219,Furniture,Desk,120.0,2,240.0,Digital Wallet,Online,2023-07-30,True
TXN_7453001,CUST_020,Electronics,Mouse,18.0,1,18.0,Credit Card,Online,2024-11-23,False
TXN_4983648,CUST_252,Butchers,Pork,12.0,7,84.0,Cash,Online,2022-04-10,False
TXN_7256949,CUST_061,Electronics,Charger,25.0,2,50.0,Unknown,Online,2022-07-14,False
TXN_5472471,CUST_131,Furniture,Cabinet,95.0,4,380.0,Credit Card,In-Store,2024-02-09,False
TXN_6091457,CUST_473,Patisserie,Croissant,5.0,8,40.0,Credit Card,Online,2022-01-29,
TXN_4177923,CUST_204,Furniture,Table,80.0,7,560.0,Mobile Money,Online,2022-07-12,False
TXN_3465860,CUST_004,Food,Cereal,6.0,9,54.0,Mobile Money,Online,2022-12-27,False
TXN_3326168,CUST_066,Beverages,Juice,4.0,4,16.0,Cash,Online,2023-03-13,True
TXN_3682070,CUST_028,Food,Cooking Oil,8.0,10,80.0,Cash,In-Store,2023-05-13,True
TXN_3702348,CUST_025,Electronics,Mouse,18.0,3,54.0,Mobile Money,In-Store,2022-05-09,False
TXN_1308820,CUST_074,Butchers,Pork,12.0,5,60.0,Digital Wallet,Online,2024-12-06,
TXN_1421655,CUST_155,Stationery,Folder,3.0,2,6.0,Cash,Online,2024-01-04,False
TXN_2750114,CUST_021,Patisserie,Unknown,4.5,8,36.0,Cash,Online,2024-10-26,False
TXN_4699243,CUST_375,Beverages,Water,1.5,7,10.5,Digital Wallet,In-Store,2023-07-29,
TXN_1533885,CUST_164,Food,Rice,5.5,10,55.0,Cash,In-Store,2022-01-05,False
TXN_2580585,CUST_110,Electronics,USB Cable,8.0,7,56.0,Cash,Online,2024-09-06,False
TXN_1114527,CUST_254,Butchers,Pork,12.0,4,48.0,Mobile Money,In-Store,2022-04-17,
TXN_5096567,CUST_226,Food,Cereal,6.0,5,30.0,Credit Card,In-Store,2023-07-02,
TXN_1592921,CUST_007,Furniture,Desk,120.0,9,1080.0,Digital Wallet,In-Store,2024-06-17,False
TXN_4456979,CUST_409,Food,Rice,5.5,7,38.5,Cash,In-Store,2022-08-05,False
TXN_6318827,CUST_371,Beverages,Juice,4.0,2,8.0,Cash,In-Store,2024-07-01,
TXN_3654837,CUST_270,Electronics,Headphones,22.0,10,220.0,Mobile Money,Online,2024-04-23,
TXN_7215241,CUST_110,Beverages,Soda,2.0,10,20.0,Cash,Online,2023-06-28,
TXN_2797355,CUST_240,Patisserie,Muffin,4.5,5,22.5,Credit Card,In-Store,2022-12-08,False
TXN_8737511,CUST_090,Patisserie,Muffin,4.5,5,22.5,Digital Wallet,Online,2022-09-06,False
TXN_5836773,CUST_067,Patisserie,Croissant,5.0,3,15.0,Digital Wallet,In-Store,2022-04-09,False
TXN_1153816,CUST_189,Electronics,USB Cable,8.0,8,64.0,Mobile Money,Online,2024-03-13,False
TXN_5581015,CUST_447,Electronics,Charger,25.0,5,125.0,Digital Wallet,In-Store,2023-01-14,
TXN_3885359,CUST_401,Stationery,Stapler,6.0,9,54.0,Digital Wallet,Online,2022-12-16,False
TXN_6212071,CUST_063,Patisserie,Cake,18.0,10,180.0,Credit Card,In-Store,2023-08-23,False
TXN_1146539,CUST_276,Furniture,Table,80.0,1,80.0,Mobile Money,In-Store,2022-10-20,False
TXN_8996198,CUST_440,Food,Cooking Oil,8.0,5,40.0,Digital Wallet,Online,2022-01-11,
TXN_9088966,CUST_379,Food,Bread,3.0,10,30.0,Digital Wallet,In-Store,2022-08-01,True
TXN_9890671,CUST_460,Stationery,Pen,1.5,1,1.5,Cash,Online,2022-05-05,True
TXN_1787309,CUST_159,Stationery,Marker,2.5,7,17.5,Digital Wallet,In-Store,2023-09-10,False
TXN_8251204,CUST_073,Electronics,Charger,25.0,10,250.0,Credit Card,Online,2022-09-27,False
TXN_7453828,CUST_415,Stationery,Pen,1.5,2,3.0,Cash,Online,2023-08-03,
TXN_3319124,CUST_284,Food,Rice,5.5,8,44.0,Unknown,In-Store,2024-03-12,False
TXN_8002587,CUST_456,Patisserie,Croissant,5.0,4,20.0,Cash,In-Store,2024-10-21,False
TXN_1716193,CUST_481,Stationery,Pen,1.5,6,9.0,Cash,In-Store,2024-01-06,False
TXN_9101294,CUST_294,Food,Cooking Oil,8.0,2,16.0,Digital Wallet,In-Store,2022-07-23,False
TXN_6081820,CUST_231,Furniture,Desk,120.0,6,720.0,Cash,In-Store,2022-11-17,False
TXN_3786905,CUST_205,Stationery,Marker,2.5,7,17.5,Digital Wallet,Online,2024-08-17,
TXN_2686279,CUST_189,Food,Cereal,6.0,8,48.0,Mobile Money,Online,2023-06-30,
TXN_6709646,CUST_012,Electronics,Keyboard,35.0,4,140.0,Digital Wallet,In-Store,2022-06-09,
TXN_5699877,CUST_409,Patisserie,Muffin,4.5,3,13.5,Mobile Money,Online,2024-12-10,
TXN_4317045,CUST_367,Food,Cereal,6.0,7,42.0,Digital Wallet,In-Store,2022-11-16,False
TXN_5995427,CUST_216,Furniture,Shelf,55.0,6,330.0,Mobile Money,In-Store,2024-06-05,
TXN_5618300,CUST_103,Electronics,Charger,25.0,9,225.0,Cash,In-Store,2022-03-16,True
TXN_9393510,CUST_227,Butchers,Sausage,7.5,7,52.5,Digital Wallet,In-Store,2022-03-30,False
TXN_1190515,CUST_145,Patisserie,Pie,12.0,2,24.0,Mobile Money,In-Store,2022-04-29,
TXN_4979752,CUST_234,Patisserie,Muffin,4.5,4,18.0,Credit Card,In-Store,2024-04-10,False
TXN_7865473,CUST_336,Stationery,Folder,3.0,7,21.0,Cash,Online,2022-05-27,
TXN_1696480,CUST_402,Beverages,Soda,2.0,3,6.0,Credit Card,Online,2024-06-15,
TXN_9416557,CUST_294,Butchers,Beef,14.0,4,56.0,Cash,In-Store,2024-08-25,True
TXN_3569395,CUST_207,Furniture,Desk,120.0,6,720.0,Mobile Money,In-Store,2023-08-06,
TXN_1072445,CUST_425,Furniture,Shelf,55.0,2,110.0,Cash,In-Store,2023-10-08,
TXN_7690085,CUST_265,Butchers,Beef,14.0,7,98.0,Mobile Money,Online,2024-04-02,False
TXN_7245860,CUST_328,Food,Rice,5.5,9,49.5,Unknown,Online,2024-03-24,True
TXN_4145523,CUST_296,Butchers,Sausage,7.5,4,30.0,Cash,In-Store,2023-01-02,True
TXN_1135787,CUST_345,Furniture,Cabinet,95.0,5,475.0,Cash,In-Store,2024-08-01,
TXN_7886940,CUST_383,Butchers,Lamb,16.0,10,160.0,Digital Wallet,In-Store,2022-03-15,True
TXN_5253788,CUST_447,Patisserie,Doughnut,3.5,6,21.0,Digital Wallet,In-Store,2022-05-08,False
TXN_9336688,CUST_344,Furniture,Shelf,55.0,3,165.0,Credit Card,In-Store,2024-05-11,
TXN_5889084,CUST_273,Food,Pasta,4.5,4,18.0,Digital Wallet,Online,2022-04-14,False
TXN_8132537,CUST_075,Furniture,Cabinet,95.0,2,190.0,Mobile Money,Online,2023-09-19,False
TXN_8728378,CUST_150,Stationery,Stapler,6.0,5,30.0,Mobile Money,In-Store,2022-11-02,False
TXN_4127510,CUST_251,Butchers,Chicken,9.0,8,72.0,Mobile Money,In-Store,2022-04-12,True
TXN_8460612,CUST_245,Stationery,Notebook,4.0,2,8.0,Digital Wallet,In-Store,2022-08-24,False
TXN_3770742,CUST_455,Patisserie,Cake,18.0,3,54.0,Mobile Money,Online,2024-02-11,False
TXN_4416698,CUST_116,Beverages,Soda,2.0,1,2.0,Unknown,Online,2024-11-06,False
TXN_2096878,CUST_194,Food,Cooking Oil,8.0,10,80.0,Mobile Money,Online,2023-01-20,
TXN_1051866,CUST_324,Furniture,Desk,120.0,2,240.0,Cash,Online,2023-01-30,False
TXN_3286113,CUST_105,Stationery,Stapler,6.0,7,42.0,Mobile Money,In-Store,2022-01-22,
TXN_7499998,CUST_042,Stationery,Notebook,4.0,3,12.0,Digital Wallet,Online,2023-03-21,False
TXN_5563653,CUST_059,Food,Cereal,6.0,6,36.0,Mobile Money,Online,2022-05-26,False
TXN_8496287,CUST_163,Electronics,Charger,25.0,5,125.0,Digital Wallet,In-Store,2024-04-07,True
TXN_8157432,CUST_080,Stationery,Notebook,4.0,6,24.0,Cash,In-Store,2023-03-21,
TXN_6019155,CUST_096,Stationery,Stapler,6.0,4,24.0,Cash,Online,2024-12-30,False
TXN_1875122,CUST_094,Patisserie,Cake,18.0,9,162.0,Cash,In-Store,2022-10-10,False
TXN_4988485,CUST_239,Stationery,Pen,1.5,9,13.5,Digital Wallet,Online,2022-08-16,
TXN_8586288,CUST_328,Furniture,Table,80.0,3,240.0,Mobile Money,In-Store,2023-08-03,
TXN_7966786,CUST_211,Food,Bread,3.0,7,21.0,Cash,Online,2024-10-05,True
TXN_9610162,CUST_026,Butchers,Sausage,7.5,2,15.0,Cash,In-Store,2023-08-29,False
TXN_1340521,CUST_157,Stationery,Pen,1.5,6,9.0,Digital Wallet,In-Store,2024-04-05,False
TXN_3796175,CUST_008,Food,Pasta,4.5,8,36.0,Cash,In-Store,2023-07-06,False
TXN_5020011,CUST_416,Furniture,Unknown,120.0,1,120.0,Digital Wallet,In-Store,2022-04-16,False
TXN_6460388,CUST_151,Furniture,Shelf,55.0,10,550.0,Cash,In-Store,2023-05-11,False
TXN_9873895,CUST_461,Beverages,Juice,4.0,7,28.0,Digital Wallet,In-Store,2024-09-16,
TXN_8860187,CUST_459,Stationery,Pen,1.5,1,1.5,Digital Wallet,Unknown,2024-03-21,True
TXN_2565831,CUST_450,Butchers,Chicken,9.0,2,18.0,Digital Wallet,In-Store,2023-03-20,False
TXN_7379689,CUST_322,Butchers,Pork,12.0,4,48.0,Mobile Money,Online,2023-01-01,True
TXN_4640379,CUST_479,Stationery,Pen,1.5,3,4.5,Digital Wallet,In-Store,2023-07-04,
TXN_7784955,CUST_018,Food,Pasta,4.5,10,45.0,Digital Wallet,In-Store,2023-09-01,False
TXN_7383058,CUST_222,Beverages,Soda,2.0,7,14.0,Unknown,In-Store,2023-06-14,
TXN_1694102,CUST_353,Food,Cereal,6.0,2,12.0,Digital Wallet,Online,2024-03-23,False
TXN_1666699,CUST_296,Beverages,Water,1.5,7,10.5,Credit Card,Online,2022-01-01,
TXN_6880599,CUST_340,Stationery,Marker,2.5,4,10.0,Digital Wallet,Online,2023-11-25,
TXN_5404309,CUST_275,Butchers,Chicken,9.0,3,27.0,Digital Wallet,Online,2024-08-07,
TXN_9141274,CUST_488,Food,Cooking Oil,8.0,10,80.0,Cash,In-Store,2023-09-28,False
TXN_3057985,CUST_038,Beverages,Coffee,2.5,3,7.5,Mobile Money,Online,2023-09-07,False
TXN_6387408,CUST_085,Food,Rice,5.5,3,16.5,Credit Card,In-Store,2022-01-01,
TXN_5768026,CUST_058,Food,Unknown,5.5,4,22.0,Credit Card,Online,2023-06-21,
TXN_5639885,CUST_248,Patisserie,Muffin,4.5,10,45.0,Digital Wallet,In-Store,2022-02-11,False
TXN_8205547,CUST_152,Beverages,Water,1.5,1,1.5,Digital Wallet,In-Store,2023-03-18,
TXN_4667931,CUST_436,Electronics,Keyboard,35.0,5,175.0,Mobile Money,Online,2024-11-03,
TXN_3811114,CUST_453,Food,Cereal,6.0,9,54.0,Credit Card,In-Store,2024-11-22,False
TXN_3006759,CUST_290,Patisserie,Cake,18.0,9,162.0,Digital Wallet,In-Store,2023-10-26,
TXN_7149620,CUST_085,Patisserie,Pie,12.0,4,48.0,Digital Wallet,In-Store,2023-09-19,False
TXN_5605914,CUST_192,Electronics,Keyboard,35.0,7,245.0,Credit Card,In-Store,2022-11-10,False
TXN_9629371,CUST_356,Food,Cereal,6.0,10,60.0,Credit Card,Online,2022-08-25,True
TXN_5024537,CUST_206,Stationery,Folder,3.0,7,21.0,Digital Wallet,Online,2023-01-20,False
TXN_6339434,CUST_172,Beverages,Water,1.5,4,6.0,Digital Wallet,Online,2022-07-26,True
TXN_4878131,CUST_224,Food,Cereal,6.0,7,42.0,Credit Card,Online,2022-08-05,False
TXN_7413203,CUST_230,Butchers,Beef,14.0,9,126.0,Cash,In-Store,2024-01-29,False
TXN_2325562,CUST_134,Food,Cereal,6.0,2,12.0,Cash,Online,2024-05-10,False
TXN_4958905,CUST_211,Butchers,Lamb,16.0,3,48.0,Mobile Money,Online,2023-01-11,False
TXN_6440347,CUST_364,Patisserie,Croissant,5.0,6,30.0,Digital Wallet,In-Store,2022-04-08,
TXN_7742620,CUST_174,Food,Pasta,4.5,,4.5,Mobile Money,Online,2022-04-19,True
TXN_3740855,CUST_170,Food,Bread,3.0,6,18.0,Cash,In-Store,2022-09-17,False
TXN_2991824,CUST_159,Beverages,Juice,4.0,1,4.0,Credit Card,In-Store,2023-11-23,False
TXN_1136973,CUST_168,Food,Rice,5.5,9,49.5,Credit Card,In-Store,2024-04-07,True
TXN_9307079,CUST_343,Stationery,Folder,3.0,4,12.0,Cash,Online,2023-11-19,True
TXN_5583998,CUST_485,Stationery,Stapler,6.0,2,12.0,Cash,In-Store,2024-10-13,False
TXN_6899428,CUST_140,Electronics,Mouse,18.0,2,36.0,Credit Card,In-Store,2023-02-13,True
TXN_7298941,CUST_224,Furniture,Table,80.0,7,560.0,Cash,Online,2022-03-03,False
TXN_7156756,CUST_202,Electronics,Headphones,22.0,2,44.0,Cash,Online,2024-11-30,False
TXN_3708685,CUST_078,Stationery,Stapler,6.0,4,24.0,Mobile Money,In-Store,2023-08-31,False
TXN_1185639,CUST_356,Beverages,Soda,2.0,5,10.0,Digital Wallet,Online,2024-09-10,False
TXN_9802690,CUST_471,Stationery,Pen,1.5,6,9.0,Mobile Money,In-Store,2023-09-09,False
TXN_5753204,CUST_028,Beverages,Juice,4.0,9,36.0,Credit Card,In-Store,2024-04-04,False
TXN_9491984,CUST_332,Stationery,Stapler,6.0,3,18.0,Mobile Money,Online,2023-11-01,True
TXN_6776353,CUST_367,Butchers,Beef,14.0,3,42.0,Mobile Money,Online,2022-06-19,
TXN_4625991,CUST_005,Stationery,Folder,3.0,7,21.0,Credit Card,Online,2022-04-22,False
TXN_6146713,CUST_245,Electronics,Keyboard,35.0,5,175.0,Credit Card,In-Store,2022-12-24,True
TXN_7451351,CUST_045,Food,Rice,5.5,3,16.5,Mobile Money,In-Store,2022-02-26,False
TXN_7707432,CUST_394,Food,Bread,3.0,5,15.0,Cash,In-Store,2022-09-08,True
TXN_2239402,CUST_066,Butchers,Pork,12.0,3,36.0,Digital Wallet,In-Store,2024-03-19,True
TXN_5486856,CUST_134,Food,Pasta,4.5,7,31.5,Digital Wallet,Online,2023-09-30,False
TXN_1020734,CUST_358,Electronics,Keyboard,35.0,2,70.0,Digital Wallet,Online,2022-04-23,True
TXN_7510824,CUST_251,Patisserie,Pie,12.0,7,84.0,Digital Wallet,Online,2023-10-12,False
TXN_6211276,CUST_069,Patisserie,Doughnut,3.5,2,7.0,Mobile Money,Online,2024-04-25,False
TXN_9995956,CUST_152,Stationery,Stapler,6.0,1,6.0,Mobile Money,In-Store,2023-10-24,
TXN_1869953,CUST_234,Food,Cooking Oil,8.0,4,32.0,Cash,In-Store,2024-03-01,False
TXN_7562865,CUST_206,Patisserie,Doughnut,3.5,7,24.5,Credit Card,In-Store,2024-11-16,False
TXN_3217181,CUST_119,Butchers,Pork,12.0,10,120.0,Digital Wallet,In-Store,2024-02-19,
TXN_9358827,CUST_466,Electronics,Mouse,18.0,5,90.0,Mobile Money,In-Store,2023-11-11,False
TXN_3360901,CUST_195,Patisserie,Croissant,5.0,7,35.0,Credit Card,In-Store,2023-08-17,False
TXN_7110743,CUST_485,Butchers,Sausage,7.5,6,45.0,Cash,In-Store,2024-05-26,False
TXN_8063810,CUST_270,Patisserie,Cake,18.0,1,18.0,Cash,Online,2022-11-22,False
TXN_7521575,CUST_428,Furniture,Desk,120.0,9,1080.0,Digital Wallet,In-Store,2022-11-22,True
TXN_9208996,CUST_067,Beverages,Coffee,2.5,4,10.0,Mobile Money,In-Store,2024-12-22,False
TXN_4843139,CUST_007,Beverages,Water,1.5,1,1.5,Cash,In-Store,2022-03-24,
TXN_1416880,CUST_101,Stationery,Pen,1.5,3,4.5,Cash,Online,2023-11-30,False
TXN_6313784,CUST_488,Beverages,Coffee,2.5,3,7.5,Credit Card,Online,2022-06-01,False
TXN_7098915,CUST_100,Beverages,Coffee,2.5,1,2.5,Credit Card,In-Store,2023-11-28,True
TXN_9796166,CUST_406,Butchers,Beef,14.0,6,84.0,Cash,Online,2024-08-14,False
TXN_2854165,CUST_215,Patisserie,Croissant,5.0,8,40.0,Credit Card,In-Store,2023-01-28,
TXN_1401699,CUST_433,Stationery,Marker,2.5,9,22.5,Digital Wallet,In-Store,2024-01-31,False
TXN_2695639,CUST_006,Furniture,Cabinet,95.0,10,950.0,Mobile Money,Online,2022-10-22,True
TXN_2369943,CUST_141,Beverages,Soda,2.0,7,14.0,Cash,Online,2022-05-08,False
TXN_1708359,CUST_426,Electronics,USB Cable,8.0,4,32.0,Cash,In-Store,2023-10-15,False
TXN_3884728,CUST_387,Butchers,Pork,12.0,10,120.0,Digital Wallet,Online,2022-10-27,False
TXN_1954227,CUST_182,Butchers,Beef,14.0,7,98.0,Unknown,Online,2024-11-18,False
TXN_6241684,CUST_258,Beverages,Tea,3.5,8,28.0,Cash,Online,2022-12-29,False
TXN_7751111,CUST_154,Butchers,Pork,12.0,10,120.0,Credit Card,In-Store,2022-02-22,False
TXN_2092886,CUST_353,Butchers,Pork,12.0,4,48.0,Credit Card,Online,2023-04-07,
TXN_3442905,CUST_293,Stationery,Stapler,6.0,10,60.0,Digital Wallet,Online,2022-09-16,
TXN_6222798,CUST_211,Electronics,USB Cable,8.0,4,32.0,Digital Wallet,In-Store,2023-06-24,False
TXN_6311154,CUST_334,Stationery,Marker,2.5,4,10.0,Digital Wallet,In-Store,2023-11-21,
TXN_6439619,CUST_093,Patisserie,Muffin,4.5,3,13.5,Digital Wallet,Online,2024-05-10,False
TXN_2594575,CUST_490,Stationery,Marker,2.5,10,25.0,Cash,Online,2022-11-03,True
TXN_2586578,CUST_463,Electronics,Charger,25.0,1,25.0,Cash,Online,2024-12-24,
TXN_9333920,CUST_447,Furniture,Shelf,55.0,1,55.0,Mobile Money,Online,2023-04-17,False
TXN_6402066,CUST_434,Stationery,Stapler,6.0,8,48.0,Digital Wallet,Online,2024-06-28,False
TXN_7472036,CUST_145,Stationery,Pen,1.5,4,6.0,Mobile Money,Online,2022-07-23,True
TXN_8560147,CUST_010,Electronics,Charger,25.0,8,200.0,Mobile Money,Online,2022-06-01,False
TXN_6928465,CUST_284,Butchers,Chicken,9.0,5,45.0,Mobile Money,Online,2024-09-29,
TXN_9521267,CUST_345,Electronics,Keyboard,35.0,7,245.0,Mobile Money,In-Store,2022-10-05,False
TXN_4740329,CUST_321,Beverages,Juice,4.0,4,16.0,Credit Card,In-Store,2022-11-07,False
TXN_6535820,CUST_018,Furniture,Desk,120.0,,960.0,Credit Card,Online,2023-11-29,False
TXN_6690912,CUST_300,Stationery,Folder,3.0,1,3.0,Mobile Money,In-Store,2024-05-28,False
TXN_4114659,CUST_006,Food,Unknown,8.0,4,32.0,Mobile Money,In-Store,2023-12-18,False
TXN_9239115,CUST_345,Beverages,Tea,3.5,8,28.0,Cash,Online,2024-07-25,True
TXN_8679086,CUST_104,Butchers,Chicken,9.0,4,36.0,Digital Wallet,Online,2023-06-23,False
TXN_2810890,CUST_104,Electronics,Charger,25.0,8,200.0,Digital Wallet,In-Store,2022-04-14,False
TXN_4303364,CUST_397,Electronics,USB Cable,8.0,9,72.0,Digital Wallet,Online,2022-11-02,
TXN_6741391,CUST_088,Patisserie,Muffin,4.5,6,27.0,Cash,In-Store,2023-11-09,
TXN_5820803,CUST_092,Butchers,Sausage,7.5,7,52.5,Credit Card,In-Store,2024-12-01,True
TXN_5779994,CUST_155,Beverages,Tea,3.5,9,31.5,Credit Card,Online,2022-02-28,False
TXN_5204955,CUST_424,Patisserie,Croissant,5.0,5,25.0,Mobile Money,In-Store,2022-11-28,True
TXN_5608903,CUST_243,Electronics,Headphones,22.0,8,176.0,Digital Wallet,In-Store,2024-06-12,False
TXN_3485190,CUST_400,Beverages,Coffee,2.5,4,10.0,Mobile Money,In-Store,2023-04-14,False
TXN_4738932,CUST_357,Furniture,Cabinet,95.0,8,760.0,Mobile Money,Online,2023-01-25,True
TXN_8674499,CUST_372,Food,Cooking Oil,8.0,7,56.0,Cash,Online,2022-02-22,False
TXN_6881718,CUST_266,Butchers,Sausage,7.5,1,7.5,Cash,Online,2022-08-16,False
TXN_5276945,CUST_116,Beverages,Soda,2.0,1,2.0,Digital Wallet,Online,2023-02-11,False
TXN_7211715,CUST_360,Furniture,Desk,120.0,2,240.0,Digital Wallet,Online,2023-11-22,False
TXN_6865522,CUST_309,Stationery,Folder,3.0,9,27.0,Credit Card,Online,2024-10-01,
TXN_5819075,CUST_111,Furniture,Cabinet,95.0,10,950.0,Cash,Online,2024-11-09,
TXN_9658202,CUST_366,Patisserie,Doughnut,3.5,9,31.5,Mobile Money,In-Store,2023-03-23,False
TXN_1927510,CUST_140,Food,Bread,3.0,1,3.0,Digital Wallet,In-Store,2022-03-05,False
TXN_9955118,CUST_072,Stationery,Notebook,4.0,6,24.0,Cash,In-Store,2022-09-26,False
TXN_4329803,CUST_150,Electronics,USB Cable,8.0,10,80.0,Cash,Online,2023-05-28,False
TXN_7137157,CUST_160,Electronics,Headphones,22.0,6,132.0,Digital Wallet,Online,2023-06-09,
TXN_7053572,CUST_216,Patisserie,Pie,12.0,2,24.0,Cash,In-Store,2023-01-15,False
TXN_8110779,CUST_242,Patisserie,Unknown,4.5,4,18.0,Digital Wallet,In-Store,2023-01-17,False
TXN_4092049,CUST_155,Butchers,Pork,12.0,7,84.0,Mobile Money,In-Store,2023-07-13,False
TXN_7632749,CUST_232,Patisserie,Cake,18.0,3,54.0,Mobile Money,Online,2023-01-29,
TXN_7891068,CUST_291,Butchers,Lamb,16.0,9,144.0,Credit Card,In-Store,2023-02-05,False
TXN_1018679,CUST_219,Furniture,Cabinet,95.0,8,760.0,Unknown,In-Store,2024-04-17,False
TXN_6438757,CUST_062,Butchers,Lamb,16.0,6,96.0,Credit Card,Online,2022-07-29,False
TXN_7317538,CUST_435,Patisserie,Muffin,4.5,2,9.0,Mobile Money,Online,2023-11-28,False
TXN_8414440,CUST_461,Food,Bread,3.0,3,9.0,Digital Wallet,In-Store,2023-02-20,False
TXN_4480704,CUST_462,Furniture,Shelf,55.0,3,165.0,Cash,Unknown,2024-07-24,False
TXN_7069421,CUST_208,Stationery,Pen,1.5,9,13.5,Credit Card,Online,2022-07-02,True
TXN_2141452,CUST_337,Beverages,Soda,2.0,4,8.0,Credit Card,Online,2023-04-26,False
TXN_9341613,CUST_353,Butchers,Sausage,7.5,2,15.0,Mobile Money,Online,2022-10-03,True
TXN_1389273,CUST_408,Furniture,Shelf,55.0,6,330.0,Digital Wallet,Online,2024-03-16,
TXN_7910001,CUST_424,Beverages,Juice,4.0,1,4.0,Mobile Money,In-Store,2024-05-31,True
TXN_4420099,CUST_232,Electronics,Headphones,22.0,4,88.0,Mobile Money,In-Store,2022-02-23,False
TXN_7039799,CUST_150,Butchers,Lamb,16.0,,64.0,Credit Card,In-Store,2022-08-05,False
TXN_6837196,CUST_192,Furniture,Chair,35.0,7,245.0,Digital Wallet,Online,2024-06-25,True
TXN_2236968,CUST_227,Food,Pasta,4.5,4,18.0,Mobile Money,Online,2024-09-09,False
TXN_5543511,CUST_175,Stationery,Folder,3.0,5,15.0,Credit Card,Online,2023-02-16,False
TXN_4803544,CUST_207,Patisserie,Pie,12.0,6,72.0,Cash,In-Store,2023-11-04,False
TXN_3425925,CUST_182,Butchers,Unknown,9.0,4,36.0,Cash,Online,2022-06-30,
TXN_3758950,CUST_442,Stationery,Stapler,6.0,10,60.0,Digital Wallet,Online,2024-06-09,False
TXN_4907336,CUST_004,Furniture,Cabinet,95.0,2,190.0,Cash,In-Store,2022-03-14,
TXN_7658187,CUST_441,Patisserie,Muffin,4.5,5,22.5,Mobile Money,In-Store,2023-10-26,
TXN_2668416,CUST_186,Electronics,Headphones,22.0,2,44.0,Credit Card,Online,2024-09-08,
TXN_4566375,CUST_253,Electronics,Headphones,22.0,3,66.0,Cash,Online,2024-08-05,
TXN_6103699,CUST_159,Food,Bread,3.0,4,12.0,Credit Card,Online,2023-06-06,False
TXN_3206810,CUST_197,Patisserie,Muffin,4.5,6,27.0,Cash,Online,2022-08-08,
TXN_3817527,CUST_232,Patisserie,Doughnut,3.5,2,7.0,Cash,Online,2023-11-23,
TXN_5225820,CUST_183,Furniture,Cabinet,95.0,1,95.0,Digital Wallet,Online,2024-06-19,False
TXN_3483716,CUST_071,Patisserie,Croissant,5.0,8,40.0,Credit Card,In-Store,2023-02-20,False
TXN_3506393,CUST_038,Stationery,Stapler,6.0,4,24.0,Digital Wallet,In-Store,2023-01-17,True
TXN_3554293,CUST_170,Electronics,Charger,25.0,5,125.0,Digital Wallet,In-Store,2023-01-16,False
TXN_1833469,CUST_458,Electronics,Mouse,18.0,4,72.0,Mobile Money,In-Store,2023-06-09,False
TXN_2981736,CUST_374,Electronics,USB Cable,8.0,4,32.0,Digital Wallet,Online,2022-02-01,False
TXN_3951663,CUST_247,Beverages,Tea,3.5,1,3.5,Credit Card,Online,2024-11-27,False
TXN_5089254,CUST_233,Beverages,Soda,2.0,8,16.0,Cash,In-Store,2024-05-23,
TXN_9195665,CUST_254,Patisserie,Muffin,4.5,7,31.5,Cash,In-Store,2022-04-07,
TXN_4782914,CUST_113,Patisserie,Cake,18.0,8,144.0,Digital Wallet,In-Store,2022-06-12,False
TXN_8154474,CUST_047,Electronics,USB Cable,8.0,3,24.0,Digital Wallet,Online,2022-07-13,False
TXN_6174895,CUST_120,Beverages,Tea,3.5,4,14.0,Credit Card,Online,2022-02-27,False
TXN_7621764,CUST_001,Food,Bread,3.0,8,24.0,Digital Wallet,Online,2023-09-12,
TXN_5768585,CUST_189,Stationery,Notebook,4.0,6,24.0,Digital Wallet,In-Store,2022-10-21,True
TXN_7446802,CUST_298,Patisserie,Doughnut,3.5,6,21.0,Cash,In-Store,2024-03-06,False
TXN_6289725,CUST_079,Butchers,Lamb,16.0,3,48.0,Digital Wallet,In-Store,2024-01-26,True
TXN_9172993,CUST_496,Stationery,Marker,2.5,10,25.0,Digital Wallet,Online,2022-09-30,False
TXN_8791507,CUST_424,Butchers,Chicken,9.0,1,9.0,Cash,Online,2022-08-26,False
TXN_3430506,CUST_354,Furniture,Desk,120.0,2,240.0,Cash,In-Store,2023-10-05,True
TXN_2813065,CUST_175,Electronics,Mouse,18.0,3,54.0,Credit Card,Online,2024-11-12,False
TXN_5863182,CUST_229,Beverages,Water,1.5,4,6.0,Cash,Online,2023-11-17,
TXN_8900171,CUST_394,Food,Bread,3.0,1,3.0,Cash,In-Store,2022-06-26,
TXN_4590511,CUST_058,Stationery,Pen,1.5,,10.5,Credit Card,In-Store,2024-12-01,False
TXN_8680071,CUST_380,Patisserie,Pie,12.0,8,96.0,Credit Card,In-Store,2022-04-11,
TXN_1988144,CUST_164,Electronics,Charger,25.0,2,50.0,Mobile Money,In-Store,2024-02-22,
TXN_1166232,CUST_391,Butchers,Chicken,9.0,7,63.0,Digital Wallet,In-Store,2022-10-21,False
TXN_8265795,CUST_035,Beverages,Soda,2.0,1,2.0,Mobile Money,In-Store,2022-01-17,
TXN_3723408,CUST_418,Food,Cooking Oil,8.0,9,72.0,Digital Wallet,In-Store,2023-04-22,True
TXN_6244786,CUST_232,Electronics,Keyboard,35.0,6,210.0,Credit Card,In-Store,2023-05-21,
TXN_7808640,CUST_292,Stationery,Unknown,3.0,8,24.0,Digital Wallet,In-Store,2023-06-25,False
TXN_2965629,CUST_320,Beverages,Juice,4.0,5,20.0,Cash,Online,2024-06-16,False
TXN_3801329,CUST_189,Stationery,Stapler,6.0,5,30.0,Unknown,Online,2023-08-07,True
TXN_3506332,CUST_232,Furniture,Table,80.0,1,80.0,Credit Card,Online,2024-11-12,False
TXN_3927109,CUST_099,Stationery,Stapler,6.0,5,30.0,Mobile Money,In-Store,2024-11-26,
TXN_4033932,CUST_180,Patisserie,Pie,12.0,8,96.0,Digital Wallet,Online,2024-05-04,False
TXN_5274760,CUST_248,Food,Cooking Oil,8.0,4,32.0,Digital Wallet,In-Store,2022-02-15,False
TXN_9641123,CUST_090,Furniture,Cabinet,95.0,9,855.0,Digital Wallet,Online,2023-05-18,False
TXN_9536580,CUST_448,Patisserie,Pie,12.0,1,12.0,Cash,In-Store,2022-11-26,
TXN_4852648,CUST_319,Beverages,Water,1.5,9,13.5,Mobile Money,Online,2023-09-16,False
TXN_5677202,CUST_027,Food,Cereal,6.0,6,36.0,Cash,Online,2023-01-07,False
TXN_1077538,CUST_362,Stationery,Folder,3.0,7,21.0,Credit Card,In-Store,2024-12-21,True
TXN_5122758,CUST_374,Food,Cereal,6.0,1,6.0,Mobile Money,Unknown,2024-03-29,True
TXN_1688105,CUST_223,Beverages,Juice,4.0,2,8.0,Credit Card,Online,2023-11-17,True
TXN_2893223,CUST_495,Patisserie,Muffin,4.5,1,4.5,Cash,In-Store,2023-09-20,False
TXN_9297323,CUST_346,Food,Unknown,5.5,2,11.0,Digital Wallet,Online,2024-07-13,True
TXN_2829553,CUST_338,Butchers,Pork,12.0,10,120.0,Credit Card,In-Store,2022-08-04,
TXN_3368524,CUST_183,Butchers,Unknown,14.0,6,84.0,Cash,In-Store,2022-03-29,False
TXN_6532022,CUST_397,Electronics,Headphones,22.0,9,198.0,Digital Wallet,Online,2022-05-27,True
TXN_8622674,CUST_160,Electronics,Charger,25.0,9,225.0,Credit Card,Online,2022-03-13,False
TXN_1830123,CUST_408,Patisserie,Doughnut,3.5,6,21.0,Mobile Money,In-Store,2024-10-16,False
TXN_9425567,CUST_010,Patisserie,Doughnut,3.5,,28.0,Credit Card,In-Store,2024-11-05,
TXN_8095766,CUST_463,Patisserie,Unknown,18.0,8,144.0,Cash,In-Store,2022-01-15,False
TXN_1792278,CUST_449,Electronics,Mouse,18.0,7,126.0,Cash,Online,2023-09-13,False
TXN_2225332,CUST_391,Electronics,Headphones,22.0,5,110.0,Digital Wallet,In-Store,2024-12-01,False
TXN_9476353,CUST_347,Patisserie,Doughnut,3.5,10,35.0,Credit Card,Online,2023-09-07,
TXN_8800757,CUST_011,Butchers,Lamb,16.0,1,16.0,Cash,Online,2024-07-24,False
TXN_4818067,CUST_467,Furniture,Desk,120.0,7,840.0,Credit Card,In-Store,2022-02-26,False
TXN_8337827,CUST_260,Furniture,Desk,120.0,6,720.0,Credit Card,In-Store,2024-09-26,False
TXN_1297584,CUST_363,Beverages,Tea,3.5,5,17.5,Mobile Money,Online,2023-04-16,False
TXN_7489396,CUST_478,Stationery,Stapler,6.0,1,6.0,Cash,In-Store,2024-10-19,
TXN_1593170,CUST_471,Butchers,Chicken,9.0,1,9.0,Cash,In-Store,2022-06-05,True
TXN_9166076,CUST_467,Electronics,Mouse,18.0,9,162.0,Credit Card,Online,2024-11-06,False
TXN_9323880,CUST_172,Electronics,Mouse,18.0,2,36.0,Mobile Money,In-Store,2022-02-16,
TXN_7489012,CUST_447,Stationery,Stapler,6.0,7,42.0,Mobile Money,Online,2024-11-29,False
TXN_4823873,CUST_018,Electronics,Mouse,18.0,5,90.0,Digital Wallet,In-Store,2022-08-17,True
TXN_8132508,CUST_470,Electronics,Mouse,18.0,4,72.0,Cash,In-Store,2023-12-23,False
TXN_2262752,CUST_460,Stationery,Pen,1.5,5,7.5,Credit Card,Online,2022-09-10,False
TXN_1954192,CUST_062,Food,Bread,3.0,6,18.0,Digital Wallet,In-Store,2022-09-22,False
TXN_8867455,CUST_157,Butchers,Pork,12.0,7,84.0,Digital Wallet,Online,2024-04-18,False
TXN_5085572,CUST_460,Stationery,Stapler,6.0,8,48.0,Unknown,In-Store,2023-06-09,False
TXN_7774870,CUST_225,Furniture,Shelf,55.0,2,110.0,Mobile Money,Online,2022-06-12,False
TXN_7538523,CUST_198,Stationery,Notebook,4.0,10,40.0,Mobile Money,Online,2024-07-26,False
TXN_5863341,CUST_288,Butchers,Lamb,16.0,8,128.0,Credit Card,In-Store,2023-07-17,True
TXN_8659883,CUST_383,Electronics,USB Cable,8.0,2,16.0,Mobile Money,In-Store,2022-04-03,
TXN_2708070,CUST_173,Patisserie,Pie,12.0,2,24.0,Mobile Money,In-Store,2023-02-18,True
TXN_4451345,CUST_040,Electronics,USB Cable,8.0,6,48.0,Digital Wallet,In-Store,2022-06-24,False
TXN_7999993,CUST_030,Food,Cereal,6.0,6,36.0,Credit Card,In-Store,2023-11-10,False
TXN_7652437,CUST_402,Electronics,Keyboard,35.0,7,245.0,Mobile Money,Online,2022-10-19,False
TXN_5419425,CUST_397,Patisserie,Pie,12.0,1,12.0,Credit Card,In-Store,2024-09-18,False
TXN_1944889,CUST_336,Food,Cooking Oil,8.0,8,64.0,Mobile Money,Online,2022-07-08,
TXN_1420594,CUST_439,Food,Cereal,6.0,6,36.0,Digital Wallet,Online,2024-03-05,False
TXN_7282771,CUST_229,Food,Unknown,8.0,9,72.0,Digital Wallet,In-Store,2022-08-20,False
TXN_2082640,CUST_035,Butchers,Chicken,9.0,3,27.0,Digital Wallet,In-Store,2023-04-06,
TXN_5405614,CUST_402,Stationery,Notebook,4.0,10,40.0,Cash,In-Store,2022-04-13,True
TXN_7517963,CUST_400,Stationery,Folder,3.0,5,15.0,Credit Card,Online,2023-03-08,
TXN_2035670,CUST_097,Patisserie,Doughnut,3.5,2,7.0,Credit Card,Online,2024-05-17,True
TXN_2632826,CUST_156,Beverages,Juice,4.0,3,12.0,Credit Card,Online,2024-03-19,False
TXN_3359203,CUST_332,Stationery,Notebook,4.0,3,12.0,Mobile Money,In-Store,2023-10-27,False
TXN_7547762,CUST_430,Patisserie,Muffin,4.5,5,22.5,Digital Wallet,Online,2022-09-21,False
TXN_5143717,CUST_162,Beverages,Soda,2.0,7,14.0,Credit Card,Online,2022-04-14,False
TXN_7940622,CUST_045,Patisserie,Pie,12.0,3,36.0,Credit Card,In-Store,2022-09-11,
TXN_5010086,CUST_481,Furniture,Shelf,55.0,6,330.0,Digital Wallet,In-Store,2024-03-23,False
TXN_9375366,CUST_269,Beverages,Water,1.5,1,1.5,Credit Card,In-Store,2023-04-23,False
TXN_8315664,CUST_129,Furniture,Desk,120.0,7,840.0,Digital Wallet,Online,2022-09-09,False
TXN_5626558,CUST_286,Patisserie,Doughnut,3.5,10,35.0,Credit Card,Online,2024-04-16,True
TXN_5027662,CUST_105,Beverages,Coffee,2.5,7,17.5,Mobile Money,Online,2022-03-15,True
TXN_3832736,CUST_465,Stationery,Stapler,6.0,5,30.0,Cash,Online,2024-05-26,
TXN_9729430,CUST_358,Patisserie,Cake,18.0,9,162.0,Mobile Money,In-Store,2023-01-05,False
TXN_4476923,CUST_467,Food,Cereal,6.0,2,12.0,Digital Wallet,Online,2024-03-28,
TXN_2401065,CUST_448,Butchers,Pork,12.0,2,24.0,Mobile Money,In-Store,2023-05-18,True
TXN_2764688,CUST_106,Stationery,Folder,3.0,3,9.0,Mobile Money,Online,2024-12-28,
TXN_4093228,CUST_150,Electronics,Unknown,8.0,2,16.0,Credit Card,In-Store,2023-10-08,False
TXN_6504683,CUST_294,Furniture,Cabinet,95.0,10,950.0,Cash,In-Store,2023-07-18,False
TXN_8072224,CUST_435,Patisserie,Cake,18.0,3,54.0,Digital Wallet,In-Store,2022-03-10,True
TXN_2825779,CUST_226,Butchers,Chicken,9.0,5,45.0,Credit Card,In-Store,2022-06-18,False
TXN_5590723,CUST_338,Food,Cooking Oil,8.0,6,48.0,Cash,In-Store,2023-10-04,True
TXN_9244870,CUST_481,Food,Pasta,4.5,4,18.0,Credit Card,In-Store,2023-09-20,False
TXN_9503762,CUST_367,Electronics,Mouse,18.0,8,144.0,Credit Card,In-Store,2022-10-24,
TXN_1058175,CUST_050,Electronics,Headphones,22.0,9,198.0,Cash,In-Store,2023-06-18,False
TXN_2218284,CUST_088,Food,Cereal,6.0,3,18.0,Digital Wallet,In-Store,2023-12-27,False
TXN_7080526,CUST_301,Food,Bread,3.0,9,27.0,Cash,In-Store,2023-06-05,
TXN_6068832,CUST_387,Food,Cereal,6.0,8,48.0,Mobile Money,Online,2024-03-08,False
TXN_9646079,CUST_372,Food,Bread,3.0,4,12.0,Digital Wallet,Online,2023-12-07,False
TXN_6469896,CUST_117,Furniture,Table,80.0,7,560.0,Mobile Money,Online,2024-11-18,False
TXN_9189792,CUST_426,Food,Rice,5.5,5,27.5,Mobile Money,Online,2022-05-13,
TXN_2545329,CUST_242,Stationery,Notebook,4.0,6,24.0,Digital Wallet,Online,2024-03-27,True
TXN_4004032,CUST_085,Butchers,Beef,14.0,8,112.0,Cash,In-Store,2023-01-08,
TXN_7556129,CUST_110,Food,Bread,3.0,4,12.0,Digital Wallet,Online,2022-11-05,False
TXN_8375389,CUST_471,Butchers,Pork,12.0,2,24.0,Mobile Money,In-Store,2023-07-06,True
TXN_6212246,CUST_309,Food,Cooking Oil,8.0,1,8.0,Cash,Online,2022-12-11,
TXN_5602334,CUST_277,Stationery,Folder,3.0,9,27.0,Cash,Online,2023-07-28,False
TXN_3736127,CUST_339,Stationery,Folder,3.0,4,12.0,Mobile Money,In-Store,2024-09-30,False
TXN_6716288,CUST_093,Food,Pasta,4.5,5,22.5,Mobile Money,Online,2024-05-21,True
TXN_3864048,CUST_298,Stationery,Pen,1.5,5,7.5,Credit Card,Online,2024-03-11,False
TXN_5618219,CUST_221,Furniture,Desk,120.0,8,960.0,Digital Wallet,Online,2023-12-14,False
TXN_9351227,CUST_449,Electronics,Mouse,18.0,3,54.0,Unknown,Online,2024-11-26,False
TXN_8793839,CUST_281,Electronics,Mouse,18.0,4,72.0,Credit Card,In-Store,2022-05-29,False
TXN_5363089,CUST_248,Electronics,Keyboard,35.0,7,245.0,Credit Card,In-Store,2024-05-22,False
TXN_4156959,CUST_058,Stationery,Stapler,6.0,5,30.0,Cash,In-Store,2023-11-17,True
TXN_6102506,CUST_357,Beverages,Juice,4.0,8,32.0,Mobile Money,In-Store,2024-11-13,True
TXN_1058527,CUST_010,Patisserie,Muffin,4.5,10,45.0,Credit Card,Online,2023-09-09,False
TXN_5263272,CUST_324,Patisserie,Pie,12.0,3,36.0,Digital Wallet,In-Store,2024-08-08,
TXN_1424528,CUST_187,Patisserie,Cake,18.0,7,126.0,Mobile Money,Online,2024-01-24,
TXN_2681641,CUST_090,Patisserie,Doughnut,3.5,6,21.0,Credit Card,Online,2024-11-01,False
TXN_3481410,CUST_203,Food,Cereal,6.0,3,18.0,Cash,Online,2023-08-28,
TXN_9752084,CUST_476,Butchers,Beef,14.0,10,140.0,Credit Card,Online,2022-05-10,True
TXN_5273013,CUST_397,Electronics,USB Cable,8.0,2,16.0,Mobile Money,In-Store,2024-03-01,False
TXN_3906375,CUST_110,Patisserie,Croissant,5.0,8,40.0,Digital Wallet,In-Store,2022-08-14,False
TXN_1967444,CUST_377,Furniture,Chair,35.0,3,105.0,Digital Wallet,Online,2023-03-10,False
TXN_5075341,CUST_235,Electronics,Mouse,18.0,7,126.0,Cash,In-Store,2022-12-11,
TXN_1293441,CUST_119,Furniture,Cabinet,95.0,2,190.0,Cash,Online,2024-04-25,True
TXN_5515363,CUST_002,Electronics,Charger,25.0,10,250.0,Digital Wallet,In-Store,2022-10-01,
TXN_8573721,CUST_229,Butchers,Pork,12.0,7,84.0,Mobile Money,Online,2022-05-27,
TXN_7899987,CUST_007,Patisserie,Doughnut,3.5,7,24.5,Digital Wallet,Online,2022-04-07,True
TXN_6712044,CUST_327,Beverages,Soda,2.0,4,8.0,Credit Card,In-Store,2024-02-02,False
TXN_4190159,CUST_177,Food,Bread,3.0,5,15.0,Mobile Money,In-Store,2023-05-17,False
TXN_6359050,CUST_259,Beverages,Coffee,2.5,8,20.0,Cash,Online,2024-03-09,
TXN_8950389,CUST_487,Furniture,Chair,35.0,1,35.0,Credit Card,Online,2022-12-10,
TXN_2544613,CUST_231,Patisserie,Doughnut,3.5,4,14.0,Credit Card,In-Store,2024-02-07,False
TXN_8381847,CUST_486,Stationery,Notebook,4.0,2,8.0,Mobile Money,Online,2023-08-22,True
TXN_8675862,CUST_380,Electronics,Headphones,22.0,4,88.0,Mobile Money,Online,2024-06-08,False
TXN_3888899,CUST_262,Food,Bread,3.0,5,15.0,Credit Card,In-Store,2023-02-27,
TXN_2663100,CUST_175,Furniture,Table,80.0,10,800.0,Mobile Money,In-Store,2023-12-12,False
TXN_1817052,CUST_422,Beverages,Water,1.5,4,6.0,Credit Card,In-Store,2023-07-08,
TXN_4898888,CUST_109,Beverages,Soda,2.0,8,16.0,Cash,Online,2022-09-29,False
TXN_2187030,CUST_444,Food,Cooking Oil,8.0,9,72.0,Credit Card,Online,2023-03-23,False
TXN_8226585,CUST_102,Patisserie,Muffin,4.5,4,18.0,Credit Card,Online,2023-09-13,True
TXN_5475156,CUST_020,Furniture,Chair,35.0,7,245.0,Credit Card,In-Store,2024-12-27,
TXN_1723858,CUST_248,Beverages,Juice,4.0,10,40.0,Mobile Money,In-Store,2022-02-12,False
TXN_8490282,CUST_367,Electronics,USB Cable,8.0,8,64.0,Credit Card,Online,2024-04-01,False
TXN_5993899,CUST_223,Patisserie,Pie,12.0,3,36.0,Digital Wallet,Online,2022-09-07,
TXN_5298917,CUST_117,Electronics,Headphones,22.0,8,176.0,Digital Wallet,Online,2023-04-02,False
TXN_9700349,CUST_221,Beverages,Water,1.5,8,12.0,Digital Wallet,Unknown,2022-04-05,
TXN_5762777,CUST_234,Furniture,Shelf,55.0,10,550.0,Mobile Money,In-Store,2023-05-10,False
TXN_1707609,CUST_441,Furniture,Table,80.0,3,240.0,Cash,Unknown,2023-10-04,
TXN_7690694,CUST_450,Beverages,Soda,2.0,2,4.0,Digital Wallet,In-Store,2024-09-06,False
TXN_2442970,CUST_359,Furniture,Shelf,55.0,5,275.0,Digital Wallet,Online,2022-06-14,False
TXN_8107936,CUST_487,Stationery,Pen,1.5,6,9.0,Digital Wallet,In-Store,2023-04-15,False
TXN_7564571,CUST_393,Food,Bread,3.0,4,12.0,Credit Card,In-Store,2024-07-27,
TXN_1727402,CUST_237,Beverages,Soda,2.0,7,14.0,Digital Wallet,In-Store,2023-10-27,False
TXN_1029813,CUST_464,Beverages,Coffee,2.5,10,25.0,Mobile Money,Online,2023-05-02,False
TXN_6998223,CUST_030,Patisserie,Cake,18.0,8,144.0,Cash,In-Store,2022-12-14,
TXN_3390785,CUST_139,Patisserie,Muffin,4.5,3,13.5,Mobile Money,In-Store,2023-11-30,False
TXN_2035408,CUST_065,Food,Pasta,4.5,7,31.5,Digital Wallet,In-Store,2024-09-17,False
TXN_9314286,CUST_256,Food,Cooking Oil,8.0,8,64.0,Mobile Money,In-Store,2022-02-10,False
TXN_8285387,CUST_326,Food,Rice,5.5,1,5.5,Credit Card,Online,2024-05-22,False
TXN_7208714,CUST_148,Furniture,Table,80.0,8,640.0,Mobile Money,In-Store,2024-08-01,
TXN_7396439,CUST_050,Furniture,Shelf,55.0,7,385.0,Cash,In-Store,2022-01-25,True
TXN_1392235,CUST_143,Electronics,Headphones,22.0,7,154.0,Digital Wallet,Online,2024-09-24,False
TXN_2451469,CUST_080,Food,Rice,5.5,1,5.5,Digital Wallet,In-Store,2024-02-05,False
TXN_1454377,CUST_474,Beverages,Coffee,2.5,2,5.0,Cash,Online,2024-08-18,False
TXN_5717771,CUST_211,Stationery,Marker,2.5,1,2.5,Digital Wallet,In-Store,2022-09-15,False
TXN_8887739,CUST_461,Electronics,Keyboard,35.0,10,350.0,Digital Wallet,In-Store,2024-05-13,False
TXN_2316444,CUST_143,Furniture,Shelf,55.0,7,385.0,Digital Wallet,Online,2023-04-17,True
TXN_1704990,CUST_201,Patisserie,Pie,12.0,4,48.0,Mobile Money,In-Store,2022-12-23,False
TXN_8530168,CUST_104,Furniture,Chair,35.0,4,140.0,Digital Wallet,In-Store,2022-04-29,
TXN_4637588,CUST_349,Food,Cooking Oil,8.0,4,32.0,Mobile Money,In-Store,2022-02-07,False
TXN_7658164,CUST_004,Beverages,Juice,4.0,9,36.0,Credit Card,Online,2024-06-23,True
TXN_7621504,CUST_310,Electronics,Headphones,22.0,7,154.0,Credit Card,In-Store,2023-06-16,True
TXN_1018328,CUST_370,Food,Cooking Oil,8.0,7,56.0,Unknown,Online,2024-08-01,False
TXN_4167011,CUST_355,Beverages,Coffee,2.5,9,22.5,Credit Card,Online,2022-03-21,False
TXN_1732958,CUST_389,Patisserie,Muffin,4.5,9,40.5,Mobile Money,Online,2023-03-01,
TXN_7214624,CUST_116,Beverages,Water,1.5,3,4.5,Digital Wallet,In-Store,2024-09-07,False
TXN_7981440,CUST_311,Stationery,Folder,3.0,3,9.0,Cash,In-Store,2024-09-12,
TXN_2997944,CUST_314,Beverages,Water,1.5,8,12.0,Digital Wallet,Unknown,2022-04-13,True
TXN_4941237,CUST_193,Patisserie,Cake,18.0,10,180.0,Credit Card,Online,2022-07-29,
TXN_3465844,CUST_094,Stationery,Folder,3.0,2,6.0,Credit Card,Online,2023-04-06,False
TXN_1507607,CUST_101,Patisserie,Pie,12.0,2,24.0,Credit Card,In-Store,2024-07-13,False
TXN_9357038,CUST_332,Electronics,Charger,25.0,9,225.0,Cash,In-Store,2024-03-08,False
TXN_8812683,CUST_003,Furniture,Chair,35.0,9,315.0,Cash,In-Store,2022-10-15,False
TXN_5457856,CUST_410,Butchers,Pork,12.0,8,96.0,Credit Card,Online,2022-05-03,False
TXN_2950408,CUST_214,Food,Bread,3.0,8,24.0,Mobile Money,In-Store,2023-08-24,False
TXN_6849151,CUST_256,Patisserie,Cake,18.0,9,162.0,Mobile Money,In-Store,2023-11-01,False
TXN_9392465,CUST_140,Furniture,Desk,120.0,8,960.0,Cash,In-Store,2024-10-12,False
TXN_2012633,CUST_373,Patisserie,Pie,12.0,10,120.0,Digital Wallet,Online,2024-02-17,
TXN_9681844,CUST_136,Butchers,Sausage,7.5,6,45.0,Cash,In-Store,2022-11-29,False
TXN_5863099,CUST_019,Food,Cooking Oil,8.0,3,24.0,Cash,Online,2024-11-11,False
TXN_4616446,CUST_353,Stationery,Notebook,4.0,10,40.0,Digital Wallet,In-Store,2022-11-10,False
TXN_4896854,CUST_456,Stationery,Pen,1.5,3,4.5,Cash,In-Store,2024-11-17,
TXN_7042060,CUST_106,Patisserie,Doughnut,3.5,3,10.5,Cash,Online,2022-06-14,
TXN_5696829,CUST_350,Beverages,Tea,3.5,7,24.5,Cash,Online,2024-08-29,True
TXN_3375646,CUST_172,Electronics,Keyboard,35.0,1,35.0,Mobile Money,Online,2022-05-26,True
TXN_4641771,CUST_452,Beverages,Juice,4.0,3,12.0,Mobile Money,Online,2024-06-29,
TXN_7829694,CUST_131,Food,Cooking Oil,8.0,9,72.0,Credit Card,Online,2022-08-31,False
TXN_9548080,CUST_021,Food,Cereal,6.0,3,18.0,Credit Card,In-Store,2022-08-16,False
TXN_2181782,CUST_264,Furniture,Table,80.0,3,240.0,Credit Card,In-Store,2022-07-04,False
TXN_2065521,CUST_378,Patisserie,Cake,18.0,4,72.0,Cash,In-Store,2024-12-11,True
TXN_1917930,CUST_444,Beverages,Coffee,2.5,10,25.0,Mobile Money,Online,2023-09-23,False
TXN_5445018,CUST_400,Electronics,Mouse,18.0,6,108.0,Mobile Money,Online,2022-09-16,
TXN_9072750,CUST_335,Stationery,Folder,3.0,3,9.0,Digital Wallet,Online,2024-10-28,False
TXN_5645289,CUST_465,Food,Cooking Oil,8.0,1,8.0,Digital Wallet,Online,2024-07-07,False
TXN_5914005,CUST_146,Beverages,Tea,3.5,7,24.5,Mobile Money,Online,2024-11-16,False
TXN_4476732,CUST_441,Butchers,Lamb,16.0,1,16.0,Credit Card,In-Store,2022-08-15,False
TXN_7261545,CUST_018,Beverages,Water,1.5,4,6.0,Digital Wallet,In-Store,2022-09-26,False
TXN_8230251,CUST_059,Butchers,Chicken,9.0,1,9.0,Cash,In-Store,2024-04-25,True
TXN_1499876,CUST_182,Stationery,Marker,2.5,4,10.0,Cash,Online,2024-01-05,False
TXN_5589936,CUST_460,Furniture,Chair,35.0,8,280.0,Digital Wallet,Online,2023-06-14,False
TXN_8037449,CUST_352,Patisserie,Croissant,5.0,9,45.0,Cash,Online,2024-02-27,False
TXN_5020120,CUST_303,Electronics,Headphones,22.0,4,88.0,Credit Card,In-Store,2023-06-17,True
TXN_3108542,CUST_257,Butchers,Sausage,7.5,9,67.5,Mobile Money,In-Store,2022-07-13,True
TXN_1592747,CUST_394,Food,Cooking Oil,8.0,9,72.0,Cash,In-Store,2023-08-22,
TXN_6466610,CUST_006,Electronics,Keyboard,35.0,7,245.0,Cash,Online,2023-09-09,False
TXN_3214442,CUST_431,Patisserie,Doughnut,3.5,10,35.0,Credit Card,In-Store,2022-08-07,True
TXN_7735714,CUST_134,Electronics,Headphones,22.0,4,88.0,Credit Card,In-Store,2022-11-15,
TXN_4135812,CUST_428,Food,Bread,3.0,6,18.0,Cash,Online,2023-10-30,True
TXN_1678066,CUST_276,Electronics,Headphones,22.0,8,176.0,Mobile Money,Online,2024-12-18,
TXN_3865893,CUST_426,Stationery,Folder,3.0,3,9.0,Cash,In-Store,2023-10-01,
TXN_1365171,CUST_259,Stationery,Marker,2.5,6,15.0,Credit Card,In-Store,2023-12-11,False
TXN_9541604,CUST_049,Food,Rice,5.5,8,44.0,Credit Card,Online,2024-03-01,False
TXN_2004646,CUST_196,Patisserie,Doughnut,3.5,5,17.5,Credit Card,In-Store,2024-09-18,False
TXN_1476684,CUST_146,Electronics,Mouse,18.0,9,162.0,Cash,Online,2022-03-06,True
TXN_6105277,CUST_003,Electronics,Headphones,22.0,10,220.0,Digital Wallet,In-Store,2024-02-14,False
TXN_3548157,CUST_080,Patisserie,Croissant,5.0,4,20.0,Cash,Online,2024-07-19,True
TXN_5746825,CUST_216,Beverages,Juice,4.0,10,40.0,Credit Card,In-Store,2024-07-28,
TXN_7703663,CUST_191,Furniture,Chair,35.0,7,245.0,Cash,Online,2022-09-03,True
TXN_3552192,CUST_118,Furniture,Desk,120.0,6,720.0,Credit Card,In-Store,2023-07-22,False
TXN_2842742,CUST_186,Stationery,Stapler,6.0,4,24.0,Mobile Money,Online,2022-09-01,False
TXN_4827539,CUST_462,Food,Pasta,4.5,6,27.0,Mobile Money,Online,2022-01-04,True
TXN_1776385,CUST_482,Food,Rice,5.5,9,49.5,Digital Wallet,Online,2024-05-04,
TXN_2444831,CUST_230,Patisserie,Muffin,4.5,3,13.5,Cash,In-Store,2022-10-21,False
TXN_9014998,CUST_384,Electronics,Headphones,22.0,10,220.0,Digital Wallet,Online,2023-05-19,False
TXN_3281320,CUST_406,Butchers,Beef,14.0,10,140.0,Credit Card,Online,2023-05-06,False
TXN_5972863,CUST_032,Beverages,Coffee,2.5,6,15.0,Mobile Money,In-Store,2022-06-23,False
TXN_8879909,CUST_024,Beverages,Soda,2.0,10,20.0,Credit Card,In-Store,2022-07-12,False
TXN_1716969,CUST_036,Patisserie,Croissant,5.0,6,30.0,Credit Card,In-Store,2022-09-16,False
TXN_4085981,CUST_475,Butchers,Sausage,7.5,5,37.5,Mobile Money,In-Store,2023-03-01,True
TXN_5570634,CUST_162,Furniture,Desk,120.0,10,1200.0,Digital Wallet,Online,2022-06-30,False
TXN_3822136,CUST_083,Stationery,Pen,1.5,6,9.0,Credit Card,In-Store,2024-06-17,
TXN_1298090,CUST_421,Patisserie,Doughnut,3.5,9,31.5,Digital Wallet,In-Store,2022-06-14,
TXN_6395995,CUST_399,Stationery,Notebook,4.0,5,20.0,Cash,In-Store,2024-01-16,
TXN_2418137,CUST_235,Electronics,Charger,25.0,9,225.0,Credit Card,In-Store,2023-11-08,True
TXN_2737095,CUST_163,Patisserie,Muffin,4.5,3,13.5,Digital Wallet,In-Store,2023-01-14,True
TXN_5683024,CUST_252,Food,Rice,5.5,,33.0,Digital Wallet,In-Store,2023-01-05,False
TXN_6109479,CUST_189,Electronics,Headphones,22.0,9,198.0,Credit Card,In-Store,2022-10-29,
TXN_5198100,CUST_487,Furniture,Table,80.0,5,400.0,Cash,In-Store,2022-04-25,False
TXN_8388669,CUST_419,Beverages,Tea,3.5,1,3.5,Digital Wallet,In-Store,2024-01-23,
TXN_3826935,CUST_376,Electronics,Keyboard,35.0,2,70.0,Credit Card,Online,2023-06-09,True
TXN_1052810,CUST_199,Beverages,Tea,3.5,3,10.5,Mobile Money,In-Store,2024-08-14,
TXN_6284869,CUST_198,Butchers,Pork,12.0,4,48.0,Cash,Online,2024-05-08,
TXN_8658791,CUST_191,Food,Bread,3.0,10,30.0,Cash,In-Store,2024-03-15,True
TXN_7123637,CUST_365,Electronics,Charger,25.0,5,125.0,Digital Wallet,Online,2022-05-16,False
TXN_8326065,CUST_209,Patisserie,Croissant,5.0,9,45.0,Digital Wallet,In-Store,2024-04-28,False
TXN_8732101,CUST_095,Patisserie,Croissant,5.0,4,20.0,Mobile Money,In-Store,2024-07-07,True
TXN_6196467,CUST_282,Beverages,Water,1.5,6,9.0,Mobile Money,Online,2022-11-11,
TXN_2683950,CUST_409,Food,Pasta,4.5,3,13.5,Credit Card,In-Store,2023-04-03,
TXN_5375979,CUST_047,Stationery,Folder,3.0,10,30.0,Digital Wallet,Online,2022-04-01,False
TXN_3339767,CUST_323,Food,Pasta,4.5,9,40.5,Digital Wallet,Online,2024-07-09,
TXN_6809701,CUST_293,Electronics,Mouse,18.0,10,180.0,Credit Card,In-Store,2024-04-24,False
TXN_2109839,CUST_017,Electronics,Keyboard,35.0,9,315.0,Mobile Money,In-Store,2024-03-21,False
TXN_8405776,CUST_245,Beverages,Coffee,2.5,4,10.0,Mobile Money,Online,2023-05-06,False
TXN_7618482,CUST_156,Beverages,Water,1.5,4,6.0,Credit Card,In-Store,2024-09-14,False
TXN_3558231,CUST_325,Furniture,Chair,35.0,6,210.0,Mobile Money,Online,2022-07-17,False
TXN_8958711,CUST_048,Butchers,Sausage,7.5,9,67.5,Digital Wallet,Online,2023-08-15,False
TXN_4919816,CUST_430,Butchers,Pork,12.0,7,84.0,Digital Wallet,Online,2022-05-22,True
TXN_9169183,CUST_273,Electronics,Headphones,22.0,10,220.0,Credit Card,Online,2024-02-07,True
TXN_3989475,CUST_217,Butchers,Unknown,12.0,8,96.0,Cash,In-Store,2024-01-31,False
TXN_1527169,CUST_346,Electronics,Keyboard,35.0,3,105.0,Cash,Online,2024-10-14,False
TXN_6543795,CUST_207,Patisserie,Doughnut,3.5,10,35.0,Cash,Online,2023-01-13,False
TXN_7147878,CUST_277,Food,Rice,5.5,1,5.5,Cash,In-Store,2024-06-18,False
TXN_7835275,CUST_298,Butchers,Chicken,9.0,5,45.0,Cash,Online,2023-03-09,False
TXN_4719931,CUST_232,Stationery,Folder,3.0,4,12.0,Cash,Online,2024-08-10,False
TXN_8372432,CUST_242,Furniture,Shelf,55.0,3,165.0,Mobile Money,In-Store,2024-12-30,True
TXN_5658455,CUST_116,Patisserie,Pie,12.0,8,96.0,Cash,Online,2022-12-01,False
TXN_3058602,CUST_335,Furniture,Chair,35.0,9,315.0,Credit Card,Online,2022-10-10,True
TXN_7215140,CUST_374,Furniture,Cabinet,95.0,1,95.0,Mobile Money,Online,2023-04-11,False
TXN_5751770,CUST_440,Electronics,Headphones,22.0,6,132.0,Credit Card,In-Store,2023-11-22,True
TXN_9127333,CUST_321,Stationery,Marker,2.5,10,25.0,Digital Wallet,Online,2023-08-26,False
TXN_2560356,CUST_425,Electronics,Charger,25.0,9,225.0,Cash,In-Store,2023-11-02,False
TXN_8859020,CUST_298,Furniture,Shelf,55.0,9,495.0,Credit Card,In-Store,2023-08-02,True
TXN_1572242,CUST_040,Beverages,Water,1.5,1,1.5,Digital Wallet,Online,2022-03-15,
TXN_2027035,CUST_200,Stationery,Marker,2.5,7,17.5,Credit Card,Online,2023-08-05,
TXN_3563426,CUST_154,Furniture,Table,80.0,4,320.0,Digital Wallet,Online,2024-01-26,False
TXN_2930696,CUST_154,Butchers,Sausage,7.5,9,67.5,Mobile Money,In-Store,2024-11-28,False
TXN_9889116,CUST_309,Stationery,Stapler,6.0,4,24.0,Cash,In-Store,2022-04-22,True
TXN_4875804,CUST_293,Electronics,USB Cable,8.0,7,56.0,Mobile Money,In-Store,2024-01-24,False
TXN_3089187,CUST_362,Beverages,Tea,3.5,2,7.0,Digital Wallet,Online,2023-11-02,False
TXN_7606964,CUST_306,Beverages,Soda,2.0,1,2.0,Mobile Money,Online,2022-06-17,False
TXN_9865006,CUST_492,Electronics,USB Cable,8.0,7,56.0,Cash,In-Store,2022-02-13,False
TXN_4483765,CUST_296,Beverages,Coffee,2.5,8,20.0,Mobile Money,In-Store,2022-03-15,True
TXN_5291033,CUST_438,Food,Pasta,4.5,2,9.0,Mobile Money,In-Store,2023-09-06,False
TXN_5533157,CUST_070,Food,Cooking Oil,8.0,4,32.0,Cash,In-Store,2022-09-04,False
TXN_3870574,CUST_496,Stationery,Folder,3.0,9,27.0,Credit Card,Online,2022-08-15,False
TXN_9562723,CUST_067,Stationery,Pen,1.5,4,6.0,Cash,In-Store,2024-10-31,False
TXN_1865020,CUST_496,Food,Cereal,6.0,3,18.0,Cash,Online,2023-12-25,False
TXN_4637761,CUST_001,Electronics,USB Cable,8.0,4,32.0,Digital Wallet,In-Store,2022-12-04,True
TXN_4708654,CUST_493,Furniture,Desk,120.0,7,840.0,Credit Card,Online,2024-03-16,False
TXN_7337479,CUST_487,Food,Cooking Oil,8.0,3,24.0,Cash,Online,2023-05-24,False
TXN_8929947,CUST_458,Butchers,Sausage,7.5,2,15.0,Credit Card,Unknown,2024-12-09,False
TXN_9171775,CUST_061,Stationery,Folder,3.0,7,21.0,Mobile Money,Online,2023-01-31,True
TXN_7324259,CUST_090,Food,Pasta,4.5,3,13.5,Cash,Online,2024-10-14,
TXN_4722946,CUST_337,Electronics,USB Cable,8.0,6,48.0,Credit Card,Online,2024-09-15,
TXN_5152695,CUST_424,Butchers,Beef,14.0,4,56.0,Credit Card,Online,2024-06-20,False
TXN_1293996,CUST_181,Patisserie,Muffin,4.5,9,40.5,Digital Wallet,Online,2023-12-16,
TXN_7720948,CUST_138,Beverages,Soda,2.0,6,12.0,Digital Wallet,In-Store,2024-06-17,
TXN_6924555,CUST_325,Food,Bread,3.0,3,9.0,Credit Card,In-Store,2024-04-15,False
TXN_3841852,CUST_385,Patisserie,Croissant,5.0,5,25.0,Mobile Money,In-Store,2022-08-08,False
TXN_5271114,CUST_082,Electronics,USB Cable,8.0,4,32.0,Credit Card,Online,2022-06-15,False
TXN_1415008,CUST_250,Stationery,Stapler,6.0,8,48.0,Mobile Money,In-Store,2024-08-15,
TXN_9536326,CUST_252,Electronics,Keyboard,35.0,,105.0,Mobile Money,Online,2023-09-16,False
TXN_9687355,CUST_490,Patisserie,Croissant,5.0,6,30.0,Mobile Money,In-Store,2022-09-23,False
TXN_1471426,CUST_422,Food,Bread,3.0,3,9.0,Digital Wallet,In-Store,2022-12-29,False
TXN_9081508,CUST_060,Electronics,USB Cable,8.0,1,8.0,Digital Wallet,Unknown,2023-09-13,False
TXN_3583677,CUST_491,Furniture,Chair,35.0,4,140.0,Credit Card,In-Store,2022-08-09,
TXN_1859254,CUST_341,Beverages,Juice,4.0,5,20.0,Credit Card,Online,2023-11-24,
TXN_4006809,CUST_252,Electronics,Mouse,18.0,,162.0,Unknown,Online,2022-05-29,
TXN_5740148,CUST_472,Stationery,Marker,2.5,7,17.5,Mobile Money,In-Store,2023-04-21,False
TXN_8770326,CUST_194,Furniture,Desk,120.0,3,360.0,Digital Wallet,Online,2024-06-03,False
TXN_3977771,CUST_095,Furniture,Chair,35.0,2,70.0,Credit Card,In-Store,2023-04-18,True
TXN_1570451,CUST_361,Furniture,Table,80.0,2,160.0,Cash,Online,2022-12-08,True
TXN_9650353,CUST_260,Furniture,Desk,120.0,7,840.0,Cash,Online,2022-05-03,True
TXN_6991098,CUST_485,Stationery,Stapler,6.0,3,18.0,Cash,In-Store,2023-09-20,True
TXN_8053065,CUST_320,Electronics,Keyboard,35.0,8,280.0,Credit Card,In-Store,2022-06-30,False
TXN_3752690,CUST_197,Electronics,Charger,25.0,7,175.0,Digital Wallet,In-Store,2022-03-30,True
TXN_4409859,CUST_136,Butchers,Sausage,7.5,9,67.5,Mobile Money,In-Store,2024-07-13,False
TXN_3744996,CUST_494,Butchers,Pork,12.0,3,36.0,Cash,Online,2024-03-03,False
TXN_4245082,CUST_046,Beverages,Soda,2.0,9,18.0,Digital Wallet,In-Store,2024-08-11,False
TXN_7928787,CUST_240,Butchers,Beef,14.0,8,112.0,Credit Card,In-Store,2024-04-26,True
TXN_6959417,CUST_326,Food,Rice,5.5,7,38.5,Digital Wallet,Online,2023-09-17,False
TXN_3182136,CUST_303,Beverages,Soda,2.0,1,2.0,Mobile Money,Online,2022-10-10,
TXN_5622580,CUST_003,Stationery,Folder,3.0,4,12.0,Cash,In-Store,2023-07-15,False
TXN_8747773,CUST_100,Beverages,Coffee,2.5,7,17.5,Digital Wallet,Online,2022-02-21,False
TXN_7066909,CUST_450,Electronics,USB Cable,8.0,4,32.0,Cash,In-Store,2022-11-14,False
TXN_7680753,CUST_127,Patisserie,Cake,18.0,5,90.0,Cash,Online,2022-03-13,False
TXN_3626186,CUST_422,Electronics,USB Cable,8.0,1,8.0,Credit Card,Online,2024-04-14,False
TXN_3957498,CUST_346,Food,Pasta,4.5,5,22.5,Mobile Money,Online,2024-08-10,
TXN_6489464,CUST_218,Stationery,Pen,1.5,2,3.0,Cash,In-Store,2023-05-21,
TXN_2297776,CUST_024,Stationery,Notebook,4.0,6,24.0,Mobile Money,In-Store,2022-03-24,False
TXN_6108319,CUST_440,Beverages,Coffee,2.5,6,15.0,Digital Wallet,Online,2023-06-20,False
TXN_2403717,CUST_305,Beverages,Water,1.5,3,4.5,Mobile Money,Online,2023-02-04,True
TXN_9159754,CUST_080,Food,Pasta,4.5,9,40.5,Cash,In-Store,2024-10-10,False
TXN_5491839,CUST_380,Food,Cereal,6.0,3,18.0,Digital Wallet,Online,2023-10-15,False
TXN_5357990,CUST_025,Electronics,Keyboard,35.0,1,35.0,Credit Card,In-Store,2024-04-26,True
TXN_7734853,CUST_329,Butchers,Chicken,9.0,1,9.0,Credit Card,Online,2024-06-29,
TXN_3515553,CUST_136,Stationery,Marker,2.5,6,15.0,Mobile Money,In-Store,2024-03-24,False
TXN_9821437,CUST_175,Stationery,Marker,2.5,8,20.0,Cash,In-Store,2023-08-25,True
TXN_5875436,CUST_492,Patisserie,Cake,18.0,4,72.0,Digital Wallet,In-Store,2023-07-13,False
TXN_1293275,CUST_419,Butchers,Lamb,16.0,5,80.0,Credit Card,In-Store,2024-03-28,False
TXN_8456102,CUST_235,Furniture,Table,80.0,5,400.0,Mobile Money,In-Store,2023-01-30,True
TXN_6030811,CUST_023,Furniture,Table,80.0,3,240.0,Mobile Money,In-Store,2024-10-01,False
TXN_9220231,CUST_159,Furniture,Table,80.0,6,480.0,Mobile Money,In-Store,2024-11-11,False
TXN_9149755,CUST_103,Stationery,Stapler,6.0,2,12.0,Cash,In-Store,2022-06-22,False
TXN_2572780,CUST_370,Furniture,Desk,120.0,9,1080.0,Mobile Money,Online,2024-10-08,False
TXN_5353127,CUST_417,Electronics,Keyboard,35.0,10,350.0,Cash,In-Store,2022-09-03,False
TXN_2839968,CUST_350,Stationery,Marker,2.5,6,15.0,Credit Card,In-Store,2023-02-11,False
TXN_4740079,CUST_431,Patisserie,Cake,18.0,3,54.0,Mobile Money,Online,2023-05-24,
TXN_3043230,CUST_420,Electronics,Charger,25.0,3,75.0,Digital Wallet,Online,2023-08-22,False
TXN_4274073,CUST_334,Electronics,Mouse,18.0,6,108.0,Mobile Money,Online,2023-08-03,False
TXN_7143107,CUST_197,Butchers,Lamb,16.0,10,160.0,Digital Wallet,In-Store,2023-02-24,False
TXN_1558335,CUST_395,Butchers,Chicken,9.0,8,72.0,Mobile Money,Online,2024-12-04,False
TXN_6221816,CUST_402,Furniture,Desk,120.0,4,480.0,Digital Wallet,In-Store,2023-10-18,False
TXN_4987319,CUST_333,Butchers,Pork,12.0,4,48.0,Cash,Online,2023-09-24,False
TXN_9723666,CUST_278,Furniture,Cabinet,95.0,4,380.0,Mobile Money,Online,2023-04-02,True
TXN_3661653,CUST_464,Stationery,Pen,1.5,2,3.0,Cash,Online,2024-07-12,False
TXN_5059107,CUST_389,Food,Cooking Oil,8.0,7,56.0,Cash,Online,2022-09-29,False
TXN_7719160,CUST_286,Food,Rice,5.5,3,16.5,Credit Card,In-Store,2024-07-21,True
TXN_7353300,CUST_462,Electronics,Keyboard,35.0,8,280.0,Mobile Money,In-Store,2024-05-23,
TXN_4041591,CUST_130,Beverages,Water,1.5,7,10.5,Credit Card,In-Store,2023-11-29,True
TXN_6049025,CUST_198,Food,Bread,3.0,1,3.0,Cash,In-Store,2022-03-05,False
TXN_4379796,CUST_155,Patisserie,Pie,12.0,4,48.0,Cash,Online,2022-09-29,False
TXN_6707880,CUST_180,Furniture,Chair,35.0,6,210.0,Mobile Money,In-Store,2024-09-19,False
TXN_4137358,CUST_095,Beverages,Juice,4.0,3,12.0,Credit Card,Online,2024-08-27,False
TXN_9976061,CUST_217,Stationery,Folder,3.0,10,30.0,Mobile Money,In-Store,2022-03-27,
TXN_5683586,CUST_479,Food,Bread,3.0,1,3.0,Digital Wallet,In-Store,2023-05-31,False
TXN_8679870,CUST_157,Food,Pasta,4.5,6,27.0,Digital Wallet,In-Store,2024-04-10,False
TXN_7118225,CUST_099,Butchers,Beef,14.0,5,70.0,Mobile Money,In-Store,2022-11-21,True
TXN_8020988,CUST_298,Electronics,Mouse,18.0,10,180.0,Mobile Money,Online,2023-07-13,
TXN_1547526,CUST_481,Butchers,Chicken,9.0,1,9.0,Digital Wallet,Online,2022-06-05,
TXN_8930221,CUST_187,Food,Bread,3.0,8,24.0,Mobile Money,Online,2023-03-31,
TXN_3013488,CUST_339,Stationery,Stapler,6.0,5,30.0,Cash,Online,2023-11-15,False
TXN_3759708,CUST_466,Furniture,Table,80.0,8,640.0,Unknown,Online,2022-06-02,False
TXN_7924151,CUST_179,Butchers,Pork,12.0,9,108.0,Mobile Money,In-Store,2022-12-05,False
TXN_8178559,CUST_165,Patisserie,Muffin,4.5,5,22.5,Mobile Money,In-Store,2022-09-05,False
TXN_4613163,CUST_379,Furniture,Cabinet,95.0,5,475.0,Cash,Online,2023-06-22,False
TXN_4649778,CUST_207,Patisserie,Doughnut,3.5,3,10.5,Mobile Money,Online,2024-08-29,True
TXN_1471682,CUST_399,Patisserie,Croissant,5.0,5,25.0,Credit Card,Online,2024-01-31,False
TXN_8791387,CUST_352,Patisserie,Doughnut,3.5,8,28.0,Digital Wallet,Online,2022-04-08,False
TXN_9677720,CUST_050,Butchers,Pork,12.0,1,12.0,Credit Card,Online,2023-04-19,True
TXN_6774772,CUST_484,Patisserie,Croissant,5.0,5,25.0,Unknown,In-Store,2022-03-01,True
TXN_7623341,CUST_058,Patisserie,Doughnut,3.5,8,28.0,Mobile Money,In-Store,2023-11-01,False
TXN_5343699,CUST_100,Patisserie,Muffin,4.5,1,4.5,Digital Wallet,Online,2022-05-02,
TXN_8146423,CUST_327,Butchers,Pork,12.0,2,24.0,Credit Card,In-Store,2022-03-10,True
TXN_5818060,CUST_108,Electronics,Keyboard,35.0,6,210.0,Digital Wallet,In-Store,2024-02-16,
TXN_6855602,CUST_358,Butchers,Sausage,7.5,8,60.0,Cash,In-Store,2023-08-27,False
TXN_3036314,CUST_419,Beverages,Juice,4.0,7,28.0,Cash,In-Store,2022-06-17,False
TXN_1439706,CUST_008,Electronics,Keyboard,35.0,1,35.0,Cash,In-Store,2022-06-24,False
TXN_5242546,CUST_348,Food,Cereal,6.0,1,6.0,Cash,In-Store,2022-08-14,
TXN_8494869,CUST_239,Food,Pasta,4.5,9,40.5,Mobile Money,In-Store,2022-11-13,True
TXN_9010982,CUST_186,Stationery,Folder,3.0,8,24.0,Cash,In-Store,2022-06-23,False
TXN_7152495,CUST_288,Food,Cereal,6.0,9,54.0,Mobile Money,In-Store,2024-03-01,False
TXN_1771143,CUST_476,Food,Pasta,4.5,9,40.5,Credit Card,In-Store,2023-03-22,False
TXN_5818381,CUST_396,Electronics,Keyboard,35.0,10,350.0,Credit Card,Online,2023-03-24,False
TXN_4386243,CUST_482,Patisserie,Pie,12.0,5,60.0,Mobile Money,Online,2024-07-25,
TXN_9753373,CUST_383,Butchers,Pork,12.0,10,120.0,Cash,Online,2024-10-27,False
TXN_9785001,CUST_367,Furniture,Table,80.0,8,640.0,Cash,Online,2023-02-18,False
TXN_7897243,CUST_274,Electronics,Charger,25.0,5,125.0,Mobile Money,Online,2022-06-22,False
TXN_6719347,CUST_196,Stationery,Folder,3.0,2,6.0,Cash,Online,2022-10-22,False
TXN_2610652,CUST_168,Electronics,USB Cable,8.0,4,32.0,Digital Wallet,Online,2022-04-15,True
TXN_4025452,CUST_042,Electronics,Headphones,22.0,2,44.0,Digital Wallet,Online,2023-03-16,
TXN_9232636,CUST_412,Beverages,Tea,3.5,5,17.5,Credit Card,Online,2024-10-11,False
TXN_2609425,CUST_220,Electronics,Headphones,22.0,8,176.0,Mobile Money,Online,2023-08-18,
TXN_2810782,CUST_022,Patisserie,Cake,18.0,9,162.0,Cash,In-Store,2024-02-28,False
TXN_3191300,CUST_052,Electronics,Charger,25.0,10,250.0,Mobile Money,Online,2023-05-26,False
TXN_1928864,CUST_074,Butchers,Sausage,7.5,1,7.5,Digital Wallet,In-Store,2022-02-25,False
TXN_3123177,CUST_229,Patisserie,Pie,12.0,4,48.0,Mobile Money,In-Store,2024-09-16,False
TXN_6397005,CUST_113,Food,Cereal,6.0,8,48.0,Cash,In-Store,2024-07-08,True
TXN_2274887,CUST_051,Stationery,Folder,3.0,3,9.0,Cash,Online,2023-06-15,
TXN_6223445,CUST_110,Furniture,Desk,120.0,4,480.0,Digital Wallet,In-Store,2022-12-31,True
TXN_1487268,CUST_114,Furniture,Cabinet,95.0,8,760.0,Unknown,Online,2022-01-30,True
TXN_6698618,CUST_313,Butchers,Lamb,16.0,6,96.0,Mobile Money,In-Store,2024-08-12,
TXN_4251298,CUST_385,Beverages,Tea,3.5,9,31.5,Cash,Online,2024-04-02,
TXN_9223269,CUST_464,Stationery,Marker,2.5,8,20.0,Mobile Money,In-Store,2024-07-30,
TXN_4340521,CUST_197,Butchers,Chicken,9.0,1,9.0,Digital Wallet,In-Store,2023-06-20,True
TXN_7241602,CUST_346,Beverages,Coffee,2.5,5,12.5,Credit Card,In-Store,2024-03-16,
TXN_6661115,CUST_420,Butchers,Lamb,16.0,6,96.0,Digital Wallet,In-Store,2024-02-18,
TXN_1531152,CUST_227,Beverages,Juice,4.0,6,24.0,Digital Wallet,Online,2024-10-30,False
TXN_1926723,CUST_478,Electronics,Charger,25.0,5,125.0,Cash,Online,2023-11-25,False
TXN_8404238,CUST_045,Patisserie,Muffin,4.5,9,40.5,Cash,In-Store,2023-02-07,
TXN_4041035,CUST_204,Beverages,Juice,4.0,5,20.0,Cash,In-Store,2023-03-23,
TXN_9264222,CUST_102,Beverages,Juice,4.0,2,8.0,Mobile Money,Online,2023-08-26,
TXN_2844053,CUST_149,Food,Cereal,6.0,6,36.0,Mobile Money,Online,2023-04-23,
TXN_6688238,CUST_364,Food,Pasta,4.5,9,40.5,Mobile Money,In-Store,2023-12-26,False
TXN_1893320,CUST_330,Patisserie,Pie,12.0,3,36.0,Cash,Online,2024-01-14,True
TXN_1422994,CUST_492,Furniture,Desk,120.0,6,720.0,Mobile Money,In-Store,2024-12-19,True
TXN_3936598,CUST_059,Patisserie,Croissant,5.0,6,30.0,Credit Card,In-Store,2024-04-22,False
TXN_8228119,CUST_285,Beverages,Water,1.5,4,6.0,Cash,Online,2022-11-03,True
TXN_2345266,CUST_109,Stationery,Marker,2.5,5,12.5,Credit Card,Online,2022-08-06,False
TXN_2605752,CUST_094,Beverages,Soda,2.0,5,10.0,Mobile Money,In-Store,2022-05-09,False
TXN_2463219,CUST_210,Beverages,Coffee,2.5,1,2.5,Credit Card,In-Store,2023-09-04,False
TXN_9067987,CUST_352,Patisserie,Pie,12.0,6,72.0,Mobile Money,Online,2024-01-01,True
TXN_9555080,CUST_399,Beverages,Coffee,2.5,5,12.5,Cash,In-Store,2024-08-21,False
TXN_6782060,CUST_080,Electronics,Keyboard,35.0,9,315.0,Digital Wallet,Online,2023-07-11,False
TXN_5095077,CUST_241,Furniture,Cabinet,95.0,5,475.0,Cash,In-Store,2023-07-17,False
TXN_9640536,CUST_175,Patisserie,Doughnut,3.5,6,21.0,Mobile Money,In-Store,2023-06-26,True
TXN_1747750,CUST_409,Butchers,Unknown,14.0,10,140.0,Credit Card,In-Store,2024-09-23,
TXN_9696295,CUST_090,Patisserie,Doughnut,3.5,1,3.5,Credit Card,In-Store,2023-06-22,False
TXN_4309391,CUST_097,Furniture,Desk,120.0,2,240.0,Mobile Money,In-Store,2022-08-12,True
TXN_7322372,CUST_133,Butchers,Chicken,9.0,4,36.0,Digital Wallet,In-Store,2024-01-02,False
TXN_1078508,CUST_225,Furniture,Table,80.0,9,720.0,Digital Wallet,In-Store,2024-02-16,False
TXN_8157303,CUST_111,Furniture,Table,80.0,1,80.0,Credit Card,Online,2023-06-17,False
TXN_6592992,CUST_075,Butchers,Chicken,9.0,7,63.0,Mobile Money,Online,2022-09-30,
TXN_4214242,CUST_439,Food,Pasta,4.5,9,40.5,Cash,Online,2023-07-10,True
TXN_3035936,CUST_017,Electronics,Mouse,18.0,9,162.0,Cash,In-Store,2023-04-18,
TXN_5458795,CUST_303,Beverages,Soda,2.0,3,6.0,Digital Wallet,In-Store,2024-01-01,True
TXN_2020864,CUST_423,Stationery,Folder,3.0,4,12.0,Credit Card,Online,2023-02-10,
TXN_4814859,CUST_421,Patisserie,Doughnut,3.5,,28.0,Mobile Money,In-Store,2024-10-29,False
TXN_9711402,CUST_255,Patisserie,Pie,12.0,7,84.0,Credit Card,Online,2022-12-28,False
TXN_7584181,CUST_429,Butchers,Sausage,7.5,6,45.0,Credit Card,Online,2022-10-29,False
TXN_7670384,CUST_426,Stationery,Notebook,4.0,10,40.0,Credit Card,In-Store,2022-08-30,False
TXN_1348097,CUST_104,Beverages,Unknown,2.5,2,5.0,Mobile Money,In-Store,2022-10-01,False
TXN_4708698,CUST_002,Butchers,Pork,12.0,4,48.0,Credit Card,Online,2022-07-31,False
TXN_7123852,CUST_091,Furniture,Cabinet,95.0,3,285.0,Credit Card,In-Store,2022-01-06,False
TXN_3243153,CUST_189,Stationery,Stapler,6.0,2,12.0,Mobile Money,Online,2022-04-14,False
TXN_4952255,CUST_283,Electronics,Headphones,22.0,7,154.0,Cash,In-Store,2022-05-11,False
TXN_8460529,CUST_482,Beverages,Unknown,2.5,1,2.5,Credit Card,Online,2022-07-06,False
TXN_9571600,CUST_453,Stationery,Stapler,6.0,10,60.0,Credit Card,In-Store,2022-09-03,True
TXN_6854769,CUST_093,Food,Cereal,6.0,3,18.0,Mobile Money,Online,2024-06-20,False
TXN_3114732,CUST_189,Patisserie,Doughnut,3.5,3,10.5,Mobile Money,Online,2024-07-29,True
TXN_4127813,CUST_021,Furniture,Shelf,55.0,6,330.0,Credit Card,In-Store,2024-07-03,False
TXN_5306199,CUST_115,Electronics,USB Cable,8.0,8,64.0,Unknown,In-Store,2023-04-29,False
TXN_8946232,CUST_445,Furniture,Chair,35.0,5,175.0,Cash,In-Store,2023-09-21,False
TXN_2717355,CUST_122,Food,Rice,5.5,10,55.0,Cash,Online,2022-11-23,False
TXN_3473431,CUST_150,Beverages,Tea,3.5,4,14.0,Cash,In-Store,2023-07-29,False
TXN_5049645,CUST_398,Butchers,Pork,12.0,4,48.0,Unknown,Online,2023-12-13,False
TXN_1957644,CUST_357,Beverages,Juice,4.0,7,28.0,Cash,In-Store,2024-12-10,False
TXN_3498002,CUST_235,Electronics,USB Cable,8.0,8,64.0,Cash,Online,2022-08-22,False
TXN_5437751,CUST_175,Beverages,Coffee,2.5,2,5.0,Digital Wallet,In-Store,2024-05-08,False
TXN_3635872,CUST_049,Food,Cooking Oil,8.0,9,72.0,Mobile Money,Online,2022-02-09,False
TXN_9620780,CUST_069,Butchers,Beef,14.0,2,28.0,Mobile Money,Online,2022-06-29,
TXN_9214369,CUST_371,Stationery,Notebook,4.0,7,28.0,Mobile Money,In-Store,2024-04-11,
TXN_9011727,CUST_357,Butchers,Lamb,16.0,4,64.0,Mobile Money,Online,2024-05-30,False
TXN_5525931,CUST_220,Stationery,Pen,1.5,5,7.5,Cash,In-Store,2023-06-08,False
TXN_4069474,CUST_119,Food,Cooking Oil,8.0,1,8.0,Cash,In-Store,2024-01-24,False
TXN_7621528,CUST_370,Butchers,Chicken,9.0,5,45.0,Unknown,In-Store,2022-07-17,
TXN_9908245,CUST_093,Butchers,Sausage,7.5,1,7.5,Digital Wallet,In-Store,2023-03-30,False
TXN_3336806,CUST_472,Butchers,Lamb,16.0,9,144.0,Cash,In-Store,2024-11-07,True
TXN_5166289,CUST_427,Patisserie,Pie,12.0,3,36.0,Digital Wallet,Online,2024-12-22,False
TXN_1552435,CUST_091,Beverages,Soda,2.0,8,16.0,Credit Card,Online,2024-12-01,False
TXN_9921194,CUST_219,Butchers,Unknown,9.0,4,36.0,Digital Wallet,In-Store,2024-07-09,
TXN_1288790,CUST_250,Patisserie,Cake,18.0,5,90.0,Credit Card,Online,2024-03-12,False
TXN_9264258,CUST_133,Electronics,Mouse,18.0,2,36.0,Mobile Money,In-Store,2022-07-25,
TXN_3338782,CUST_493,Furniture,Desk,120.0,5,600.0,Credit Card,Online,2024-03-09,
TXN_4577964,CUST_416,Food,Bread,3.0,1,3.0,Digital Wallet,In-Store,2024-12-23,
TXN_5391324,CUST_087,Butchers,Chicken,9.0,4,36.0,Digital Wallet,Online,2023-08-26,
TXN_6005332,CUST_394,Butchers,Sausage,7.5,7,52.5,Digital Wallet,In-Store,2023-07-14,
TXN_7325006,CUST_307,Patisserie,Pie,12.0,3,36.0,Mobile Money,Online,2022-01-08,True
TXN_1415886,CUST_257,Beverages,Tea,3.5,5,17.5,Digital Wallet,Online,2023-07-16,False
TXN_5837645,CUST_149,Food,Pasta,4.5,3,13.5,Mobile Money,In-Store,2022-01-28,False
TXN_3214979,CUST_028,Patisserie,Croissant,5.0,8,40.0,Unknown,Online,2024-12-10,False
TXN_9257668,CUST_279,Stationery,Marker,2.5,4,10.0,Cash,Online,2022-08-09,False
TXN_1106680,CUST_438,Butchers,Chicken,9.0,9,81.0,Mobile Money,Online,2024-06-11,False
TXN_9777198,CUST_095,Butchers,Chicken,9.0,2,18.0,Credit Card,Online,2022-01-11,False
TXN_9833886,CUST_079,Beverages,Tea,3.5,9,31.5,Mobile Money,Online,2022-05-08,False
TXN_4045023,CUST_337,Butchers,Beef,14.0,8,112.0,Cash,In-Store,2022-07-25,True
TXN_4819128,CUST_109,Butchers,Beef,14.0,6,84.0,Mobile Money,In-Store,2023-03-10,False
TXN_8900614,CUST_266,Food,Bread,3.0,9,27.0,Digital Wallet,Online,2022-04-04,True
TXN_8537812,CUST_377,Food,Cooking Oil,8.0,8,64.0,Digital Wallet,Online,2023-04-17,False
TXN_1963379,CUST_391,Stationery,Notebook,4.0,4,16.0,Cash,Online,2024-09-07,False
TXN_4379095,CUST_455,Beverages,Soda,2.0,5,10.0,Digital Wallet,Online,2022-09-05,True
TXN_5244677,CUST_053,Electronics,Headphones,22.0,2,44.0,Digital Wallet,In-Store,2022-07-20,True
TXN_8880317,CUST_392,Food,Cooking Oil,8.0,5,40.0,Credit Card,Online,2022-08-26,
TXN_8657427,CUST_280,Butchers,Lamb,16.0,1,16.0,Credit Card,Online,2024-04-09,
TXN_2578315,CUST_139,Patisserie,Muffin,4.5,10,45.0,Cash,In-Store,2022-10-01,False
TXN_5675437,CUST_158,Electronics,Headphones,22.0,4,88.0,Credit Card,In-Store,2022-12-16,False
TXN_6179093,CUST_016,Patisserie,Doughnut,3.5,4,14.0,Cash,Online,2023-01-10,False
TXN_7961635,CUST_482,Beverages,Water,1.5,9,13.5,Cash,In-Store,2022-12-05,False
TXN_7133401,CUST_364,Beverages,Water,1.5,6,9.0,Digital Wallet,In-Store,2023-04-11,False
TXN_7578402,CUST_286,Patisserie,Pie,12.0,8,96.0,Mobile Money,In-Store,2022-04-19,False
TXN_6414229,CUST_320,Food,Bread,3.0,4,12.0,Credit Card,Online,2023-11-05,True
TXN_3238154,CUST_214,Stationery,Pen,1.5,8,12.0,Credit Card,Online,2022-11-17,
TXN_6992576,CUST_490,Butchers,Chicken,9.0,9,81.0,Digital Wallet,Online,2024-03-22,False
TXN_5466338,CUST_461,Electronics,Keyboard,35.0,8,280.0,Digital Wallet,In-Store,2023-08-30,False
TXN_1936834,CUST_371,Patisserie,Pie,12.0,2,24.0,Cash,In-Store,2024-11-13,True
TXN_6379105,CUST_242,Stationery,Notebook,4.0,6,24.0,Digital Wallet,Online,2022-04-23,True
TXN_7804603,CUST_203,Patisserie,Doughnut,3.5,5,17.5,Mobile Money,In-Store,2024-08-21,False
TXN_9895707,CUST_253,Food,Cereal,6.0,3,18.0,Cash,In-Store,2022-11-12,False
TXN_3738565,CUST_248,Electronics,USB Cable,8.0,4,32.0,Digital Wallet,Online,2024-12-30,
TXN_2702875,CUST_475,Beverages,Soda,2.0,3,6.0,Cash,In-Store,2022-02-07,False
TXN_3943295,CUST_161,Patisserie,Cake,18.0,9,162.0,Mobile Money,Online,2022-03-30,
TXN_1259578,CUST_234,Butchers,Chicken,9.0,1,9.0,Credit Card,In-Store,2024-07-12,True
TXN_7254887,CUST_112,Electronics,Charger,25.0,10,250.0,Cash,In-Store,2022-12-09,False
TXN_3116285,CUST_106,Stationery,Marker,2.5,10,25.0,Mobile Money,Online,2024-02-16,False
TXN_2325831,CUST_057,Stationery,Stapler,6.0,1,6.0,Credit Card,Online,2022-05-17,True
TXN_9940327,CUST_307,Stationery,Notebook,4.0,3,12.0,Mobile Money,Online,2023-07-14,True
TXN_6628078,CUST_161,Butchers,Sausage,7.5,1,7.5,Digital Wallet,Online,2022-09-27,False
TXN_5748969,CUST_123,Butchers,Sausage,7.5,6,45.0,Cash,Online,2023-01-16,False
TXN_1904600,CUST_271,Electronics,Keyboard,35.0,3,105.0,Credit Card,In-Store,2022-11-09,False
TXN_6967061,CUST_254,Butchers,Beef,14.0,2,28.0,Cash,In-Store,2024-03-02,False
TXN_6747016,CUST_172,Patisserie,Croissant,5.0,9,45.0,Credit Card,In-Store,2023-09-13,
TXN_3141910,CUST_044,Furniture,Chair,35.0,4,140.0,Digital Wallet,In-Store,2022-03-30,
TXN_2341264,CUST_186,Butchers,Lamb,16.0,7,112.0,Unknown,In-Store,2022-04-18,False
TXN_2273471,CUST_341,Electronics,Charger,25.0,10,250.0,Mobile Money,In-Store,2024-01-04,False
TXN_7839789,CUST_189,Stationery,Marker,2.5,5,12.5,Digital Wallet,In-Store,2023-12-21,
TXN_8555171,CUST_219,Electronics,Mouse,18.0,3,54.0,Mobile Money,In-Store,2023-09-01,
TXN_1516408,CUST_119,Food,Cereal,6.0,5,30.0,Cash,Online,2023-06-21,
TXN_7767567,CUST_045,Electronics,Headphones,22.0,7,154.0,Digital Wallet,In-Store,2024-08-09,False
TXN_2920339,CUST_052,Electronics,Headphones,22.0,3,66.0,Mobile Money,Online,2022-07-06,
TXN_6455353,CUST_394,Butchers,Lamb,16.0,9,144.0,Mobile Money,Online,2023-02-10,
TXN_5755469,CUST_459,Electronics,Mouse,18.0,10,180.0,Credit Card,Online,2024-11-01,False
TXN_6970653,CUST_363,Patisserie,Pie,12.0,6,72.0,Mobile Money,In-Store,2022-12-30,False
TXN_9788064,CUST_359,Stationery,Pen,1.5,6,9.0,Credit Card,In-Store,2022-09-14,
TXN_5816564,CUST_472,Stationery,Folder,3.0,6,18.0,Digital Wallet,Online,2022-01-12,False
TXN_7478687,CUST_416,Stationery,Folder,3.0,6,18.0,Cash,Online,2024-07-06,
TXN_7547652,CUST_025,Food,Cooking Oil,8.0,3,24.0,Digital Wallet,Online,2024-11-25,True
TXN_7742802,CUST_221,Butchers,Pork,12.0,7,84.0,Mobile Money,In-Store,2024-12-28,False
TXN_9460264,CUST_294,Furniture,Shelf,55.0,4,220.0,Mobile Money,Online,2022-01-29,False
TXN_4093622,CUST_069,Beverages,Water,1.5,4,6.0,Mobile Money,Online,2022-08-09,
TXN_9276869,CUST_166,Patisserie,Cake,18.0,4,72.0,Credit Card,In-Store,2024-11-06,False
TXN_3663616,CUST_106,Electronics,Keyboard,35.0,10,350.0,Unknown,Online,2024-10-30,False
TXN_4958675,CUST_236,Butchers,Unknown,9.0,8,72.0,Cash,In-Store,2023-09-18,True
TXN_7526311,CUST_173,Food,Cooking Oil,8.0,8,64.0,Digital Wallet,Online,2022-04-30,True
TXN_8304403,CUST_356,Electronics,Charger,25.0,3,75.0,Unknown,In-Store,2022-08-11,
TXN_6194085,CUST_378,Butchers,Pork,12.0,9,108.0,Mobile Money,In-Store,2023-01-28,False
TXN_9932014,CUST_112,Patisserie,Muffin,4.5,6,27.0,Mobile Money,Online,2024-08-16,True
TXN_2424079,CUST_368,Electronics,Mouse,18.0,5,90.0,Credit Card,In-Store,2022-10-06,False
TXN_2176714,CUST_119,Patisserie,Doughnut,3.5,5,17.5,Cash,In-Store,2023-07-03,False
TXN_6920304,CUST_368,Electronics,Headphones,22.0,8,176.0,Digital Wallet,In-Store,2023-01-07,True
TXN_6594088,CUST_425,Stationery,Notebook,4.0,1,4.0,Mobile Money,In-Store,2023-01-08,False
TXN_9445243,CUST_076,Food,Pasta,4.5,9,40.5,Digital Wallet,Online,2022-08-13,False
TXN_6961970,CUST_292,Electronics,Charger,25.0,1,25.0,Mobile Money,Online,2023-11-15,False
TXN_5087850,CUST_213,Patisserie,Doughnut,3.5,9,31.5,Cash,In-Store,2023-10-29,True
TXN_5235042,CUST_063,Butchers,Chicken,9.0,9,81.0,Mobile Money,In-Store,2022-03-16,
TXN_6863564,CUST_414,Beverages,Soda,2.0,7,14.0,Digital Wallet,In-Store,2023-05-14,False
TXN_9714317,CUST_135,Beverages,Soda,2.0,10,20.0,Mobile Money,Online,2022-09-10,False
TXN_2441640,CUST_038,Patisserie,Muffin,4.5,8,36.0,Credit Card,Online,2023-09-09,False
TXN_2792284,CUST_210,Beverages,Coffee,2.5,2,5.0,Credit Card,Online,2024-08-07,False
TXN_4402155,CUST_072,Furniture,Chair,35.0,2,70.0,Unknown,In-Store,2024-07-20,True
TXN_5176213,CUST_098,Electronics,Mouse,18.0,1,18.0,Credit Card,Online,2023-09-17,
TXN_4763302,CUST_402,Beverages,Tea,3.5,9,31.5,Digital Wallet,Online,2023-06-02,
TXN_5517940,CUST_206,Food,Pasta,4.5,8,36.0,Digital Wallet,In-Store,2022-12-11,False
TXN_3046416,CUST_141,Food,Rice,5.5,8,44.0,Digital Wallet,In-Store,2024-09-30,
TXN_8933296,CUST_010,Food,Cooking Oil,8.0,3,24.0,Mobile Money,In-Store,2024-01-31,
TXN_6195084,CUST_431,Stationery,Pen,1.5,6,9.0,Mobile Money,In-Store,2023-05-22,False
TXN_4834242,CUST_400,Food,Cooking Oil,8.0,6,48.0,Credit Card,Online,2022-09-15,True
TXN_4858414,CUST_349,Beverages,Juice,4.0,9,36.0,Mobile Money,In-Store,2022-02-07,True
TXN_1401067,CUST_417,Patisserie,Pie,12.0,3,36.0,Cash,In-Store,2024-11-24,
TXN_1254043,CUST_127,Beverages,Tea,3.5,5,17.5,Mobile Money,Online,2024-09-09,True
TXN_1650016,CUST_219,Patisserie,Doughnut,3.5,10,35.0,Mobile Money,Online,2024-06-26,False
TXN_2531583,CUST_022,Furniture,Shelf,55.0,1,55.0,Credit Card,Online,2023-04-05,
TXN_1375844,CUST_263,Furniture,Chair,35.0,9,315.0,Credit Card,Online,2023-11-21,
TXN_6475334,CUST_340,Food,Rice,5.5,3,16.5,Cash,Online,2024-07-25,False
TXN_6637110,CUST_113,Food,Rice,5.5,10,55.0,Digital Wallet,Online,2023-09-21,True
TXN_2486709,CUST_186,Food,Pasta,4.5,9,40.5,Unknown,Online,2023-10-12,False
TXN_4878979,CUST_187,Butchers,Lamb,16.0,7,112.0,Mobile Money,In-Store,2023-03-04,
TXN_5143403,CUST_396,Patisserie,Pie,12.0,10,120.0,Credit Card,In-Store,2022-09-13,
TXN_2039631,CUST_309,Stationery,Folder,3.0,10,30.0,Digital Wallet,In-Store,2022-08-06,False
TXN_9246311,CUST_486,Stationery,Notebook,4.0,9,36.0,Mobile Money,Online,2022-09-29,True
TXN_9480473,CUST_301,Food,Rice,5.5,1,5.5,Digital Wallet,In-Store,2024-03-04,
TXN_8996375,CUST_335,Patisserie,Muffin,4.5,2,9.0,Digital Wallet,Online,2022-03-16,True
TXN_4881517,CUST_189,Food,Rice,5.5,7,38.5,Unknown,In-Store,2024-09-28,
TXN_4269083,CUST_315,Furniture,Shelf,55.0,6,330.0,Cash,In-Store,2023-06-08,False
TXN_7451198,CUST_379,Patisserie,Muffin,4.5,2,9.0,Cash,Online,2022-03-25,True
TXN_6358545,CUST_424,Furniture,Shelf,55.0,4,220.0,Mobile Money,Online,2023-05-01,
TXN_8182959,CUST_474,Butchers,Pork,12.0,9,108.0,Digital Wallet,In-Store,2023-09-14,True
TXN_5091002,CUST_377,Stationery,Pen,1.5,7,10.5,Credit Card,In-Store,2022-06-07,False
TXN_9917033,CUST_160,Patisserie,Cake,18.0,8,144.0,Mobile Money,Unknown,2022-08-01,True
TXN_4221004,CUST_272,Beverages,Juice,4.0,4,16.0,Mobile Money,Online,2022-05-13,False
TXN_8173449,CUST_120,Electronics,Mouse,18.0,2,36.0,Mobile Money,In-Store,2024-06-24,
TXN_6267761,CUST_146,Stationery,Pen,1.5,,15.0,Credit Card,Unknown,2024-08-22,False
TXN_7808747,CUST_218,Patisserie,Doughnut,3.5,8,28.0,Cash,In-Store,2024-01-09,False
TXN_3245196,CUST_225,Stationery,Stapler,6.0,7,42.0,Cash,In-Store,2022-06-23,
TXN_1304543,CUST_494,Electronics,USB Cable,8.0,1,8.0,Credit Card,In-Store,2024-04-29,True
TXN_6143829,CUST_296,Beverages,Tea,3.5,9,31.5,Digital Wallet,In-Store,2022-06-18,False
TXN_7409363,CUST_230,Beverages,Juice,4.0,7,28.0,Mobile Money,In-Store,2023-01-09,False
TXN_9813132,CUST_255,Butchers,Pork,12.0,9,108.0,Digital Wallet,Online,2024-03-29,False
TXN_5847724,CUST_291,Electronics,USB Cable,8.0,9,72.0,Mobile Money,Online,2023-07-06,True
TXN_6661064,CUST_119,Patisserie,Croissant,5.0,8,40.0,Cash,Online,2023-08-31,False
TXN_5096920,CUST_313,Butchers,Lamb,16.0,3,48.0,Digital Wallet,In-Store,2022-11-28,
TXN_3603087,CUST_267,Butchers,Lamb,16.0,8,128.0,Mobile Money,Online,2024-06-09,False
TXN_4864044,CUST_168,Food,Rice,5.5,,22.0,Digital Wallet,In-Store,2024-01-27,
TXN_3670111,CUST_457,Stationery,Folder,3.0,2,6.0,Digital Wallet,Online,2024-12-22,False
TXN_3769785,CUST_223,Butchers,Beef,14.0,7,98.0,Mobile Money,Online,2023-03-04,False
TXN_9773546,CUST_183,Furniture,Table,80.0,1,80.0,Digital Wallet,Online,2022-01-06,True
TXN_3092041,CUST_456,Butchers,Lamb,16.0,5,80.0,Digital Wallet,Online,2023-12-05,
TXN_8031034,CUST_495,Electronics,Keyboard,35.0,1,35.0,Digital Wallet,Unknown,2022-04-23,False
TXN_6611784,CUST_238,Furniture,Cabinet,95.0,4,380.0,Unknown,In-Store,2023-11-08,False
TXN_8363785,CUST_155,Furniture,Cabinet,95.0,2,190.0,Digital Wallet,Online,2024-08-21,False
TXN_9230798,CUST_004,Stationery,Marker,2.5,9,22.5,Cash,Online,2024-11-09,False
TXN_6486642,CUST_166,Food,Cereal,6.0,6,36.0,Credit Card,In-Store,2022-09-23,False
TXN_5110891,CUST_082,Patisserie,Croissant,5.0,6,30.0,Mobile Money,Online,2023-07-21,False
TXN_1996698,CUST_197,Electronics,Keyboard,35.0,8,280.0,Unknown,In-Store,2024-01-14,False
TXN_9543390,CUST_278,Butchers,Pork,12.0,6,72.0,Credit Card,Online,2024-02-17,True
TXN_6132869,CUST_171,Food,Rice,5.5,4,22.0,Credit Card,Online,2024-12-18,
TXN_4970578,CUST_100,Food,Pasta,4.5,4,18.0,Mobile Money,Online,2022-03-15,True
TXN_2908924,CUST_487,Food,Cereal,6.0,9,54.0,Cash,Online,2022-10-16,False
TXN_5003487,CUST_394,Beverages,Soda,2.0,7,14.0,Digital Wallet,Online,2024-04-17,
TXN_3714495,CUST_487,Electronics,Headphones,22.0,8,176.0,Unknown,Online,2024-10-08,False
TXN_8029429,CUST_447,Patisserie,Muffin,4.5,5,22.5,Credit Card,In-Store,2022-05-05,False
TXN_5192896,CUST_258,Electronics,Charger,25.0,5,125.0,Credit Card,In-Store,2023-04-07,
TXN_7276839,CUST_021,Beverages,Coffee,2.5,6,15.0,Digital Wallet,In-Store,2022-04-21,False
TXN_9697807,CUST_400,Electronics,Headphones,22.0,9,198.0,Mobile Money,In-Store,2024-03-19,False
TXN_6883357,CUST_426,Furniture,Chair,35.0,5,175.0,Credit Card,Online,2024-03-01,False
TXN_2097584,CUST_080,Electronics,Keyboard,35.0,7,245.0,Digital Wallet,In-Store,2024-03-29,True
TXN_4050798,CUST_112,Patisserie,Cake,18.0,1,18.0,Mobile Money,Online,2023-12-22,False
TXN_1870476,CUST_434,Patisserie,Doughnut,3.5,4,14.0,Mobile Money,In-Store,2022-05-31,False
TXN_3788028,CUST_021,Stationery,Notebook,4.0,10,40.0,Cash,Online,2022-10-10,
TXN_5578238,CUST_145,Beverages,Soda,2.0,6,12.0,Cash,In-Store,2023-04-06,False
TXN_8242417,CUST_247,Food,Bread,3.0,7,21.0,Digital Wallet,In-Store,2023-11-08,True
TXN_7760510,CUST_311,Electronics,Mouse,18.0,1,18.0,Digital Wallet,Online,2022-01-15,False
TXN_1995549,CUST_500,Stationery,Folder,3.0,9,27.0,Mobile Money,In-Store,2023-11-20,False
TXN_1468298,CUST_216,Beverages,Juice,4.0,7,28.0,Credit Card,Online,2024-04-24,False
TXN_6144474,CUST_281,Food,Rice,5.5,5,27.5,Cash,Online,2022-01-27,
TXN_3322821,CUST_421,Electronics,Keyboard,35.0,4,140.0,Credit Card,Online,2024-10-09,False
TXN_6603832,CUST_300,Food,Cereal,6.0,1,6.0,Cash,Online,2022-10-20,False
TXN_8060942,CUST_021,Furniture,Cabinet,95.0,10,950.0,Digital Wallet,Online,2023-04-12,False
TXN_7412953,CUST_188,Furniture,Shelf,55.0,2,110.0,Digital Wallet,In-Store,2022-01-05,
TXN_8786843,CUST_423,Electronics,Headphones,22.0,9,198.0,Digital Wallet,Online,2024-11-30,True
TXN_6251044,CUST_363,Food,Pasta,4.5,2,9.0,Mobile Money,Online,2024-02-07,
TXN_6236880,CUST_031,Electronics,Mouse,18.0,5,90.0,Cash,In-Store,2024-06-25,False
TXN_4079042,CUST_042,Butchers,Pork,12.0,7,84.0,Credit Card,Online,2024-02-01,True
TXN_8637431,CUST_178,Electronics,USB Cable,8.0,5,40.0,Mobile Money,Online,2024-11-25,
TXN_6978362,CUST_354,Butchers,Pork,12.0,4,48.0,Unknown,Online,2023-03-17,True
TXN_6843947,CUST_113,Butchers,Sausage,7.5,7,52.5,Digital Wallet,Online,2022-02-08,
TXN_3285082,CUST_277,Beverages,Tea,3.5,5,17.5,Mobile Money,In-Store,2023-11-24,False
TXN_8786637,CUST_357,Electronics,Charger,25.0,5,125.0,Cash,Online,2022-06-17,True
TXN_5435728,CUST_049,Beverages,Soda,2.0,4,8.0,Mobile Money,Online,2024-07-04,False
TXN_2036858,CUST_038,Furniture,Desk,120.0,2,240.0,Cash,In-Store,2022-04-10,False
TXN_5835528,CUST_366,Stationery,Notebook,4.0,9,36.0,Digital Wallet,Online,2023-02-04,False
TXN_9078525,CUST_128,Stationery,Marker,2.5,4,10.0,Cash,Online,2024-06-25,False
TXN_8417513,CUST_102,Stationery,Pen,1.5,8,12.0,Mobile Money,Online,2022-06-20,True
TXN_4353321,CUST_176,Furniture,Desk,120.0,9,1080.0,Mobile Money,In-Store,2022-05-23,False
TXN_2592597,CUST_027,Butchers,Chicken,9.0,5,45.0,Cash,In-Store,2023-03-17,False
TXN_5910699,CUST_290,Patisserie,Doughnut,3.5,8,28.0,Credit Card,In-Store,2023-04-18,False
TXN_8748872,CUST_268,Beverages,Coffee,2.5,7,17.5,Digital Wallet,In-Store,2022-06-15,False
TXN_6868590,CUST_213,Stationery,Notebook,4.0,1,4.0,Digital Wallet,In-Store,2023-07-20,True
TXN_4603110,CUST_436,Patisserie,Muffin,4.5,6,27.0,Digital Wallet,In-Store,2023-01-14,False
TXN_9922571,CUST_027,Stationery,Marker,2.5,7,17.5,Unknown,Online,2024-03-11,False
TXN_8652234,CUST_139,Electronics,Mouse,18.0,6,108.0,Cash,Online,2023-10-29,False
TXN_6621548,CUST_091,Butchers,Lamb,16.0,6,96.0,Mobile Money,Online,2023-12-03,False
TXN_2238503,CUST_354,Butchers,Sausage,7.5,6,45.0,Digital Wallet,In-Store,2024-09-11,
TXN_1936232,CUST_108,Stationery,Folder,3.0,5,15.0,Unknown,Online,2022-04-27,
TXN_9944718,CUST_068,Food,Cereal,6.0,9,54.0,Cash,Online,2024-11-01,
TXN_8010459,CUST_211,Butchers,Sausage,7.5,9,67.5,Cash,In-Store,2023-05-07,False
TXN_6049144,CUST_153,Beverages,Tea,3.5,5,17.5,Mobile Money,Online,2023-08-21,
TXN_8793604,CUST_177,Electronics,Keyboard,35.0,8,280.0,Credit Card,In-Store,2023-06-18,False
TXN_5203829,CUST_070,Electronics,Charger,25.0,10,250.0,Cash,In-Store,2024-11-21,False
TXN_5359122,CUST_006,Furniture,Shelf,55.0,9,495.0,Credit Card,In-Store,2024-02-23,False
TXN_9230709,CUST_155,Butchers,Beef,14.0,9,126.0,Digital Wallet,In-Store,2024-11-29,False
TXN_9448893,CUST_435,Stationery,Marker,2.5,6,15.0,Credit Card,Online,2023-01-06,
TXN_5382653,CUST_388,Stationery,Stapler,6.0,9,54.0,Credit Card,Online,2023-02-01,
TXN_6344491,CUST_191,Furniture,Shelf,55.0,3,165.0,Cash,In-Store,2023-01-31,False
TXN_4210465,CUST_174,Beverages,Water,1.5,1,1.5,Digital Wallet,In-Store,2022-07-06,False
TXN_3510831,CUST_455,Furniture,Table,80.0,7,560.0,Cash,In-Store,2022-06-12,False
TXN_6742533,CUST_063,Beverages,Tea,3.5,2,7.0,Cash,In-Store,2023-11-19,
TXN_6896721,CUST_327,Stationery,Marker,2.5,1,2.5,Cash,In-Store,2022-04-07,False
TXN_1801828,CUST_344,Beverages,Juice,4.0,1,4.0,Mobile Money,In-Store,2023-10-11,False
TXN_9531225,CUST_041,Butchers,Pork,12.0,5,60.0,Credit Card,In-Store,2022-10-21,False
TXN_7882165,CUST_452,Butchers,Chicken,9.0,8,72.0,Digital Wallet,Online,2024-06-04,
TXN_3531196,CUST_407,Beverages,Water,1.5,6,9.0,Digital Wallet,Online,2024-12-29,False
TXN_5786937,CUST_338,Patisserie,Muffin,4.5,3,13.5,Credit Card,In-Store,2023-07-22,False
TXN_4387858,CUST_360,Electronics,Headphones,22.0,10,220.0,Digital Wallet,Unknown,2024-01-03,False
TXN_6275034,CUST_439,Patisserie,Pie,12.0,6,72.0,Cash,Online,2022-07-15,False
TXN_1406547,CUST_440,Food,Pasta,4.5,9,40.5,Digital Wallet,Online,2023-03-11,False
TXN_5721339,CUST_464,Beverages,Juice,4.0,10,40.0,Digital Wallet,Online,2024-08-15,
TXN_4450511,CUST_025,Beverages,Juice,4.0,10,40.0,Digital Wallet,In-Store,2022-11-29,False
TXN_6650352,CUST_219,Food,Cereal,6.0,9,54.0,Cash,Online,2024-10-15,False
TXN_4416664,CUST_316,Electronics,Keyboard,35.0,4,140.0,Credit Card,Online,2024-02-16,True
TXN_2942120,CUST_027,Butchers,Pork,12.0,7,84.0,Digital Wallet,Online,2024-05-20,False
TXN_8152620,CUST_074,Stationery,Folder,3.0,7,21.0,Digital Wallet,Online,2022-01-24,False
TXN_6717467,CUST_314,Food,Rice,5.5,7,38.5,Digital Wallet,Online,2024-05-30,False
TXN_3858881,CUST_483,Patisserie,Muffin,4.5,6,27.0,Cash,In-Store,2022-10-19,False
TXN_2206861,CUST_077,Furniture,Table,80.0,9,720.0,Cash,In-Store,2024-07-09,
TXN_1053010,CUST_149,Stationery,Folder,3.0,4,12.0,Credit Card,In-Store,2022-01-09,True
TXN_8758416,CUST_468,Electronics,USB Cable,8.0,4,32.0,Mobile Money,In-Store,2023-05-20,
TXN_4802800,CUST_259,Furniture,Table,80.0,1,80.0,Digital Wallet,In-Store,2022-04-21,
TXN_8243710,CUST_445,Beverages,Soda,2.0,2,4.0,Cash,In-Store,2023-09-19,
TXN_6164920,CUST_162,Furniture,Table,80.0,1,80.0,Mobile Money,In-Store,2022-01-05,
TXN_5325773,CUST_330,Butchers,Pork,12.0,2,24.0,Cash,In-Store,2024-02-20,
TXN_6215477,CUST_089,Electronics,Headphones,22.0,4,88.0,Digital Wallet,Online,2022-08-28,True
TXN_6612050,CUST_290,Electronics,Mouse,18.0,7,126.0,Credit Card,Online,2022-06-24,
TXN_6809407,CUST_425,Butchers,Lamb,16.0,2,32.0,Credit Card,In-Store,2024-10-03,False
TXN_9603971,CUST_056,Stationery,Marker,2.5,9,22.5,Digital Wallet,In-Store,2023-10-02,
TXN_5822150,CUST_245,Patisserie,Croissant,5.0,6,30.0,Digital Wallet,In-Store,2023-04-01,True
TXN_5356475,CUST_487,Butchers,Beef,14.0,6,84.0,Mobile Money,In-Store,2024-02-08,True
TXN_8249602,CUST_242,Stationery,Folder,3.0,2,6.0,Cash,Online,2024-01-27,True
TXN_6399400,CUST_323,Electronics,USB Cable,8.0,8,64.0,Cash,Online,2024-07-27,False
TXN_8328870,CUST_223,Stationery,Marker,2.5,10,25.0,Credit Card,In-Store,2023-06-29,False
TXN_3042920,CUST_346,Stationery,Pen,1.5,6,9.0,Credit Card,Online,2022-02-17,False
TXN_5392241,CUST_030,Food,Pasta,4.5,1,4.5,Cash,In-Store,2022-08-14,True
TXN_9945160,CUST_287,Food,Bread,3.0,10,30.0,Credit Card,Online,2022-01-19,True
TXN_8809285,CUST_231,Patisserie,Cake,18.0,1,18.0,Digital Wallet,Online,2023-10-08,False
TXN_7325598,CUST_132,Electronics,Charger,25.0,8,200.0,Digital Wallet,Online,2022-11-04,False
TXN_5447411,CUST_303,Butchers,Chicken,9.0,10,90.0,Credit Card,In-Store,2024-10-10,False
TXN_8165882,CUST_391,Food,Rice,5.5,1,5.5,Digital Wallet,In-Store,2023-11-28,True
TXN_2704910,CUST_392,Butchers,Pork,12.0,10,120.0,Mobile Money,Online,2023-07-30,
TXN_5734806,CUST_061,Beverages,Soda,2.0,2,4.0,Mobile Money,Online,2024-09-23,False
TXN_2987881,CUST_320,Stationery,Folder,3.0,9,27.0,Credit Card,Online,2023-05-26,False
TXN_8814805,CUST_295,Patisserie,Croissant,5.0,5,25.0,Mobile Money,In-Store,2024-09-21,True
TXN_3767359,CUST_088,Stationery,Notebook,4.0,5,20.0,Cash,Online,2022-04-13,
TXN_1746470,CUST_094,Butchers,Pork,12.0,7,84.0,Credit Card,In-Store,2024-08-14,True
TXN_6706451,CUST_224,Patisserie,Doughnut,3.5,8,28.0,Cash,Online,2022-08-08,True
TXN_5156532,CUST_124,Butchers,Pork,12.0,7,84.0,Digital Wallet,In-Store,2023-12-16,False
TXN_6083769,CUST_133,Butchers,Chicken,9.0,10,90.0,Digital Wallet,In-Store,2024-01-03,False
TXN_8681356,CUST_310,Food,Rice,5.5,2,11.0,Cash,Unknown,2024-07-25,True
TXN_1436363,CUST_306,Beverages,Water,1.5,10,15.0,Mobile Money,In-Store,2022-12-26,False
TXN_3340453,CUST_459,Stationery,Pen,1.5,1,1.5,Credit Card,In-Store,2022-09-14,False
TXN_3427540,CUST_431,Electronics,Unknown,22.0,8,176.0,Cash,In-Store,2022-07-21,
TXN_5561679,CUST_012,Beverages,Soda,2.0,2,4.0,Mobile Money,In-Store,2022-08-20,False
TXN_2106331,CUST_230,Beverages,Tea,3.5,2,7.0,Mobile Money,Online,2023-09-27,True
TXN_1090061,CUST_337,Patisserie,Croissant,5.0,2,10.0,Cash,Online,2022-10-18,
TXN_1025993,CUST_167,Electronics,Headphones,22.0,6,132.0,Credit Card,Online,2022-03-31,False
TXN_8556484,CUST_081,Beverages,Soda,2.0,10,20.0,Credit Card,In-Store,2023-05-21,False
TXN_8783308,CUST_450,Patisserie,Muffin,4.5,2,9.0,Cash,In-Store,2024-03-23,
TXN_7385932,CUST_282,Beverages,Unknown,4.0,7,28.0,Credit Card,Online,2024-12-23,
TXN_8289815,CUST_461,Food,Unknown,8.0,4,32.0,Cash,Online,2024-06-01,False
TXN_7632170,CUST_301,Stationery,Notebook,4.0,10,40.0,Cash,Online,2024-12-19,
TXN_3224462,CUST_070,Electronics,Keyboard,35.0,8,280.0,Cash,Online,2022-09-03,False
TXN_9623041,CUST_216,Butchers,Pork,12.0,1,12.0,Digital Wallet,In-Store,2023-02-27,False
TXN_5346048,CUST_127,Food,Cooking Oil,8.0,8,64.0,Unknown,Online,2023-08-06,False
TXN_2361303,CUST_294,Stationery,Notebook,4.0,9,36.0,Unknown,In-Store,2023-02-24,False
TXN_1698142,CUST_248,Butchers,Pork,12.0,9,108.0,Mobile Money,In-Store,2024-02-24,True
TXN_2828864,CUST_011,Butchers,Lamb,16.0,4,64.0,Credit Card,In-Store,2024-08-13,True
TXN_1656568,CUST_323,Butchers,Beef,14.0,9,126.0,Mobile Money,Online,2024-09-10,False
TXN_6077198,CUST_256,Beverages,Soda,2.0,7,14.0,Digital Wallet,Online,2023-05-30,False
TXN_5466271,CUST_257,Food,Rice,5.5,3,16.5,Mobile Money,In-Store,2023-05-31,False
TXN_2504900,CUST_201,Stationery,Stapler,6.0,4,24.0,Cash,Online,2024-04-16,False
TXN_7699144,CUST_090,Furniture,Shelf,55.0,7,385.0,Mobile Money,In-Store,2023-05-15,False
TXN_9631328,CUST_299,Furniture,Table,80.0,4,320.0,Cash,Online,2023-11-16,False
TXN_4231365,CUST_108,Food,Cooking Oil,8.0,1,8.0,Mobile Money,In-Store,2023-02-22,False
TXN_8225206,CUST_321,Food,Cereal,6.0,4,24.0,Credit Card,Online,2022-04-08,False
TXN_7806785,CUST_020,Electronics,Charger,25.0,1,25.0,Digital Wallet,In-Store,2022-09-12,
TXN_8416837,CUST_455,Patisserie,Muffin,4.5,5,22.5,Cash,In-Store,2023-03-29,False
TXN_8694481,CUST_249,Stationery,Pen,1.5,4,6.0,Credit Card,Online,2022-05-05,
TXN_3767049,CUST_214,Electronics,USB Cable,8.0,5,40.0,Credit Card,Online,2023-05-23,False
TXN_2195053,CUST_028,Electronics,USB Cable,8.0,9,72.0,Credit Card,In-Store,2024-11-06,False
TXN_7442626,CUST_360,Beverages,Coffee,2.5,1,2.5,Mobile Money,In-Store,2023-09-01,False
TXN_8320812,CUST_466,Stationery,Folder,3.0,4,12.0,Cash,In-Store,2023-03-24,False
TXN_4793730,CUST_206,Patisserie,Doughnut,3.5,3,10.5,Credit Card,In-Store,2024-12-08,False
TXN_1782638,CUST_204,Butchers,Sausage,7.5,8,60.0,Cash,In-Store,2024-10-23,False
TXN_6436546,CUST_065,Patisserie,Muffin,4.5,7,31.5,Mobile Money,Online,2022-07-05,False
TXN_1630363,CUST_292,Furniture,Chair,35.0,10,350.0,Credit Card,Online,2023-05-16,
TXN_1953122,CUST_500,Butchers,Lamb,16.0,1,16.0,Digital Wallet,In-Store,2024-07-05,
TXN_7139611,CUST_404,Electronics,USB Cable,8.0,2,16.0,Credit Card,In-Store,2022-07-12,False
TXN_7542219,CUST_093,Patisserie,Muffin,4.5,5,22.5,Cash,Online,2024-11-06,
TXN_7005223,CUST_236,Patisserie,Pie,12.0,7,84.0,Cash,Online,2022-12-09,False
TXN_3184239,CUST_072,Beverages,Soda,2.0,3,6.0,Cash,In-Store,2024-06-15,True
TXN_4230786,CUST_392,Patisserie,Pie,12.0,3,36.0,Mobile Money,In-Store,2022-05-02,True
TXN_2066485,CUST_104,Food,Bread,3.0,5,15.0,Cash,Online,2024-10-14,False
TXN_7615920,CUST_098,Furniture,Table,80.0,4,320.0,Cash,Online,2022-01-22,False
TXN_8391599,CUST_027,Butchers,Lamb,16.0,10,160.0,Cash,Online,2023-05-30,
TXN_8241282,CUST_023,Electronics,Charger,25.0,5,125.0,Cash,Online,2024-10-25,
TXN_3452639,CUST_127,Beverages,Soda,2.0,7,14.0,Mobile Money,In-Store,2023-07-27,False
TXN_6137997,CUST_105,Beverages,Soda,2.0,4,8.0,Cash,In-Store,2023-01-13,False
TXN_8348399,CUST_149,Electronics,Charger,25.0,1,25.0,Credit Card,Online,2023-01-17,False
TXN_1650228,CUST_477,Food,Cereal,6.0,5,30.0,Digital Wallet,In-Store,2023-08-08,False
TXN_3852889,CUST_027,Furniture,Desk,120.0,8,960.0,Credit Card,In-Store,2023-11-13,
TXN_4793571,CUST_441,Furniture,Desk,120.0,7,840.0,Digital Wallet,Online,2024-06-27,True
TXN_1458819,CUST_253,Patisserie,Muffin,4.5,4,18.0,Credit Card,In-Store,2023-02-02,
TXN_9122339,CUST_240,Electronics,Keyboard,35.0,5,175.0,Digital Wallet,In-Store,2022-08-30,False
TXN_4903733,CUST_141,Butchers,Lamb,16.0,7,112.0,Mobile Money,In-Store,2022-08-28,True
TXN_3621064,CUST_172,Stationery,Stapler,6.0,5,30.0,Digital Wallet,Online,2022-11-29,False
TXN_5318452,CUST_024,Electronics,Mouse,18.0,1,18.0,Cash,In-Store,2023-02-07,False
TXN_9301356,CUST_095,Patisserie,Muffin,4.5,4,18.0,Cash,In-Store,2022-05-02,
TXN_1337450,CUST_188,Furniture,Desk,120.0,10,1200.0,Credit Card,Online,2022-06-11,False
TXN_9297142,CUST_239,Stationery,Notebook,4.0,5,20.0,Credit Card,In-Store,2024-01-10,False
TXN_6565634,CUST_074,Patisserie,Croissant,5.0,9,45.0,Digital Wallet,Online,2024-06-02,False
TXN_3907639,CUST_211,Electronics,Charger,25.0,10,250.0,Digital Wallet,In-Store,2024-06-04,False
TXN_2540394,CUST_339,Food,Cereal,6.0,1,6.0,Cash,Online,2023-04-19,True
TXN_7541612,CUST_288,Stationery,Folder,3.0,5,15.0,Credit Card,In-Store,2024-03-01,False
TXN_4032891,CUST_068,Stationery,Pen,1.5,7,10.5,Cash,Online,2022-12-09,False
TXN_7569632,CUST_151,Food,Rice,5.5,7,38.5,Cash,In-Store,2024-07-03,False
TXN_3267784,CUST_339,Furniture,Cabinet,95.0,2,190.0,Credit Card,Online,2024-07-20,False
TXN_3273162,CUST_112,Beverages,Juice,4.0,7,28.0,Credit Card,Online,2024-07-02,True
TXN_2621750,CUST_368,Patisserie,Croissant,5.0,3,15.0,Credit Card,Online,2023-10-18,False
TXN_5726429,CUST_069,Butchers,Beef,14.0,5,70.0,Cash,Online,2024-02-13,
TXN_6540668,CUST_043,Stationery,Notebook,4.0,10,40.0,Mobile Money,Online,2023-02-08,True
TXN_2527013,CUST_388,Stationery,Pen,1.5,6,9.0,Digital Wallet,In-Store,2023-10-11,False
TXN_2087241,CUST_086,Patisserie,Doughnut,3.5,3,10.5,Mobile Money,Online,2024-08-10,False
TXN_2098168,CUST_112,Stationery,Folder,3.0,4,12.0,Credit Card,Online,2022-01-07,False
TXN_2024627,CUST_377,Butchers,Chicken,9.0,8,72.0,Digital Wallet,Online,2024-03-18,
TXN_2947012,CUST_487,Furniture,Cabinet,95.0,2,190.0,Digital Wallet,Online,2023-07-25,True
TXN_1384533,CUST_470,Electronics,Mouse,18.0,6,108.0,Digital Wallet,In-Store,2023-07-05,False
TXN_9857700,CUST_097,Stationery,Pen,1.5,2,3.0,Cash,Online,2022-01-29,False
TXN_9416032,CUST_168,Electronics,Headphones,22.0,9,198.0,Digital Wallet,Online,2024-04-09,False
TXN_2691644,CUST_394,Furniture,Cabinet,95.0,3,285.0,Digital Wallet,Online,2024-01-14,True
TXN_4567008,CUST_120,Butchers,Lamb,16.0,10,160.0,Digital Wallet,In-Store,2022-05-02,False
TXN_1692289,CUST_400,Electronics,USB Cable,8.0,6,48.0,Digital Wallet,In-Store,2022-05-03,False
TXN_8270556,CUST_089,Furniture,Shelf,55.0,6,330.0,Credit Card,Online,2023-04-07,False
TXN_4795827,CUST_428,Patisserie,Croissant,5.0,10,50.0,Cash,In-Store,2024-09-30,
TXN_8305626,CUST_166,Stationery,Marker,2.5,1,2.5,Credit Card,Online,2023-03-29,False
TXN_8486572,CUST_178,Furniture,Cabinet,95.0,6,570.0,Credit Card,In-Store,2024-02-04,True
TXN_5466951,CUST_282,Furniture,Desk,120.0,2,240.0,Cash,Online,2023-06-26,True
TXN_7143326,CUST_108,Beverages,Juice,4.0,7,28.0,Credit Card,In-Store,2024-06-27,False
TXN_3871712,CUST_152,Electronics,Charger,25.0,4,100.0,Mobile Money,In-Store,2022-05-28,False
TXN_1607612,CUST_486,Patisserie,Croissant,5.0,8,40.0,Mobile Money,In-Store,2023-04-05,True
TXN_6728160,CUST_460,Electronics,Headphones,22.0,8,176.0,Credit Card,In-Store,2024-06-08,
TXN_3997629,CUST_453,Butchers,Sausage,7.5,4,30.0,Mobile Money,Online,2023-08-20,
TXN_8753472,CUST_268,Beverages,Juice,4.0,3,12.0,Digital Wallet,Online,2024-07-26,True
TXN_9411727,CUST_038,Food,Cooking Oil,8.0,6,48.0,Credit Card,Online,2023-12-09,False
TXN_2509390,CUST_327,Butchers,Lamb,16.0,9,144.0,Credit Card,Online,2022-04-23,False
TXN_3883791,CUST_106,Patisserie,Pie,12.0,9,108.0,Credit Card,Online,2023-09-25,
TXN_8517010,CUST_453,Patisserie,Muffin,4.5,10,45.0,Credit Card,In-Store,2024-05-22,
TXN_4232277,CUST_186,Furniture,Table,80.0,3,240.0,Mobile Money,In-Store,2023-08-15,
TXN_9499557,CUST_432,Furniture,Desk,120.0,,240.0,Mobile Money,Online,2023-09-14,False
TXN_5300675,CUST_321,Beverages,Coffee,2.5,4,10.0,Credit Card,Online,2023-12-05,True
TXN_9881111,CUST_488,Patisserie,Muffin,4.5,9,40.5,Mobile Money,In-Store,2024-01-23,False
TXN_4708242,CUST_005,Butchers,Chicken,9.0,7,63.0,Digital Wallet,In-Store,2022-06-11,True
TXN_7504266,CUST_096,Electronics,Keyboard,35.0,8,280.0,Credit Card,In-Store,2023-06-24,
TXN_2997832,CUST_149,Stationery,Notebook,4.0,1,4.0,Credit Card,Unknown,2022-08-12,False
TXN_2535621,CUST_127,Electronics,Headphones,22.0,10,220.0,Credit Card,Online,2022-12-28,False
TXN_3706241,CUST_055,Patisserie,Doughnut,3.5,7,24.5,Mobile Money,Online,2023-02-15,False
TXN_2780655,CUST_289,Patisserie,Pie,12.0,3,36.0,Digital Wallet,In-Store,2022-11-25,False
TXN_7478444,CUST_044,Butchers,Pork,12.0,3,36.0,Digital Wallet,Online,2024-06-28,
TXN_9078968,CUST_124,Butchers,Lamb,16.0,3,48.0,Digital Wallet,In-Store,2023-01-27,
TXN_9282577,CUST_422,Patisserie,Cake,18.0,9,162.0,Credit Card,Online,2024-11-15,
TXN_3464722,CUST_211,Electronics,Mouse,18.0,9,162.0,Mobile Money,In-Store,2024-03-20,True
TXN_8085904,CUST_337,Furniture,Chair,35.0,8,280.0,Cash,In-Store,2024-04-19,True
TXN_9923390,CUST_323,Patisserie,Pie,12.0,7,84.0,Credit Card,In-Store,2023-03-01,
TXN_4323180,CUST_097,Butchers,Beef,14.0,5,70.0,Cash,In-Store,2022-10-05,
TXN_4559976,CUST_332,Stationery,Pen,1.5,6,9.0,Digital Wallet,In-Store,2024-04-16,False
TXN_1427790,CUST_263,Butchers,Beef,14.0,9,126.0,Digital Wallet,Online,2022-07-15,False
TXN_5098683,CUST_467,Patisserie,Croissant,5.0,2,10.0,Cash,Online,2024-04-15,
TXN_5086618,CUST_442,Butchers,Beef,14.0,2,28.0,Cash,Online,2023-05-07,False
TXN_9704813,CUST_452,Food,Bread,3.0,8,24.0,Cash,In-Store,2024-12-12,False
TXN_2457315,CUST_071,Butchers,Sausage,7.5,5,37.5,Digital Wallet,Online,2022-05-06,True
TXN_6728776,CUST_326,Patisserie,Pie,12.0,1,12.0,Mobile Money,Online,2024-04-20,False
TXN_3670722,CUST_452,Beverages,Coffee,2.5,5,12.5,Mobile Money,In-Store,2023-06-20,False
TXN_3091731,CUST_437,Patisserie,Cake,18.0,6,108.0,Digital Wallet,Online,2022-03-04,False
TXN_8358862,CUST_261,Furniture,Chair,35.0,6,210.0,Cash,In-Store,2022-07-01,False
TXN_3740421,CUST_259,Furniture,Cabinet,95.0,10,950.0,Cash,Online,2022-10-27,False
TXN_2007293,CUST_296,Stationery,Folder,3.0,9,27.0,Cash,Online,2022-12-04,False
TXN_6924549,CUST_248,Food,Cereal,6.0,3,18.0,Credit Card,Online,2022-06-12,False
TXN_8007176,CUST_007,Stationery,Marker,2.5,5,12.5,Mobile Money,Unknown,2024-06-25,True
TXN_1726331,CUST_101,Stationery,Marker,2.5,6,15.0,Mobile Money,Online,2022-01-12,
TXN_4042522,CUST_408,Furniture,Cabinet,95.0,9,855.0,Credit Card,Online,2024-03-21,False
TXN_6998127,CUST_049,Beverages,Coffee,2.5,5,12.5,Cash,Online,2024-03-02,False
TXN_7738246,CUST_391,Stationery,Notebook,4.0,7,28.0,Cash,Online,2022-03-25,True
TXN_6802199,CUST_434,Stationery,Notebook,4.0,8,32.0,Unknown,Online,2022-01-16,True
TXN_8566929,CUST_010,Beverages,Soda,2.0,4,8.0,Digital Wallet,Online,2024-03-08,False
TXN_5121802,CUST_226,Beverages,Tea,3.5,2,7.0,Mobile Money,Online,2024-11-24,True
TXN_5919454,CUST_178,Food,Bread,3.0,7,21.0,Mobile Money,Online,2022-11-03,
TXN_8215793,CUST_478,Butchers,Beef,14.0,5,70.0,Mobile Money,In-Store,2024-01-02,True
TXN_3177218,CUST_410,Beverages,Coffee,2.5,1,2.5,Cash,Online,2022-06-15,False
TXN_5706797,CUST_011,Food,Cooking Oil,8.0,3,24.0,Credit Card,Online,2024-12-30,False
TXN_5237330,CUST_462,Butchers,Chicken,9.0,2,18.0,Mobile Money,In-Store,2022-05-09,False
TXN_6697586,CUST_398,Food,Cereal,6.0,5,30.0,Credit Card,Online,2023-05-29,False
TXN_9218923,CUST_030,Electronics,Keyboard,35.0,3,105.0,Credit Card,Online,2024-10-14,False
TXN_5495433,CUST_041,Stationery,Notebook,4.0,4,16.0,Digital Wallet,In-Store,2023-07-18,True
TXN_1317942,CUST_185,Electronics,Keyboard,35.0,9,315.0,Cash,In-Store,2022-05-24,
TXN_2158196,CUST_073,Electronics,Mouse,18.0,1,18.0,Digital Wallet,In-Store,2023-12-02,False
TXN_4900379,CUST_250,Butchers,Chicken,9.0,7,63.0,Cash,Online,2024-05-08,True
TXN_2169549,CUST_258,Food,Cooking Oil,8.0,3,24.0,Cash,Online,2022-02-06,False
TXN_4643610,CUST_431,Food,Cereal,6.0,6,36.0,Cash,In-Store,2023-04-09,False
TXN_6287267,CUST_478,Patisserie,Pie,12.0,2,24.0,Cash,In-Store,2023-12-07,True
TXN_8632285,CUST_309,Patisserie,Muffin,4.5,2,9.0,Credit Card,Online,2022-03-14,False
TXN_9684369,CUST_207,Furniture,Chair,35.0,1,35.0,Cash,Online,2024-08-10,True
TXN_7112360,CUST_466,Patisserie,Pie,12.0,5,60.0,Mobile Money,Online,2024-07-17,True
TXN_5375724,CUST_102,Stationery,Stapler,6.0,8,48.0,Mobile Money,Online,2022-01-28,False
TXN_6762726,CUST_429,Patisserie,Croissant,5.0,1,5.0,Mobile Money,In-Store,2022-07-24,False
TXN_7543084,CUST_222,Furniture,Table,80.0,5,400.0,Mobile Money,Online,2022-11-14,
TXN_9422196,CUST_203,Furniture,Cabinet,95.0,10,950.0,Digital Wallet,Online,2022-05-02,False
TXN_5536189,CUST_147,Electronics,Charger,25.0,4,100.0,Cash,Online,2024-02-09,True
TXN_3222854,CUST_312,Electronics,Keyboard,35.0,4,140.0,Mobile Money,In-Store,2023-02-17,False
TXN_1209816,CUST_477,Furniture,Table,80.0,3,240.0,Digital Wallet,Online,2022-11-11,
TXN_8642897,CUST_282,Furniture,Desk,120.0,1,120.0,Mobile Money,In-Store,2024-04-02,False
TXN_8982246,CUST_470,Furniture,Cabinet,95.0,7,665.0,Credit Card,Online,2023-01-16,True
TXN_8589500,CUST_371,Food,Rice,5.5,9,49.5,Cash,Online,2023-03-03,False
TXN_4947012,CUST_219,Butchers,Chicken,9.0,3,27.0,Mobile Money,Online,2024-02-24,False
TXN_8309598,CUST_073,Electronics,Charger,25.0,2,50.0,Credit Card,In-Store,2022-12-03,False
TXN_4209462,CUST_389,Patisserie,Doughnut,3.5,4,14.0,Cash,In-Store,2023-07-13,False
TXN_1433073,CUST_024,Beverages,Coffee,2.5,7,17.5,Credit Card,In-Store,2023-05-24,True
TXN_5180174,CUST_111,Stationery,Notebook,4.0,4,16.0,Digital Wallet,Online,2024-02-26,False
TXN_1368406,CUST_317,Furniture,Table,80.0,2,160.0,Digital Wallet,In-Store,2022-09-20,False
TXN_4448678,CUST_131,Beverages,Water,1.5,7,10.5,Mobile Money,Online,2022-06-11,False
TXN_7615492,CUST_060,Electronics,USB Cable,8.0,10,80.0,Digital Wallet,Online,2024-10-20,True
TXN_9606776,CUST_211,Butchers,Chicken,9.0,10,90.0,Mobile Money,Online,2023-06-13,
TXN_9017638,CUST_153,Stationery,Folder,3.0,9,27.0,Digital Wallet,In-Store,2022-11-01,
TXN_6001336,CUST_419,Furniture,Desk,120.0,7,840.0,Credit Card,In-Store,2022-02-11,False
TXN_9351870,CUST_205,Stationery,Notebook,4.0,7,28.0,Unknown,In-Store,2024-08-23,
TXN_8082122,CUST_181,Beverages,Water,1.5,3,4.5,Credit Card,Online,2022-02-26,
TXN_8938553,CUST_306,Patisserie,Muffin,4.5,,45.0,Credit Card,In-Store,2023-09-15,False
TXN_1387069,CUST_031,Electronics,USB Cable,8.0,5,40.0,Credit Card,Online,2022-04-17,False
TXN_3906655,CUST_403,Butchers,Beef,14.0,2,28.0,Mobile Money,In-Store,2023-01-22,False
TXN_9734546,CUST_012,Butchers,Sausage,7.5,4,30.0,Mobile Money,In-Store,2023-10-19,True
TXN_5327261,CUST_476,Stationery,Pen,1.5,5,7.5,Mobile Money,Online,2022-02-03,
TXN_3505700,CUST_286,Electronics,Mouse,18.0,2,36.0,Digital Wallet,Unknown,2024-06-04,False
TXN_1708672,CUST_337,Electronics,Charger,25.0,7,175.0,Digital Wallet,Online,2024-05-13,False
TXN_5951941,CUST_221,Furniture,Cabinet,95.0,5,475.0,Mobile Money,Online,2023-05-14,False
TXN_5578873,CUST_296,Stationery,Folder,3.0,2,6.0,Cash,Unknown,2022-10-14,False
TXN_1239013,CUST_269,Butchers,Chicken,9.0,,9.0,Cash,In-Store,2024-12-27,False
TXN_3885194,CUST_101,Electronics,Keyboard,35.0,1,35.0,Cash,In-Store,2023-09-13,False
TXN_5073273,CUST_218,Butchers,Pork,12.0,4,48.0,Mobile Money,In-Store,2024-01-15,
TXN_2093148,CUST_489,Furniture,Shelf,55.0,3,165.0,Digital Wallet,In-Store,2023-01-27,False
TXN_8131627,CUST_336,Stationery,Pen,1.5,8,12.0,Credit Card,In-Store,2023-09-25,False
TXN_3738384,CUST_227,Beverages,Tea,3.5,4,14.0,Mobile Money,In-Store,2022-08-12,
TXN_2553369,CUST_125,Stationery,Notebook,4.0,7,28.0,Unknown,Online,2024-11-26,False
TXN_3144124,CUST_319,Beverages,Soda,2.0,2,4.0,Credit Card,Online,2023-08-08,False
TXN_5245842,CUST_303,Patisserie,Doughnut,3.5,8,28.0,Mobile Money,Online,2022-03-17,
TXN_6816272,CUST_220,Butchers,Sausage,7.5,1,7.5,Credit Card,Online,2023-04-16,False
TXN_3694322,CUST_359,Food,Bread,3.0,9,27.0,Cash,In-Store,2024-07-24,True
TXN_9439985,CUST_036,Stationery,Folder,3.0,2,6.0,Credit Card,Online,2022-01-21,False
TXN_8261231,CUST_319,Furniture,Desk,120.0,5,600.0,Unknown,In-Store,2024-03-12,False
TXN_9325648,CUST_380,Food,Cooking Oil,8.0,6,48.0,Cash,Online,2023-12-09,
TXN_8048586,CUST_044,Beverages,Soda,2.0,10,20.0,Digital Wallet,Online,2024-12-03,False
TXN_4432741,CUST_026,Butchers,Pork,12.0,2,24.0,Cash,Online,2023-07-18,False
TXN_1906450,CUST_192,Butchers,Chicken,9.0,4,36.0,Mobile Money,In-Store,2023-07-25,True
TXN_6902232,CUST_331,Furniture,Desk,120.0,9,1080.0,Digital Wallet,Online,2024-08-12,True
TXN_1070463,CUST_317,Food,Cooking Oil,8.0,1,8.0,Cash,In-Store,2023-10-02,
TXN_9606432,CUST_086,Butchers,Pork,12.0,6,72.0,Cash,Online,2023-12-28,True
TXN_4314004,CUST_298,Stationery,Notebook,4.0,3,12.0,Cash,Online,2022-04-10,False
TXN_7084010,CUST_342,Beverages,Juice,4.0,5,20.0,Digital Wallet,Online,2023-10-26,False
TXN_7141601,CUST_497,Beverages,Tea,3.5,10,35.0,Digital Wallet,Online,2022-06-21,False
TXN_8764050,CUST_265,Beverages,Soda,2.0,8,16.0,Mobile Money,Online,2023-10-20,
TXN_1725704,CUST_438,Food,Bread,3.0,8,24.0,Cash,Online,2022-11-07,False
TXN_4574787,CUST_121,Furniture,Shelf,55.0,3,165.0,Mobile Money,In-Store,2023-04-13,False
TXN_6925313,CUST_095,Electronics,Headphones,22.0,6,132.0,Mobile Money,In-Store,2023-04-23,False
TXN_6966504,CUST_443,Electronics,Keyboard,35.0,9,315.0,Mobile Money,In-Store,2024-04-28,
TXN_9841326,CUST_322,Furniture,Unknown,120.0,4,480.0,Digital Wallet,In-Store,2023-11-05,
TXN_2280280,CUST_172,Stationery,Marker,2.5,10,25.0,Mobile Money,In-Store,2024-11-29,False
TXN_2335184,CUST_389,Stationery,Pen,1.5,3,4.5,Cash,Online,2022-07-02,False
TXN_9020235,CUST_012,Stationery,Folder,3.0,3,9.0,Cash,Online,2024-05-23,
TXN_6563876,CUST_271,Stationery,Stapler,6.0,6,36.0,Credit Card,In-Store,2024-11-09,True
TXN_5598959,CUST_063,Beverages,Juice,4.0,6,24.0,Digital Wallet,Online,2023-03-30,False
TXN_2902871,CUST_136,Butchers,Chicken,9.0,2,18.0,Credit Card,Online,2022-11-05,False
TXN_5681118,CUST_105,Patisserie,Unknown,5.0,7,35.0,Cash,Online,2022-11-25,False
TXN_1661440,CUST_031,Beverages,Tea,3.5,2,7.0,Credit Card,Online,2023-02-06,False
TXN_3494903,CUST_228,Furniture,Desk,120.0,2,240.0,Mobile Money,Online,2024-09-03,False
TXN_9310462,CUST_388,Patisserie,Cake,18.0,8,144.0,Mobile Money,In-Store,2022-10-24,False
TXN_6887898,CUST_208,Food,Cooking Oil,8.0,4,32.0,Digital Wallet,Online,2023-03-08,
TXN_2075091,CUST_211,Food,Bread,3.0,4,12.0,Credit Card,Online,2024-11-19,False
TXN_3126028,CUST_381,Butchers,Sausage,7.5,4,30.0,Cash,Online,2022-03-18,False
TXN_1271759,CUST_098,Furniture,Shelf,55.0,7,385.0,Unknown,Online,2023-04-13,True
TXN_8369080,CUST_214,Butchers,Sausage,7.5,9,67.5,Credit Card,Online,2023-01-28,False
TXN_2097020,CUST_017,Food,Bread,3.0,6,18.0,Mobile Money,In-Store,2023-08-20,True
TXN_3654392,CUST_288,Food,Rice,5.5,2,11.0,Credit Card,In-Store,2023-05-22,False
TXN_5338514,CUST_014,Furniture,Cabinet,95.0,7,665.0,Credit Card,In-Store,2022-05-21,False
TXN_1702959,CUST_351,Food,Cooking Oil,8.0,10,80.0,Digital Wallet,Online,2022-05-20,False
TXN_4968349,CUST_123,Furniture,Chair,35.0,7,245.0,Digital Wallet,Online,2022-02-24,
TXN_6888997,CUST_378,Beverages,Water,1.5,9,13.5,Mobile Money,In-Store,2022-12-08,True
TXN_1616814,CUST_021,Furniture,Shelf,55.0,8,440.0,Mobile Money,Online,2023-03-27,True
TXN_8328489,CUST_484,Stationery,Folder,3.0,6,18.0,Cash,Online,2023-11-30,False
TXN_5349025,CUST_082,Food,Cereal,6.0,9,54.0,Credit Card,In-Store,2024-02-04,False
TXN_2360247,CUST_089,Patisserie,Muffin,4.5,6,27.0,Cash,In-Store,2022-08-05,False
TXN_4499005,CUST_110,Butchers,Pork,12.0,4,48.0,Cash,Online,2023-11-30,False
TXN_5892777,CUST_336,Butchers,Sausage,7.5,5,37.5,Mobile Money,Online,2023-09-04,False
TXN_1863376,CUST_397,Food,Rice,5.5,7,38.5,Credit Card,In-Store,2024-12-25,False
TXN_9843026,CUST_313,Stationery,Stapler,6.0,5,30.0,Cash,Online,2022-01-31,
TXN_3664131,CUST_249,Butchers,Lamb,16.0,5,80.0,Cash,Online,2023-11-13,False
TXN_2518791,CUST_284,Butchers,Beef,14.0,9,126.0,Mobile Money,In-Store,2023-05-16,False
TXN_3787352,CUST_272,Beverages,Juice,4.0,5,20.0,Cash,Online,2024-07-27,False
TXN_9084602,CUST_207,Patisserie,Croissant,5.0,9,45.0,Digital Wallet,In-Store,2023-09-06,False
TXN_2008923,CUST_352,Patisserie,Pie,12.0,10,120.0,Cash,Unknown,2024-02-10,False
TXN_6964415,CUST_039,Patisserie,Doughnut,3.5,2,7.0,Cash,Online,2022-06-23,False
TXN_8896032,CUST_381,Butchers,Chicken,9.0,5,45.0,Mobile Money,Online,2024-01-11,
TXN_8050305,CUST_080,Food,Bread,3.0,1,3.0,Digital Wallet,In-Store,2022-05-05,
TXN_2406328,CUST_032,Food,Pasta,4.5,7,31.5,Credit Card,In-Store,2024-07-28,
TXN_1774726,CUST_195,Stationery,Pen,1.5,9,13.5,Mobile Money,Online,2023-07-04,False
TXN_7049338,CUST_072,Electronics,Keyboard,35.0,10,350.0,Digital Wallet,In-Store,2023-08-26,False
TXN_1130205,CUST_360,Butchers,Sausage,7.5,9,67.5,Digital Wallet,In-Store,2023-03-01,False
TXN_4604483,CUST_023,Food,Bread,3.0,9,27.0,Cash,In-Store,2024-06-19,False
TXN_8921241,CUST_345,Patisserie,Pie,12.0,2,24.0,Credit Card,Online,2024-04-11,True
TXN_7975291,CUST_009,Patisserie,Croissant,5.0,2,10.0,Credit Card,In-Store,2023-02-18,False
TXN_1200802,CUST_271,Butchers,Chicken,9.0,6,54.0,Digital Wallet,Unknown,2022-12-28,True
TXN_7162492,CUST_186,Electronics,Headphones,22.0,6,132.0,Digital Wallet,In-Store,2022-01-12,False
TXN_9234489,CUST_486,Patisserie,Doughnut,3.5,3,10.5,Cash,In-Store,2024-05-06,False
TXN_5331597,CUST_207,Beverages,Water,1.5,6,9.0,Unknown,Online,2023-02-06,
TXN_1174798,CUST_320,Stationery,Marker,2.5,1,2.5,Mobile Money,Online,2023-03-23,False
TXN_8862434,CUST_226,Butchers,Sausage,7.5,3,22.5,Cash,Online,2023-06-14,True
TXN_4094510,CUST_453,Electronics,Headphones,22.0,6,132.0,Digital Wallet,In-Store,2023-10-20,False
TXN_7686145,CUST_438,Furniture,Table,80.0,3,240.0,Cash,In-Store,2022-08-04,False
TXN_5577066,CUST_387,Furniture,Desk,120.0,1,120.0,Digital Wallet,In-Store,2023-08-20,
TXN_9855603,CUST_370,Beverages,Soda,2.0,1,2.0,Digital Wallet,In-Store,2024-07-05,False
TXN_9357998,CUST_102,Furniture,Chair,35.0,3,105.0,Cash,Online,2024-06-02,True
TXN_6031264,CUST_112,Beverages,Water,1.5,,6.0,Cash,In-Store,2022-11-19,False
TXN_5149658,CUST_284,Electronics,Charger,25.0,8,200.0,Credit Card,Online,2024-02-23,
TXN_9779116,CUST_076,Patisserie,Doughnut,3.5,3,10.5,Mobile Money,In-Store,2023-12-26,False
TXN_5536929,CUST_162,Electronics,Keyboard,35.0,3,105.0,Mobile Money,In-Store,2022-10-25,
TXN_6827056,CUST_401,Furniture,Shelf,55.0,8,440.0,Digital Wallet,In-Store,2024-07-22,False
TXN_8950806,CUST_034,Stationery,Folder,3.0,3,9.0,Cash,In-Store,2024-04-09,
TXN_4086176,CUST_023,Electronics,Headphones,22.0,6,132.0,Digital Wallet,In-Store,2024-09-19,False
TXN_9941047,CUST_456,Furniture,Chair,35.0,7,245.0,Cash,Online,2024-12-18,False
TXN_1769155,CUST_076,Electronics,Charger,25.0,7,175.0,Credit Card,In-Store,2024-08-12,
TXN_1493496,CUST_201,Electronics,USB Cable,8.0,3,24.0,Credit Card,In-Store,2023-03-19,False
TXN_8378939,CUST_439,Stationery,Marker,2.5,2,5.0,Mobile Money,In-Store,2022-05-06,False
TXN_7257866,CUST_289,Stationery,Notebook,4.0,9,36.0,Mobile Money,In-Store,2023-07-21,True
TXN_2301561,CUST_461,Furniture,Cabinet,95.0,3,285.0,Digital Wallet,Online,2024-01-20,
TXN_1137596,CUST_002,Stationery,Pen,1.5,8,12.0,Digital Wallet,In-Store,2024-12-04,False
TXN_8978304,CUST_276,Food,Rice,5.5,2,11.0,Credit Card,In-Store,2024-01-22,True
TXN_5709751,CUST_376,Food,Pasta,4.5,4,18.0,Digital Wallet,In-Store,2022-09-22,False
TXN_2072995,CUST_420,Furniture,Chair,35.0,9,315.0,Digital Wallet,Online,2024-12-16,False
TXN_6002939,CUST_324,Butchers,Sausage,7.5,1,7.5,Digital Wallet,In-Store,2023-08-10,False
TXN_8796728,CUST_442,Patisserie,Muffin,4.5,2,9.0,Mobile Money,Online,2024-02-02,False
TXN_6220877,CUST_025,Stationery,Marker,2.5,2,5.0,Digital Wallet,Online,2024-09-22,
TXN_9874293,CUST_296,Beverages,Juice,4.0,2,8.0,Credit Card,Online,2022-04-24,
TXN_2552975,CUST_220,Beverages,Soda,2.0,9,18.0,Mobile Money,Online,2024-10-05,
TXN_2932303,CUST_334,Patisserie,Muffin,4.5,4,18.0,Mobile Money,In-Store,2024-10-09,False
TXN_8018838,CUST_450,Patisserie,Croissant,5.0,8,40.0,Mobile Money,Online,2024-01-29,
TXN_4353212,CUST_292,Food,Bread,3.0,1,3.0,Digital Wallet,Online,2024-05-06,
TXN_3874726,CUST_114,Beverages,Soda,2.0,8,16.0,Cash,In-Store,2023-09-02,
TXN_8867786,CUST_399,Patisserie,Croissant,5.0,1,5.0,Credit Card,Online,2022-01-06,True
TXN_8793067,CUST_083,Electronics,Headphones,22.0,3,66.0,Cash,Online,2023-09-24,
TXN_1083404,CUST_303,Electronics,Headphones,22.0,1,22.0,Digital Wallet,In-Store,2024-10-09,False
TXN_3529305,CUST_022,Butchers,Beef,14.0,8,112.0,Cash,Online,2023-04-05,
TXN_3285596,CUST_496,Patisserie,Doughnut,3.5,1,3.5,Credit Card,Online,2024-01-08,False
TXN_6068379,CUST_337,Stationery,Marker,2.5,3,7.5,Unknown,In-Store,2023-10-01,False
TXN_2825260,CUST_411,Patisserie,Pie,12.0,10,120.0,Credit Card,Online,2023-07-19,True
TXN_7415914,CUST_146,Electronics,Headphones,22.0,9,198.0,Credit Card,In-Store,2022-08-21,True
TXN_5379845,CUST_299,Butchers,Pork,12.0,10,120.0,Mobile Money,Online,2024-03-20,
TXN_6975349,CUST_435,Butchers,Beef,14.0,3,42.0,Mobile Money,In-Store,2023-03-14,True
TXN_4456653,CUST_484,Butchers,Lamb,16.0,4,64.0,Mobile Money,In-Store,2023-07-05,
TXN_8230931,CUST_416,Beverages,Juice,4.0,5,20.0,Digital Wallet,Online,2024-04-23,
TXN_5800030,CUST_206,Electronics,Charger,25.0,1,25.0,Unknown,Online,2024-10-31,True
TXN_1261496,CUST_480,Patisserie,Croissant,5.0,10,50.0,Digital Wallet,Online,2022-12-06,False
TXN_7213415,CUST_034,Patisserie,Pie,12.0,9,108.0,Mobile Money,Online,2023-08-15,True
TXN_8122887,CUST_051,Beverages,Water,1.5,10,15.0,Mobile Money,Online,2024-05-19,False
TXN_8999780,CUST_375,Food,Cereal,6.0,3,18.0,Digital Wallet,Online,2024-03-06,False
TXN_4204991,CUST_244,Electronics,Charger,25.0,5,125.0,Unknown,In-Store,2022-04-15,
TXN_6886514,CUST_253,Butchers,Sausage,7.5,1,7.5,Cash,In-Store,2023-09-26,False
TXN_2114234,CUST_445,Electronics,Keyboard,35.0,9,315.0,Cash,In-Store,2022-12-04,True
TXN_4127736,CUST_034,Food,Bread,3.0,3,9.0,Cash,In-Store,2023-03-30,
TXN_8605515,CUST_230,Butchers,Sausage,7.5,8,60.0,Digital Wallet,In-Store,2024-06-18,False
TXN_5704250,CUST_324,Food,Bread,3.0,8,24.0,Mobile Money,Online,2023-09-14,
TXN_6634986,CUST_445,Electronics,Unknown,22.0,3,66.0,Credit Card,Online,2024-04-12,False
TXN_5003171,CUST_466,Furniture,Chair,35.0,4,140.0,Credit Card,In-Store,2024-01-23,True
TXN_4443737,CUST_381,Electronics,Keyboard,35.0,8,280.0,Credit Card,Online,2023-06-06,False
TXN_9855009,CUST_264,Patisserie,Pie,12.0,5,60.0,Credit Card,In-Store,2024-07-25,False
TXN_3638968,CUST_069,Electronics,Keyboard,35.0,7,245.0,Credit Card,In-Store,2024-08-18,
TXN_8262497,CUST_263,Stationery,Pen,1.5,4,6.0,Cash,In-Store,2022-03-26,False
TXN_2508774,CUST_019,Furniture,Shelf,55.0,6,330.0,Digital Wallet,Online,2022-11-16,
TXN_9755861,CUST_153,Furniture,Desk,120.0,7,840.0,Digital Wallet,In-Store,2023-01-01,False
TXN_9831700,CUST_304,Beverages,Water,1.5,10,15.0,Mobile Money,Online,2024-09-11,False
TXN_1993663,CUST_036,Food,Cooking Oil,8.0,7,56.0,Credit Card,In-Store,2023-04-11,
TXN_8426081,CUST_406,Electronics,USB Cable,8.0,7,56.0,Digital Wallet,In-Store,2024-02-13,False
TXN_2454609,CUST_395,Butchers,Pork,12.0,5,60.0,Digital Wallet,In-Store,2024-05-19,
TXN_3818076,CUST_190,Butchers,Beef,14.0,5,70.0,Mobile Money,In-Store,2023-06-09,False
TXN_5233518,CUST_001,Electronics,Keyboard,35.0,7,245.0,Cash,Online,2023-10-12,
TXN_6572931,CUST_409,Butchers,Pork,12.0,10,120.0,Digital Wallet,In-Store,2023-01-31,False
TXN_3023106,CUST_011,Electronics,Unknown,35.0,1,35.0,Credit Card,In-Store,2023-02-23,
TXN_5420429,CUST_007,Patisserie,Doughnut,3.5,6,21.0,Credit Card,Online,2022-06-23,False
TXN_8179683,CUST_002,Electronics,Charger,25.0,9,225.0,Credit Card,Online,2023-07-07,False
TXN_7886284,CUST_236,Patisserie,Croissant,5.0,10,50.0,Cash,In-Store,2024-07-22,True
TXN_1854741,CUST_360,Food,Cooking Oil,8.0,3,24.0,Digital Wallet,Online,2022-05-18,False
TXN_2504137,CUST_376,Stationery,Pen,1.5,5,7.5,Digital Wallet,In-Store,2024-10-29,False
TXN_3121879,CUST_010,Furniture,Desk,120.0,9,1080.0,Credit Card,In-Store,2022-06-14,False
TXN_4075034,CUST_052,Beverages,Soda,2.0,3,6.0,Mobile Money,Online,2023-03-22,True
TXN_5049333,CUST_161,Stationery,Folder,3.0,4,12.0,Cash,Online,2022-03-04,False
TXN_1328278,CUST_032,Stationery,Folder,3.0,2,6.0,Cash,In-Store,2023-04-21,False
TXN_7778892,CUST_096,Food,Bread,3.0,7,21.0,Credit Card,In-Store,2022-08-26,
TXN_9640193,CUST_270,Electronics,Charger,25.0,10,250.0,Credit Card,Online,2023-09-16,False
TXN_3928100,CUST_245,Food,Cereal,6.0,10,60.0,Credit Card,Online,2024-07-26,False
TXN_9586625,CUST_014,Stationery,Pen,1.5,1,1.5,Credit Card,In-Store,2024-05-07,False
TXN_8984653,CUST_389,Electronics,Keyboard,35.0,9,315.0,Digital Wallet,Online,2023-12-05,False
TXN_6755327,CUST_203,Beverages,Water,1.5,9,13.5,Cash,In-Store,2024-01-08,True
TXN_6853874,CUST_170,Butchers,Pork,12.0,8,96.0,Unknown,In-Store,2023-03-23,False
TXN_5253459,CUST_016,Beverages,Coffee,2.5,8,20.0,Cash,In-Store,2024-12-21,False
TXN_8267104,CUST_248,Beverages,Coffee,2.5,3,7.5,Digital Wallet,Unknown,2024-07-17,
TXN_5537358,CUST_111,Electronics,Headphones,22.0,8,176.0,Cash,In-Store,2023-04-23,
TXN_3180139,CUST_027,Electronics,Keyboard,35.0,7,245.0,Credit Card,In-Store,2024-09-01,False
TXN_5461956,CUST_410,Patisserie,Doughnut,3.5,4,14.0,Mobile Money,In-Store,2022-12-02,
TXN_9625086,CUST_373,Butchers,Pork,12.0,1,12.0,Mobile Money,Online,2023-05-30,True
TXN_5050230,CUST_068,Stationery,Folder,3.0,6,18.0,Digital Wallet,Online,2022-08-05,False
TXN_7356228,CUST_157,Patisserie,Pie,12.0,8,96.0,Digital Wallet,Online,2024-04-23,
TXN_7806269,CUST_097,Butchers,Sausage,7.5,8,60.0,Credit Card,Online,2023-09-07,False
TXN_1954493,CUST_207,Butchers,Pork,12.0,9,108.0,Digital Wallet,Online,2023-09-02,True
TXN_9121485,CUST_317,Beverages,Water,1.5,7,10.5,Digital Wallet,Online,2023-11-12,False
TXN_1825740,CUST_125,Patisserie,Muffin,4.5,1,4.5,Mobile Money,Online,2023-06-11,False
TXN_9180801,CUST_323,Electronics,Mouse,18.0,4,72.0,Mobile Money,Online,2022-02-23,
TXN_6126845,CUST_141,Patisserie,Doughnut,3.5,4,14.0,Mobile Money,In-Store,2022-03-25,False
TXN_3887569,CUST_045,Stationery,Notebook,4.0,10,40.0,Mobile Money,In-Store,2023-03-19,False
TXN_6818528,CUST_357,Electronics,Mouse,18.0,10,180.0,Mobile Money,In-Store,2024-10-22,
TXN_9242680,CUST_131,Furniture,Shelf,55.0,7,385.0,Cash,In-Store,2023-10-09,True
TXN_3618778,CUST_276,Beverages,Tea,3.5,2,7.0,Credit Card,In-Store,2023-03-08,False
TXN_6767619,CUST_486,Stationery,Notebook,4.0,4,16.0,Mobile Money,In-Store,2024-11-29,
TXN_4153072,CUST_130,Furniture,Cabinet,95.0,6,570.0,Cash,In-Store,2022-03-29,False
TXN_3309842,CUST_179,Butchers,Pork,12.0,9,108.0,Cash,In-Store,2023-08-30,False
TXN_8815865,CUST_475,Patisserie,Cake,18.0,3,54.0,Digital Wallet,In-Store,2023-01-24,False
TXN_5780651,CUST_304,Furniture,Table,80.0,6,480.0,Mobile Money,In-Store,2024-06-22,True
TXN_9214491,CUST_125,Beverages,Water,1.5,1,1.5,Mobile Money,In-Store,2022-05-12,
TXN_8460749,CUST_053,Stationery,Unknown,4.0,4,16.0,Mobile Money,In-Store,2023-10-02,False
TXN_7061266,CUST_323,Food,Cereal,6.0,8,48.0,Mobile Money,In-Store,2023-04-09,
TXN_8989520,CUST_101,Butchers,Chicken,9.0,9,81.0,Cash,In-Store,2022-07-29,
TXN_8361657,CUST_450,Beverages,Soda,2.0,8,16.0,Digital Wallet,Online,2022-04-02,
TXN_8655849,CUST_488,Patisserie,Croissant,5.0,2,10.0,Cash,Online,2022-06-27,
TXN_5802738,CUST_039,Beverages,Water,1.5,6,9.0,Mobile Money,Online,2024-10-23,
TXN_2292334,CUST_347,Patisserie,Muffin,4.5,8,36.0,Mobile Money,Online,2022-03-30,
TXN_2363990,CUST_476,Beverages,Soda,2.0,2,4.0,Mobile Money,In-Store,2023-12-23,False
TXN_8838236,CUST_144,Stationery,Marker,2.5,4,10.0,Mobile Money,In-Store,2022-12-11,False
TXN_3651788,CUST_065,Stationery,Marker,2.5,9,22.5,Mobile Money,In-Store,2022-08-27,True
TXN_4257030,CUST_112,Stationery,Marker,2.5,5,12.5,Cash,Online,2024-11-07,False
TXN_5151615,CUST_229,Butchers,Sausage,7.5,9,67.5,Mobile Money,Online,2024-03-15,False
TXN_2656484,CUST_384,Furniture,Cabinet,95.0,9,855.0,Mobile Money,Online,2024-08-28,
TXN_7825755,CUST_424,Butchers,Sausage,7.5,4,30.0,Cash,Online,2022-09-04,
TXN_9352500,CUST_250,Butchers,Pork,12.0,9,108.0,Digital Wallet,In-Store,2023-07-28,
TXN_2593912,CUST_438,Butchers,Lamb,16.0,4,64.0,Cash,Online,2022-01-16,
TXN_6196368,CUST_438,Electronics,USB Cable,8.0,9,72.0,Mobile Money,Online,2022-01-19,False
TXN_7654754,CUST_086,Furniture,Shelf,55.0,5,275.0,Credit Card,In-Store,2023-04-07,
TXN_1687843,CUST_476,Butchers,Chicken,9.0,7,63.0,Mobile Money,In-Store,2022-10-17,False
TXN_9632908,CUST_171,Electronics,Keyboard,35.0,2,70.0,Cash,Online,2022-02-17,False
TXN_6730482,CUST_212,Butchers,Beef,14.0,3,42.0,Cash,Online,2023-04-10,False
TXN_4395214,CUST_326,Butchers,Sausage,7.5,1,7.5,Mobile Money,Online,2022-03-25,False
TXN_5841192,CUST_163,Stationery,Stapler,6.0,4,24.0,Digital Wallet,Online,2024-10-29,
TXN_8189475,CUST_441,Patisserie,Cake,18.0,4,72.0,Cash,Online,2023-09-24,True
TXN_3870581,CUST_208,Stationery,Marker,2.5,10,25.0,Cash,Online,2024-03-02,False
TXN_3232814,CUST_035,Beverages,Juice,4.0,2,8.0,Digital Wallet,Online,2024-03-28,True
TXN_2362270,CUST_143,Patisserie,Muffin,4.5,1,4.5,Digital Wallet,Online,2023-12-19,
TXN_3036567,CUST_427,Furniture,Chair,35.0,2,70.0,Mobile Money,Online,2023-05-30,False
TXN_4498472,CUST_365,Electronics,Headphones,22.0,10,220.0,Credit Card,In-Store,2024-02-17,False
TXN_4956037,CUST_338,Patisserie,Croissant,5.0,3,15.0,Mobile Money,Online,2023-07-04,False
TXN_1300767,CUST_328,Patisserie,Cake,18.0,9,162.0,Digital Wallet,In-Store,2023-11-08,False
TXN_1849277,CUST_087,Furniture,Chair,35.0,4,140.0,Credit Card,Online,2023-08-28,False
TXN_3322026,CUST_296,Furniture,Desk,120.0,4,480.0,Mobile Money,In-Store,2022-08-20,True
TXN_8375770,CUST_198,Electronics,Mouse,18.0,3,54.0,Credit Card,In-Store,2024-04-23,False
TXN_2150902,CUST_201,Butchers,Chicken,9.0,5,45.0,Digital Wallet,Online,2024-12-11,
TXN_4610803,CUST_306,Stationery,Notebook,4.0,6,24.0,Digital Wallet,In-Store,2023-12-31,False
TXN_6529339,CUST_015,Electronics,Mouse,18.0,8,144.0,Credit Card,Online,2024-05-14,False
TXN_2572138,CUST_164,Patisserie,Croissant,5.0,1,5.0,Credit Card,In-Store,2022-11-04,False
TXN_4360408,CUST_488,Food,Cooking Oil,8.0,1,8.0,Mobile Money,Online,2022-12-01,False
TXN_6815185,CUST_226,Stationery,Stapler,6.0,8,48.0,Mobile Money,Online,2022-09-17,False
TXN_3087258,CUST_017,Electronics,Keyboard,35.0,2,70.0,Mobile Money,Unknown,2024-08-12,False
TXN_4017375,CUST_434,Beverages,Water,1.5,10,15.0,Cash,Online,2023-09-29,False
TXN_7813364,CUST_055,Butchers,Beef,14.0,5,70.0,Unknown,In-Store,2023-10-12,
TXN_9143015,CUST_284,Butchers,Sausage,7.5,9,67.5,Credit Card,Online,2024-04-03,False
TXN_5983926,CUST_498,Electronics,Headphones,22.0,7,154.0,Credit Card,Online,2023-01-27,False
TXN_4783287,CUST_353,Stationery,Folder,3.0,4,12.0,Mobile Money,In-Store,2024-08-02,False
TXN_8214615,CUST_316,Patisserie,Muffin,4.5,5,22.5,Credit Card,In-Store,2024-07-04,
TXN_1078947,CUST_189,Butchers,Beef,14.0,1,14.0,Cash,Online,2023-01-23,False
TXN_4991818,CUST_099,Electronics,Mouse,18.0,5,90.0,Cash,In-Store,2023-01-11,False
TXN_9836026,CUST_384,Stationery,Notebook,4.0,8,32.0,Cash,Online,2024-07-26,True
TXN_2186430,CUST_425,Stationery,Pen,1.5,7,10.5,Cash,Online,2022-04-26,False
TXN_2962568,CUST_027,Stationery,Unknown,4.0,9,36.0,Mobile Money,Online,2023-03-02,False
TXN_9333100,CUST_161,Electronics,Headphones,22.0,9,198.0,Cash,Online,2023-10-22,
TXN_6706928,CUST_426,Food,Bread,3.0,9,27.0,Mobile Money,In-Store,2022-06-23,False
TXN_2531454,CUST_487,Furniture,Desk,120.0,3,360.0,Credit Card,In-Store,2022-01-28,False
TXN_6780618,CUST_276,Beverages,Water,1.5,5,7.5,Digital Wallet,In-Store,2023-12-16,
TXN_3623207,CUST_101,Food,Cooking Oil,8.0,7,56.0,Credit Card,Online,2024-08-16,False
TXN_1427709,CUST_473,Stationery,Notebook,4.0,6,24.0,Mobile Money,Online,2024-12-25,False
TXN_4005829,CUST_218,Beverages,Unknown,4.0,10,40.0,Mobile Money,In-Store,2024-08-05,False
TXN_1559168,CUST_062,Electronics,USB Cable,8.0,1,8.0,Cash,Online,2024-09-30,False
TXN_1717884,CUST_100,Beverages,Water,1.5,10,15.0,Digital Wallet,Online,2023-01-28,False
TXN_6654237,CUST_485,Patisserie,Pie,12.0,4,48.0,Digital Wallet,In-Store,2024-01-19,False
TXN_1252138,CUST_003,Electronics,USB Cable,8.0,1,8.0,Mobile Money,In-Store,2022-10-05,False
TXN_4578138,CUST_426,Butchers,Chicken,9.0,9,81.0,Mobile Money,Online,2022-03-27,True
TXN_4706378,CUST_303,Furniture,Cabinet,95.0,9,855.0,Digital Wallet,In-Store,2023-03-03,False
TXN_8321105,CUST_431,Stationery,Notebook,4.0,5,20.0,Credit Card,In-Store,2022-01-19,False
TXN_4479616,CUST_429,Stationery,Folder,3.0,8,24.0,Credit Card,Online,2024-05-03,False
TXN_5844440,CUST_110,Beverages,Coffee,2.5,10,25.0,Mobile Money,Online,2023-04-05,False
TXN_2247752,CUST_304,Food,Pasta,4.5,10,45.0,Digital Wallet,Online,2024-11-30,True
TXN_9908385,CUST_381,Butchers,Lamb,16.0,9,144.0,Credit Card,Online,2022-01-19,
TXN_9646761,CUST_482,Beverages,Juice,4.0,3,12.0,Credit Card,In-Store,2024-04-14,
TXN_2155703,CUST_326,Beverages,Water,1.5,5,7.5,Cash,In-Store,2022-08-05,False
TXN_3914611,CUST_137,Stationery,Notebook,4.0,9,36.0,Credit Card,In-Store,2024-10-21,
TXN_5172470,CUST_119,Patisserie,Croissant,5.0,8,40.0,Cash,Online,2024-09-03,
TXN_1900794,CUST_170,Patisserie,Muffin,4.5,6,27.0,Mobile Money,Online,2022-04-15,False
TXN_3507720,CUST_130,Stationery,Notebook,4.0,4,16.0,Cash,In-Store,2022-12-22,
TXN_9980000,CUST_275,Food,Cooking Oil,8.0,7,56.0,Cash,Online,2023-09-17,False
TXN_6276906,CUST_272,Furniture,Table,80.0,3,240.0,Credit Card,In-Store,2023-12-30,False
TXN_5591901,CUST_328,Furniture,Shelf,55.0,5,275.0,Digital Wallet,In-Store,2023-11-18,True
TXN_6794953,CUST_358,Butchers,Beef,14.0,2,28.0,Mobile Money,Online,2023-08-26,False
TXN_7820777,CUST_108,Butchers,Beef,14.0,3,42.0,Digital Wallet,Online,2024-07-26,False
TXN_7008989,CUST_356,Patisserie,Croissant,5.0,4,20.0,Mobile Money,Online,2022-11-16,True
TXN_6985669,CUST_347,Butchers,Sausage,7.5,3,22.5,Mobile Money,In-Store,2024-10-29,
TXN_1312051,CUST_423,Stationery,Folder,3.0,8,24.0,Mobile Money,Online,2022-05-13,True
TXN_7488401,CUST_433,Beverages,Soda,2.0,3,6.0,Digital Wallet,Online,2024-12-25,True
TXN_3842330,CUST_486,Beverages,Coffee,2.5,10,25.0,Cash,Unknown,2024-11-17,False
TXN_5534945,CUST_068,Furniture,Chair,35.0,4,140.0,Mobile Money,In-Store,2023-11-04,True
TXN_8880478,CUST_418,Electronics,USB Cable,8.0,7,56.0,Mobile Money,Online,2022-02-26,False
TXN_5137270,CUST_227,Butchers,Chicken,9.0,2,18.0,Credit Card,Online,2023-02-18,True
TXN_3372470,CUST_288,Electronics,Headphones,22.0,9,198.0,Credit Card,In-Store,2023-03-11,False
TXN_7696579,CUST_490,Butchers,Chicken,9.0,6,54.0,Credit Card,Online,2023-02-13,False
TXN_4391669,CUST_369,Food,Cooking Oil,8.0,5,40.0,Digital Wallet,Online,2024-08-18,False
TXN_5426663,CUST_300,Furniture,Cabinet,95.0,9,855.0,Digital Wallet,In-Store,2023-09-15,False
TXN_2388085,CUST_375,Patisserie,Unknown,3.5,6,21.0,Cash,In-Store,2023-11-05,False
TXN_9585919,CUST_317,Furniture,Chair,35.0,6,210.0,Mobile Money,Online,2022-10-24,True
TXN_1626763,CUST_496,Butchers,Lamb,16.0,10,160.0,Credit Card,In-Store,2024-04-20,False
TXN_2945188,CUST_103,Butchers,Lamb,16.0,8,128.0,Credit Card,Online,2023-11-29,
TXN_3319049,CUST_039,Electronics,Mouse,18.0,7,126.0,Cash,In-Store,2022-03-27,False
TXN_2305704,CUST_131,Stationery,Notebook,4.0,4,16.0,Cash,In-Store,2023-03-14,False
TXN_9046762,CUST_262,Beverages,Tea,3.5,1,3.5,Cash,Online,2023-06-10,True
TXN_4413654,CUST_114,Patisserie,Croissant,5.0,4,20.0,Cash,Online,2022-12-27,True
TXN_5449754,CUST_392,Electronics,USB Cable,8.0,1,8.0,Cash,Unknown,2024-05-21,False
TXN_3676407,CUST_133,Beverages,Water,1.5,8,12.0,Mobile Money,In-Store,2022-09-12,False
TXN_7429368,CUST_459,Electronics,Headphones,22.0,9,198.0,Credit Card,In-Store,2023-01-03,False
TXN_6748413,CUST_475,Furniture,Shelf,55.0,3,165.0,Mobile Money,In-Store,2022-11-08,False
TXN_5395048,CUST_370,Furniture,Table,80.0,2,160.0,Mobile Money,In-Store,2024-04-04,False
TXN_9366073,CUST_111,Butchers,Lamb,16.0,10,160.0,Cash,Online,2024-07-19,
TXN_1951738,CUST_456,Butchers,Pork,12.0,9,108.0,Credit Card,In-Store,2023-05-06,
TXN_9237180,CUST_278,Beverages,Coffee,2.5,6,15.0,Digital Wallet,In-Store,2023-06-11,True
TXN_4296369,CUST_056,Beverages,Unknown,2.0,2,4.0,Mobile Money,Online,2023-06-30,True
TXN_8659730,CUST_400,Electronics,Mouse,18.0,,108.0,Cash,In-Store,2023-01-12,False
TXN_3005464,CUST_481,Butchers,Sausage,7.5,8,60.0,Credit Card,In-Store,2024-11-09,
TXN_6848182,CUST_374,Food,Bread,3.0,7,21.0,Credit Card,Online,2024-05-27,False
TXN_6343926,CUST_028,Stationery,Pen,1.5,2,3.0,Credit Card,Online,2024-04-28,
TXN_9176745,CUST_295,Butchers,Sausage,7.5,3,22.5,Cash,In-Store,2022-06-05,False
TXN_3223712,CUST_380,Electronics,USB Cable,8.0,3,24.0,Cash,Online,2024-01-20,
TXN_1788957,CUST_473,Stationery,Folder,3.0,9,27.0,Credit Card,Online,2023-05-27,
TXN_6574158,CUST_272,Patisserie,Doughnut,3.5,3,10.5,Credit Card,Online,2024-05-30,False
TXN_9709141,CUST_225,Stationery,Marker,2.5,2,5.0,Digital Wallet,In-Store,2024-09-26,True
TXN_9048516,CUST_341,Patisserie,Pie,12.0,5,60.0,Cash,Online,2022-12-08,False
TXN_1863996,CUST_368,Patisserie,Doughnut,3.5,8,28.0,Credit Card,Online,2024-09-26,False
TXN_3651838,CUST_140,Stationery,Folder,3.0,10,30.0,Cash,In-Store,2024-02-26,
TXN_7094605,CUST_187,Butchers,Chicken,9.0,4,36.0,Mobile Money,Online,2023-05-16,False
TXN_4896937,CUST_280,Beverages,Coffee,2.5,1,2.5,Mobile Money,Online,2023-06-15,True
TXN_9336900,CUST_467,Furniture,Unknown,80.0,7,560.0,Credit Card,Online,2022-12-11,True
TXN_7929913,CUST_294,Electronics,Mouse,18.0,7,126.0,Digital Wallet,In-Store,2024-05-20,False
TXN_4747316,CUST_348,Furniture,Shelf,55.0,9,495.0,Mobile Money,In-Store,2023-09-02,
TXN_7561643,CUST_301,Food,Bread,3.0,4,12.0,Mobile Money,Online,2024-01-27,False
TXN_3670287,CUST_055,Beverages,Juice,4.0,2,8.0,Digital Wallet,Online,2022-02-13,False
TXN_2032302,CUST_488,Electronics,Headphones,22.0,6,132.0,Cash,In-Store,2024-11-02,True
TXN_2069077,CUST_166,Furniture,Chair,35.0,3,105.0,Credit Card,Unknown,2023-05-13,False
TXN_6164808,CUST_134,Patisserie,Muffin,4.5,2,9.0,Digital Wallet,Online,2024-04-12,True
TXN_5539170,CUST_452,Butchers,Sausage,7.5,3,22.5,Cash,In-Store,2022-07-15,
TXN_7813020,CUST_492,Electronics,Keyboard,35.0,5,175.0,Digital Wallet,Online,2024-02-10,False
TXN_5568798,CUST_357,Patisserie,Pie,12.0,7,84.0,Mobile Money,Online,2022-10-10,
TXN_7579850,CUST_496,Stationery,Pen,1.5,8,12.0,Credit Card,In-Store,2023-10-02,False
TXN_3285303,CUST_165,Food,Pasta,4.5,1,4.5,Mobile Money,In-Store,2022-02-24,True
TXN_3118324,CUST_292,Furniture,Chair,35.0,3,105.0,Digital Wallet,Online,2022-01-29,False
TXN_1308293,CUST_230,Furniture,Cabinet,95.0,4,380.0,Mobile Money,In-Store,2022-04-18,False
TXN_4027936,CUST_464,Furniture,Cabinet,95.0,10,950.0,Credit Card,In-Store,2022-12-09,True
TXN_7187803,CUST_195,Food,Pasta,4.5,6,27.0,Cash,In-Store,2024-11-02,True
TXN_1970278,CUST_304,Electronics,USB Cable,8.0,5,40.0,Credit Card,Online,2024-11-28,False
TXN_6985427,CUST_471,Electronics,Charger,25.0,3,75.0,Digital Wallet,In-Store,2024-05-11,False
TXN_7045000,CUST_202,Patisserie,Muffin,4.5,4,18.0,Digital Wallet,Online,2024-11-04,True
TXN_9552987,CUST_391,Stationery,Stapler,6.0,3,18.0,Cash,Online,2023-02-25,False
TXN_8603085,CUST_390,Electronics,Headphones,22.0,1,22.0,Credit Card,In-Store,2022-04-29,False
TXN_9485356,CUST_189,Butchers,Pork,12.0,7,84.0,Digital Wallet,Online,2022-11-08,False
TXN_7443586,CUST_250,Beverages,Water,1.5,4,6.0,Cash,In-Store,2024-07-14,False
TXN_5875217,CUST_054,Patisserie,Cake,18.0,10,180.0,Digital Wallet,In-Store,2024-02-23,False
TXN_7536652,CUST_489,Food,Pasta,4.5,3,13.5,Digital Wallet,In-Store,2024-12-18,False
TXN_8963743,CUST_197,Patisserie,Muffin,4.5,3,13.5,Mobile Money,Online,2023-09-24,False
TXN_5845710,CUST_482,Food,Rice,5.5,2,11.0,Credit Card,In-Store,2023-03-04,True
TXN_2748841,CUST_399,Electronics,Mouse,18.0,4,72.0,Cash,In-Store,2023-10-17,False
TXN_8995515,CUST_414,Beverages,Juice,4.0,5,20.0,Digital Wallet,Online,2023-12-29,
TXN_4075681,CUST_239,Electronics,USB Cable,8.0,4,32.0,Digital Wallet,Online,2022-04-03,True
TXN_3681478,CUST_443,Furniture,Cabinet,95.0,5,475.0,Cash,In-Store,2022-05-23,False
TXN_2480464,CUST_095,Food,Cereal,6.0,8,48.0,Unknown,In-Store,2023-07-28,False
TXN_6510331,CUST_121,Food,Cooking Oil,8.0,5,40.0,Credit Card,In-Store,2022-10-31,False
TXN_9797522,CUST_240,Furniture,Desk,120.0,2,240.0,Credit Card,In-Store,2024-04-25,
TXN_2992825,CUST_147,Butchers,Beef,14.0,3,42.0,Digital Wallet,Online,2023-11-16,False
TXN_7079016,CUST_424,Patisserie,Cake,18.0,2,36.0,Digital Wallet,Online,2023-05-28,False
TXN_7908801,CUST_360,Stationery,Notebook,4.0,2,8.0,Credit Card,In-Store,2023-08-24,
TXN_1721580,CUST_029,Butchers,Lamb,16.0,9,144.0,Cash,Online,2024-11-05,False
TXN_3998277,CUST_191,Food,Pasta,4.5,3,13.5,Mobile Money,In-Store,2022-09-15,False
TXN_2071263,CUST_398,Furniture,Shelf,55.0,7,385.0,Credit Card,Online,2022-04-11,True
TXN_6911993,CUST_203,Butchers,Sausage,7.5,1,7.5,Digital Wallet,In-Store,2022-01-21,False
TXN_1927590,CUST_198,Furniture,Table,80.0,10,800.0,Cash,In-Store,2023-04-20,False
TXN_7268372,CUST_106,Patisserie,Cake,18.0,4,72.0,Mobile Money,In-Store,2023-11-10,
TXN_8450242,CUST_452,Patisserie,Doughnut,3.5,10,35.0,Credit Card,In-Store,2024-02-12,False
TXN_7626924,CUST_330,Butchers,Sausage,7.5,10,75.0,Cash,In-Store,2023-09-09,
TXN_6272764,CUST_261,Patisserie,Pie,12.0,6,72.0,Digital Wallet,Online,2024-10-08,False
TXN_9550319,CUST_139,Electronics,Mouse,18.0,5,90.0,Digital Wallet,Unknown,2024-03-09,
TXN_7355240,CUST_174,Stationery,Unknown,6.0,5,30.0,Cash,In-Store,2024-12-04,True
TXN_6268681,CUST_248,Stationery,Pen,1.5,9,13.5,Credit Card,In-Store,2023-08-21,True
TXN_6461004,CUST_409,Beverages,Soda,2.0,1,2.0,Credit Card,Online,2022-01-25,False
TXN_1389892,CUST_353,Furniture,Cabinet,95.0,2,190.0,Credit Card,Online,2024-06-06,
TXN_8660771,CUST_128,Patisserie,Pie,12.0,3,36.0,Digital Wallet,In-Store,2022-07-26,False
TXN_3714195,CUST_230,Furniture,Desk,120.0,6,720.0,Cash,Online,2024-07-31,
TXN_6916645,CUST_262,Beverages,Water,1.5,5,7.5,Digital Wallet,In-Store,2022-08-22,
TXN_1351079,CUST_081,Butchers,Pork,12.0,5,60.0,Cash,Online,2023-12-04,False
TXN_1855446,CUST_461,Food,Cereal,6.0,9,54.0,Cash,In-Store,2022-11-10,False
TXN_8960123,CUST_168,Furniture,Cabinet,95.0,7,665.0,Digital Wallet,Online,2022-01-06,False
TXN_2443537,CUST_133,Beverages,Soda,2.0,5,10.0,Cash,Online,2024-08-27,
TXN_1561306,CUST_463,Stationery,Pen,1.5,8,12.0,Mobile Money,In-Store,2022-11-18,False
TXN_9888208,CUST_355,Beverages,Coffee,2.5,9,22.5,Mobile Money,In-Store,2022-05-26,False
TXN_9815496,CUST_246,Patisserie,Muffin,4.5,7,31.5,Cash,Online,2024-01-17,True
TXN_9913970,CUST_133,Food,Unknown,4.5,4,18.0,Digital Wallet,In-Store,2024-10-25,True
TXN_4744893,CUST_460,Furniture,Chair,35.0,7,245.0,Cash,In-Store,2023-01-30,
TXN_6354697,CUST_142,Butchers,Lamb,16.0,,112.0,Cash,In-Store,2023-07-31,False
TXN_2517397,CUST_348,Butchers,Pork,12.0,3,36.0,Digital Wallet,Online,2023-03-28,False
TXN_6297340,CUST_078,Furniture,Desk,120.0,6,720.0,Digital Wallet,Online,2023-11-19,False
TXN_2185622,CUST_140,Food,Cooking Oil,8.0,8,64.0,Cash,Online,2022-04-02,False
TXN_6934094,CUST_102,Patisserie,Doughnut,3.5,3,10.5,Digital Wallet,In-Store,2024-01-07,False
TXN_6926777,CUST_341,Beverages,Coffee,2.5,2,5.0,Cash,Online,2022-03-01,
TXN_5973198,CUST_245,Patisserie,Pie,12.0,5,60.0,Digital Wallet,In-Store,2023-07-09,
TXN_3411197,CUST_125,Patisserie,Pie,12.0,8,96.0,Cash,In-Store,2022-03-01,False
TXN_3326797,CUST_320,Food,Cereal,6.0,2,12.0,Mobile Money,In-Store,2023-05-01,
TXN_7168950,CUST_218,Food,Pasta,4.5,8,36.0,Credit Card,Online,2023-05-04,False
TXN_8914726,CUST_105,Food,Pasta,4.5,10,45.0,Cash,In-Store,2022-02-04,False
TXN_7346502,CUST_135,Beverages,Tea,3.5,1,3.5,Credit Card,Online,2023-01-21,
TXN_5250865,CUST_245,Stationery,Stapler,6.0,4,24.0,Digital Wallet,In-Store,2023-04-02,True
TXN_4916518,CUST_058,Food,Bread,3.0,7,21.0,Credit Card,Online,2023-02-09,True
TXN_1387344,CUST_399,Butchers,Pork,12.0,7,84.0,Cash,Online,2023-03-06,False
TXN_2293578,CUST_208,Butchers,Pork,12.0,8,96.0,Mobile Money,In-Store,2024-09-09,False
TXN_6356450,CUST_025,Patisserie,Croissant,5.0,7,35.0,Mobile Money,In-Store,2022-01-18,
TXN_4943811,CUST_045,Stationery,Folder,3.0,6,18.0,Cash,In-Store,2023-11-03,True
TXN_3095383,CUST_228,Butchers,Lamb,16.0,1,16.0,Mobile Money,In-Store,2024-06-16,False
TXN_6439116,CUST_026,Butchers,Pork,12.0,8,96.0,Credit Card,Online,2023-02-26,False
TXN_3487166,CUST_450,Stationery,Notebook,4.0,8,32.0,Credit Card,Online,2022-04-11,False
TXN_5333659,CUST_077,Furniture,Table,80.0,9,720.0,Mobile Money,Online,2024-04-24,False
TXN_2255358,CUST_161,Patisserie,Doughnut,3.5,1,3.5,Mobile Money,In-Store,2022-11-14,
TXN_6202662,CUST_029,Furniture,Chair,35.0,1,35.0,Digital Wallet,In-Store,2023-12-08,True
TXN_7725630,CUST_342,Patisserie,Muffin,4.5,3,13.5,Cash,Online,2024-07-01,
TXN_6696013,CUST_100,Stationery,Notebook,4.0,6,24.0,Cash,Online,2023-07-19,False
TXN_9699149,CUST_335,Butchers,Sausage,7.5,3,22.5,Cash,Online,2022-03-17,True
TXN_2168931,CUST_416,Food,Cooking Oil,8.0,6,48.0,Cash,Online,2023-01-01,False
TXN_9482784,CUST_372,Stationery,Folder,3.0,2,6.0,Digital Wallet,Online,2023-06-28,False
TXN_9912417,CUST_140,Butchers,Sausage,7.5,4,30.0,Mobile Money,Online,2022-09-19,False
TXN_1298783,CUST_271,Furniture,Table,80.0,9,720.0,Mobile Money,In-Store,2024-08-31,
TXN_9355803,CUST_165,Electronics,Mouse,18.0,7,126.0,Cash,Online,2024-12-07,False
TXN_2223981,CUST_031,Butchers,Sausage,7.5,8,60.0,Credit Card,In-Store,2023-08-28,False
TXN_2584081,CUST_224,Furniture,Table,80.0,10,800.0,Credit Card,In-Store,2022-08-29,True
TXN_5188891,CUST_364,Patisserie,Pie,12.0,4,48.0,Credit Card,Online,2024-08-13,True
TXN_1245571,CUST_450,Patisserie,Pie,12.0,4,48.0,Mobile Money,In-Store,2022-03-31,True
TXN_3057017,CUST_082,Food,Cooking Oil,8.0,2,16.0,Digital Wallet,Online,2022-07-23,False
TXN_2875436,CUST_018,Butchers,Beef,14.0,7,98.0,Cash,Online,2022-04-20,True
TXN_4641141,CUST_156,Food,Cereal,6.0,9,54.0,Cash,Online,2023-05-20,
TXN_1671253,CUST_290,Beverages,Soda,2.0,9,18.0,Credit Card,In-Store,2023-08-08,False
TXN_2824849,CUST_263,Beverages,Water,1.5,6,9.0,Cash,In-Store,2023-05-11,False
TXN_1636904,CUST_400,Electronics,Keyboard,35.0,3,105.0,Cash,In-Store,2023-12-03,False
TXN_2590143,CUST_322,Butchers,Pork,12.0,9,108.0,Credit Card,In-Store,2024-09-19,
TXN_2989150,CUST_105,Electronics,Headphones,22.0,6,132.0,Mobile Money,Online,2024-04-03,
TXN_6394824,CUST_088,Butchers,Pork,12.0,4,48.0,Cash,Online,2024-11-05,False
TXN_6869494,CUST_216,Electronics,Headphones,22.0,2,44.0,Cash,Online,2023-04-19,False
TXN_6350434,CUST_237,Butchers,Lamb,16.0,3,48.0,Credit Card,Online,2024-01-10,True
TXN_7137809,CUST_178,Food,Bread,3.0,3,9.0,Credit Card,In-Store,2022-08-23,False
TXN_5564002,CUST_480,Stationery,Stapler,6.0,6,36.0,Mobile Money,Online,2023-02-20,False
TXN_7185620,CUST_270,Patisserie,Muffin,4.5,9,40.5,Mobile Money,In-Store,2023-10-22,
TXN_2613729,CUST_044,Furniture,Shelf,55.0,2,110.0,Mobile Money,Online,2024-08-05,True
TXN_4081091,CUST_390,Electronics,Headphones,22.0,4,88.0,Credit Card,Online,2023-02-14,False
TXN_3476068,CUST_125,Patisserie,Cake,18.0,4,72.0,Credit Card,In-Store,2024-04-23,False
TXN_2811992,CUST_153,Patisserie,Cake,18.0,8,144.0,Cash,Online,2023-01-28,
TXN_5472183,CUST_400,Beverages,Soda,2.0,1,2.0,Digital Wallet,Online,2024-10-23,True
TXN_8906139,CUST_121,Food,Cereal,6.0,6,36.0,Credit Card,In-Store,2024-06-02,False
TXN_3041350,CUST_065,Patisserie,Cake,18.0,4,72.0,Cash,In-Store,2024-11-25,
TXN_6553535,CUST_260,Electronics,Mouse,18.0,2,36.0,Credit Card,In-Store,2024-06-28,
TXN_7574909,CUST_257,Patisserie,Muffin,4.5,10,45.0,Cash,Online,2022-01-09,False
TXN_1623426,CUST_241,Furniture,Desk,120.0,9,1080.0,Cash,In-Store,2024-08-27,False
TXN_9475336,CUST_156,Food,Rice,5.5,2,11.0,Mobile Money,In-Store,2023-08-03,False
TXN_9755817,CUST_440,Food,Pasta,4.5,3,13.5,Unknown,Online,2023-09-11,False
TXN_4621581,CUST_223,Furniture,Shelf,55.0,9,495.0,Mobile Money,Online,2024-04-30,False
TXN_9249058,CUST_468,Butchers,Pork,12.0,4,48.0,Credit Card,Online,2023-05-22,False
TXN_9635725,CUST_143,Electronics,Charger,25.0,2,50.0,Credit Card,Online,2024-08-06,False
TXN_4891151,CUST_451,Food,Bread,3.0,7,21.0,Credit Card,In-Store,2024-06-13,False
TXN_7289249,CUST_267,Patisserie,Muffin,4.5,5,22.5,Credit Card,In-Store,2022-09-03,True
TXN_9257788,CUST_305,Patisserie,Pie,12.0,1,12.0,Cash,In-Store,2022-07-03,True
TXN_4789487,CUST_423,Furniture,Table,80.0,5,400.0,Digital Wallet,In-Store,2023-08-19,False
TXN_9116381,CUST_327,Butchers,Pork,12.0,1,12.0,Cash,In-Store,2023-01-04,False
TXN_8458403,CUST_193,Patisserie,Cake,18.0,6,108.0,Credit Card,In-Store,2024-12-10,
TXN_2561014,CUST_217,Furniture,Shelf,55.0,9,495.0,Mobile Money,Online,2023-08-18,
TXN_7417954,CUST_147,Food,Cereal,6.0,5,30.0,Credit Card,In-Store,2023-08-19,True
TXN_7638784,CUST_316,Stationery,Marker,2.5,10,25.0,Credit Card,Online,2023-12-17,True
TXN_7727897,CUST_107,Beverages,Tea,3.5,5,17.5,Mobile Money,Online,2024-01-01,True
TXN_9156304,CUST_377,Furniture,Chair,35.0,2,70.0,Mobile Money,Online,2024-04-25,True
TXN_2701165,CUST_159,Stationery,Notebook,4.0,7,28.0,Credit Card,Online,2024-08-16,False
TXN_9643165,CUST_389,Patisserie,Pie,12.0,4,48.0,Mobile Money,In-Store,2023-08-07,False
TXN_1509198,CUST_162,Furniture,Shelf,55.0,9,495.0,Mobile Money,Online,2023-07-26,False
TXN_9809609,CUST_327,Food,Cereal,6.0,7,42.0,Credit Card,In-Store,2022-02-18,
TXN_3878596,CUST_334,Butchers,Lamb,16.0,6,96.0,Cash,Online,2022-03-03,False
TXN_3659212,CUST_124,Electronics,USB Cable,8.0,1,8.0,Mobile Money,In-Store,2022-12-24,False
TXN_7733215,CUST_096,Butchers,Lamb,16.0,2,32.0,Digital Wallet,In-Store,2024-11-28,True
TXN_3902587,CUST_474,Electronics,Mouse,18.0,6,108.0,Cash,Online,2023-08-01,True
TXN_1947226,CUST_456,Beverages,Soda,2.0,5,10.0,Mobile Money,In-Store,2024-10-13,False
TXN_6805403,CUST_038,Electronics,Charger,25.0,3,75.0,Digital Wallet,Online,2022-08-24,
TXN_7324152,CUST_324,Butchers,Chicken,9.0,4,36.0,Credit Card,In-Store,2023-06-24,
TXN_2309050,CUST_432,Beverages,Soda,2.0,7,14.0,Digital Wallet,In-Store,2023-09-10,True
TXN_8054378,CUST_154,Food,Cereal,6.0,2,12.0,Digital Wallet,Online,2023-08-29,True
TXN_6232533,CUST_494,Electronics,USB Cable,8.0,9,72.0,Cash,In-Store,2022-07-18,
TXN_6629912,CUST_187,Food,Cooking Oil,8.0,4,32.0,Mobile Money,Online,2022-07-04,False
TXN_8114070,CUST_158,Food,Cereal,6.0,4,24.0,Credit Card,Online,2022-11-10,False
TXN_1769680,CUST_366,Beverages,Tea,3.5,1,3.5,Credit Card,Online,2024-08-24,True
TXN_4855727,CUST_117,Furniture,Desk,120.0,8,960.0,Unknown,Online,2022-05-08,True
TXN_9170528,CUST_176,Patisserie,Muffin,4.5,1,4.5,Mobile Money,In-Store,2023-04-15,False
TXN_7955992,CUST_280,Patisserie,Muffin,4.5,2,9.0,Credit Card,Online,2024-12-13,False
TXN_9761753,CUST_422,Electronics,Mouse,18.0,1,18.0,Credit Card,Online,2022-03-27,False
TXN_8285749,CUST_377,Furniture,Desk,120.0,6,720.0,Mobile Money,Online,2023-07-30,True
TXN_7672604,CUST_053,Beverages,Water,1.5,7,10.5,Cash,In-Store,2022-03-17,False
TXN_9757529,CUST_050,Patisserie,Cake,18.0,6,108.0,Credit Card,In-Store,2023-03-16,
TXN_5330963,CUST_293,Patisserie,Pie,12.0,3,36.0,Mobile Money,In-Store,2022-01-30,False
TXN_7524998,CUST_345,Food,Pasta,4.5,6,27.0,Credit Card,Online,2022-06-25,False
TXN_9752212,CUST_004,Butchers,Sausage,7.5,5,37.5,Cash,Online,2024-06-16,True
TXN_1863663,CUST_293,Beverages,Water,1.5,1,1.5,Digital Wallet,In-Store,2024-09-14,False
TXN_1175748,CUST_283,Furniture,Table,80.0,10,800.0,Cash,Online,2024-08-15,False
TXN_9176113,CUST_304,Patisserie,Doughnut,3.5,,14.0,Credit Card,In-Store,2022-03-08,
TXN_5262511,CUST_376,Food,Cereal,6.0,6,36.0,Digital Wallet,In-Store,2024-04-14,
TXN_2173788,CUST_037,Food,Pasta,4.5,1,4.5,Digital Wallet,In-Store,2024-03-02,
TXN_6615827,CUST_309,Butchers,Pork,12.0,3,36.0,Mobile Money,Online,2023-08-31,
TXN_9745386,CUST_275,Electronics,Headphones,22.0,10,220.0,Mobile Money,Online,2024-07-30,False
TXN_4695451,CUST_061,Furniture,Desk,120.0,6,720.0,Credit Card,Online,2023-01-25,False
TXN_9191528,CUST_338,Stationery,Notebook,4.0,3,12.0,Credit Card,In-Store,2024-09-26,False
TXN_7856408,CUST_054,Food,Pasta,4.5,2,9.0,Mobile Money,Online,2024-06-25,True
TXN_3844140,CUST_370,Patisserie,Doughnut,3.5,5,17.5,Digital Wallet,Online,2022-11-13,False
TXN_8310982,CUST_144,Food,Cooking Oil,8.0,8,64.0,Digital Wallet,Unknown,2023-10-08,False
TXN_9612928,CUST_218,Patisserie,Doughnut,3.5,4,14.0,Digital Wallet,In-Store,2024-03-27,False
TXN_5347239,CUST_082,Food,Pasta,4.5,5,22.5,Credit Card,In-Store,2022-09-14,False
TXN_9333226,CUST_400,Food,Pasta,4.5,1,4.5,Mobile Money,Online,2024-01-08,True
TXN_2149089,CUST_480,Butchers,Sausage,7.5,3,22.5,Cash,In-Store,2023-05-05,False
TXN_6672540,CUST_309,Patisserie,Cake,18.0,1,18.0,Mobile Money,In-Store,2024-11-16,
TXN_6593813,CUST_364,Furniture,Table,80.0,5,400.0,Digital Wallet,Online,2023-06-09,False
TXN_2594362,CUST_055,Electronics,Charger,25.0,8,200.0,Digital Wallet,Online,2023-07-28,
TXN_9531814,CUST_238,Furniture,Shelf,55.0,7,385.0,Cash,In-Store,2024-07-01,
TXN_4599696,CUST_159,Food,Rice,5.5,5,27.5,Digital Wallet,In-Store,2024-02-05,True
TXN_3067681,CUST_400,Food,Cereal,6.0,10,60.0,Mobile Money,Online,2022-01-15,False
TXN_4578478,CUST_183,Stationery,Stapler,6.0,8,48.0,Digital Wallet,Unknown,2022-03-13,False
TXN_5840351,CUST_288,Patisserie,Cake,18.0,10,180.0,Credit Card,Online,2023-10-19,False
TXN_6221716,CUST_492,Electronics,Charger,25.0,4,100.0,Mobile Money,In-Store,2022-12-26,False
TXN_5764220,CUST_356,Furniture,Desk,120.0,10,1200.0,Credit Card,In-Store,2023-08-14,False
TXN_6462202,CUST_201,Patisserie,Pie,12.0,1,12.0,Digital Wallet,Online,2023-05-12,False
TXN_5078452,CUST_151,Patisserie,Doughnut,3.5,3,10.5,Credit Card,Online,2024-03-08,False
TXN_6688904,CUST_160,Stationery,Notebook,4.0,9,36.0,Mobile Money,In-Store,2022-10-31,
TXN_8412609,CUST_336,Furniture,Chair,35.0,10,350.0,Digital Wallet,Online,2023-08-25,False
TXN_8884935,CUST_489,Food,Cereal,6.0,10,60.0,Cash,In-Store,2024-05-01,True
TXN_2654714,CUST_423,Food,Rice,5.5,9,49.5,Mobile Money,In-Store,2023-03-15,False
TXN_2048939,CUST_119,Electronics,Keyboard,35.0,6,210.0,Credit Card,Online,2023-06-06,False
TXN_3538309,CUST_261,Stationery,Folder,3.0,10,30.0,Digital Wallet,In-Store,2022-01-08,
TXN_8022336,CUST_224,Butchers,Beef,14.0,7,98.0,Cash,Online,2022-08-03,False
TXN_2405326,CUST_191,Electronics,Keyboard,35.0,,280.0,Digital Wallet,Online,2022-02-28,False
TXN_2876342,CUST_077,Stationery,Pen,1.5,10,15.0,Digital Wallet,Online,2024-05-03,False
TXN_1848057,CUST_381,Food,Rice,5.5,10,55.0,Cash,In-Store,2022-10-15,False
TXN_1570352,CUST_193,Butchers,Chicken,9.0,6,54.0,Credit Card,Online,2024-08-09,
TXN_7695233,CUST_006,Beverages,Tea,3.5,10,35.0,Credit Card,In-Store,2023-11-12,False
TXN_4101454,CUST_339,Furniture,Chair,35.0,1,35.0,Mobile Money,Online,2023-11-05,False
TXN_4130826,CUST_263,Beverages,Coffee,2.5,8,20.0,Credit Card,Online,2023-12-09,
TXN_1855695,CUST_421,Butchers,Pork,12.0,1,12.0,Digital Wallet,Online,2022-02-16,
